customer_id,customer_first_name,customer_last_name,city,state,subscription_start_date,subscription_end_date,status
STRM-100001,Judy,Lewis,Los Angeles,CA,5/21/2022,,active
STRM-100002,Emily,Clark,Oakland,CA,10/7/2022,,active
STRM-100003,Nathan,Rodriguez,Los Angeles,CA,2/17/2022,,active
STRM-100004,Andrea,Miller,Atlanta,GA,4/12/2022,,active
STRM-100005,Gloria,Butler,Indianapolis,IN,8/18/2022,,active
STRM-100006,Mary,Green,Minneapolis,MN,8/5/2022,,active
STRM-100007,Michelle,Parker,New Orleans,LA,6/22/2022,,active
STRM-100008,Maria,Harris,El Paso,TX,6/26/2022,,active
STRM-100009,Barbara,Alexander,Mesa,AZ,3/5/2022,4/11/2023,in-active
STRM-100010,Christopher,Ramos,Miami,FL,11/13/2022,12/3/2023,in-active
STRM-100011,Sara,Roberts,Tulsa,OK,2/5/2022,,active
STRM-100012,Ryan,Howard,Philadelphia,PA,4/30/2022,6/8/2023,in-active
STRM-100013,Anna,Patterson,Miami,FL,7/6/2022,,active
STRM-100014,Patrick,Turner,Virginia Beach,VA,5/17/2022,,active
STRM-100015,Juan,Jackson,Omaha,NE,11/22/2022,,active
STRM-100016,Gary,Adams,Milwaukee,WI,7/14/2022,,active
STRM-100017,Judy,Cruz,Oakland,CA,6/16/2022,8/27/2022,in-active
STRM-100018,Ryan,Rodriguez,Bakersfield,CA,6/11/2022,,active
STRM-100019,Thomas,Diaz,Kansas City,MO,6/11/2022,,active
STRM-100020,Cheryl,Jenkins,Long Beach,CA,8/23/2022,,active
STRM-100021,Emily,Murphy,Arlington,TX,10/15/2022,,active
STRM-100022,Janice,Barnes,Colorado Springs,CO,7/24/2022,,active
STRM-100023,Emily,Hayes,Philadelphia,PA,1/25/2022,7/15/2022,in-active
STRM-100024,Joe,Green,Cleveland,OH,12/15/2022,,active
STRM-100025,Thomas,Foster,Portland,OR,11/2/2022,5/11/2024,in-active
STRM-100026,Nicholas,Williams,Oakland,CA,2/28/2022,,active
STRM-100027,Frances,Morgan,Wichita,KS,11/25/2022,,active
STRM-100028,Pamela,Fisher,Austin,TX,8/21/2022,,active
STRM-100029,Angela,Rivera,Fresno,CA,2/24/2022,1/10/2023,in-active
STRM-100030,Judy,Gomez,San Jose,CA,7/11/2022,1/29/2024,in-active
STRM-100031,Jacqueline,Smith,Omaha,NE,6/15/2022,,active
STRM-100032,Donald,Castillo,Bakersfield,CA,6/7/2022,,active
STRM-100033,Kathleen,Lee,Philadelphia,PA,9/6/2022,3/19/2024,in-active
STRM-100034,Paul,Allen,Virginia Beach,VA,9/1/2022,3/4/2023,in-active
STRM-100035,Angela,Henderson,Columbus,OH,10/4/2022,9/24/2024,in-active
STRM-100036,Stephanie,Richardson,Las Vegas,NV,12/10/2022,,active
STRM-100037,Douglas,Jordan,San Diego,CA,5/7/2022,,active
STRM-100038,Alexander,Garcia,Colorado Springs,CO,10/11/2022,,active
STRM-100039,Jeffrey,Johnson,Phoenix,AZ,12/29/2022,,active
STRM-100040,Ryan,Moore,Chicago,IL,6/19/2022,,active
STRM-100041,Jacob,Bailey,Virginia Beach,VA,9/6/2022,,active
STRM-100042,Kimberly,Griffin,Charlotte,NC,8/31/2022,3/28/2023,in-active
STRM-100043,Matthew,Harris,Virginia Beach,VA,8/9/2022,,active
STRM-100044,Julie,Graham,Tampa,FL,1/28/2022,,active
STRM-100045,Grace,Sanchez,Houston,TX,7/26/2022,11/29/2022,in-active
STRM-100046,Amy,Roberts,Fort Worth,TX,10/2/2022,,active
STRM-100047,Nathan,Campbell,Seattle,WA,8/25/2022,,active
STRM-100048,Karen,Simmons,Bakersfield,CA,10/9/2022,,active
STRM-100049,Logan,Brown,Philadelphia,PA,5/2/2022,,active
STRM-100050,Noah,Moreno,Columbus,OH,7/25/2022,1/24/2023,in-active
STRM-100051,Maria,Smith,Portland,OR,5/16/2022,9/8/2023,in-active
STRM-100052,Brenda,Henderson,Minneapolis,MN,10/12/2022,,active
STRM-100053,Noah,Flores,Fort Worth,TX,6/1/2022,,active
STRM-100054,Joseph,Thomas,Arlington,TX,6/10/2022,,active
STRM-100055,Janice,Wallace,Fresno,CA,9/29/2022,,active
STRM-100056,Keith,Lee,Jacksonville,FL,2/5/2022,,active
STRM-100057,Alan,Stewart,Las Vegas,NV,3/3/2022,10/22/2023,in-active
STRM-100058,Amy,Hernandez,Raleigh,NC,2/11/2022,,active
STRM-100059,Janice,Watson,San Francisco,CA,4/15/2022,,active
STRM-100060,Benjamin,Morris,San Francisco,CA,7/22/2022,,active
STRM-100061,Grace,Kim,Milwaukee,WI,6/11/2022,9/8/2022,in-active
STRM-100062,John,Alexander,Raleigh,NC,10/16/2022,1/14/2023,in-active
STRM-100063,Frances,Diaz,Fresno,CA,5/16/2022,,active
STRM-100064,Catherine,Moore,Charlotte,NC,7/9/2022,,active
STRM-100065,Douglas,Cox,Raleigh,NC,12/1/2022,,active
STRM-100066,Willie,Kim,Virginia Beach,VA,2/23/2022,7/25/2022,in-active
STRM-100067,Angela,Robinson,San Antonio,TX,10/11/2022,,active
STRM-100068,Larry,Turner,Tulsa,OK,6/25/2022,,active
STRM-100069,Bruce,Ortiz,Fresno,CA,9/8/2022,,active
STRM-100070,Susan,White,Miami,FL,8/5/2022,10/4/2022,in-active
STRM-100071,James,Bennett,Wichita,KS,3/8/2022,,active
STRM-100072,Angela,Adams,Arlington,TX,8/15/2022,,active
STRM-100073,Victoria,Williams,San Diego,CA,2/8/2022,1/31/2024,in-active
STRM-100074,Kenneth,Martinez,Boston,MA,10/26/2022,,active
STRM-100075,Henry,Allen,Chicago,IL,6/7/2022,,active
STRM-100076,David,Alvarez,Columbus,OH,12/16/2022,,active
STRM-100077,Anthony,Price,Wichita,KS,10/14/2022,12/19/2023,in-active
STRM-100078,Billy,Flores,Charlotte,NC,3/25/2022,10/7/2022,in-active
STRM-100079,Julie,Miller,Jacksonville,FL,6/20/2022,8/30/2023,in-active
STRM-100080,Doris,Murphy,Seattle,WA,3/23/2022,7/26/2022,in-active
STRM-100081,Maria,Martinez,Albuquerque,NM,4/24/2022,,active
STRM-100082,Lauren,Hughes,Washington,DC,4/27/2022,,active
STRM-100083,Albert,Roberts,Las Vegas,NV,6/18/2022,,active
STRM-100084,Sarah,Bailey,El Paso,TX,11/25/2022,,active
STRM-100085,Marilyn,James,Los Angeles,CA,3/1/2022,12/8/2022,in-active
STRM-100086,Dorothy,Ortiz,Chicago,IL,2/25/2022,,active
STRM-100087,Frank,Watson,Detroit,MI,11/7/2022,3/20/2023,in-active
STRM-100088,Jerry,Carter,San Francisco,CA,1/23/2022,,active
STRM-100089,James,Gomez,Boston,MA,8/9/2022,,active
STRM-100090,Willie,James,Raleigh,NC,6/10/2022,,active
STRM-100091,Ashley,Kim,Fresno,CA,6/8/2022,,active
STRM-100092,Christine,Russell,Minneapolis,MN,6/1/2022,,active
STRM-100093,Deborah,Butler,Virginia Beach,VA,7/14/2022,,active
STRM-100094,Brian,Cox,Las Vegas,NV,10/8/2022,8/30/2023,in-active
STRM-100095,Brenda,Turner,Detroit,MI,10/24/2022,,active
STRM-100096,Samuel,Graham,Baltimore,MD,8/15/2022,,active
STRM-100097,Keith,Griffin,Cleveland,OH,3/28/2022,,active
STRM-100098,Larry,Bennett,Philadelphia,PA,5/1/2022,,active
STRM-100099,Laura,Gomez,San Jose,CA,1/13/2022,,active
STRM-100100,Evelyn,Jackson,Milwaukee,WI,8/1/2022,3/27/2024,in-active
STRM-100101,Deborah,Foster,Tucson,AZ,7/24/2022,,active
STRM-100102,Denise,Johnson,New Orleans,LA,2/24/2022,10/21/2022,in-active
STRM-100103,Dorothy,Hamilton,Houston,TX,10/13/2022,,active
STRM-100104,Ashley,Patterson,Dallas,TX,8/26/2022,,active
STRM-100105,Teresa,Brooks,New Orleans,LA,8/15/2022,,active
STRM-100106,Andrea,Barnes,Atlanta,GA,8/17/2022,12/31/2023,in-active
STRM-100107,Christina,Gutierrez,New Orleans,LA,5/7/2022,3/1/2023,in-active
STRM-100108,Martha,West,Miami,FL,5/3/2022,,active
STRM-100109,Karen,Kelly,Charlotte,NC,5/20/2022,,active
STRM-100110,Harold,Lee,Dallas,TX,3/19/2022,,active
STRM-100111,Michelle,Diaz,Phoenix,AZ,8/1/2022,,active
STRM-100112,Harold,Graham,Memphis,TN,2/1/2022,,active
STRM-100113,Joyce,Jimenez,Wichita,KS,10/27/2022,12/1/2022,in-active
STRM-100114,Sara,Ross,Albuquerque,NM,1/4/2022,11/20/2022,in-active
STRM-100115,Heather,Butler,Mesa,AZ,10/7/2022,6/4/2023,in-active
STRM-100116,Noah,Cruz,Seattle,WA,8/12/2022,,active
STRM-100117,Heather,Gray,Virginia Beach,VA,12/14/2022,6/16/2023,in-active
STRM-100118,Joan,Allen,Raleigh,NC,10/1/2022,,active
STRM-100119,Tyler,Miller,Philadelphia,PA,11/26/2022,,active
STRM-100120,Kyle,Campbell,Houston,TX,5/14/2022,,active
STRM-100121,Jason,Patterson,Nashville,TN,6/22/2022,7/30/2023,in-active
STRM-100122,Anna,Butler,San Francisco,CA,2/11/2022,,active
STRM-100123,Harold,Wilson,El Paso,TX,4/25/2022,,active
STRM-100124,Logan,Hernandez,New Orleans,LA,1/16/2022,8/23/2022,in-active
STRM-100125,Jennifer,Flores,Charlotte,NC,3/6/2022,,active
STRM-100126,Sandra,Parker,Milwaukee,WI,12/25/2022,,active
STRM-100127,Jack,Nelson,Omaha,NE,11/7/2022,3/19/2023,in-active
STRM-100128,Carol,Richardson,San Antonio,TX,10/24/2022,,active
STRM-100129,Samantha,Long,Las Vegas,NV,4/12/2022,,active
STRM-100130,Joe,Morales,San Antonio,TX,12/23/2022,12/7/2024,in-active
STRM-100131,Alice,Walker,Cleveland,OH,10/17/2022,10/22/2023,in-active
STRM-100132,Gerald,Barnes,Virginia Beach,VA,7/9/2022,,active
STRM-100133,Grace,Mendoza,New York,NY,8/4/2022,12/5/2022,in-active
STRM-100134,Henry,Castillo,Miami,FL,8/24/2022,,active
STRM-100135,Olivia,Rivera,Tampa,FL,9/25/2022,7/13/2023,in-active
STRM-100136,Doris,Moreno,Milwaukee,WI,8/12/2022,4/24/2024,in-active
STRM-100137,Jonathan,Chavez,Charlotte,NC,2/14/2022,,active
STRM-100138,Christina,Morales,New Orleans,LA,8/26/2022,,active
STRM-100139,Doris,Ross,Oklahoma City,OK,1/15/2022,,active
STRM-100140,Christine,Campbell,Tucson,AZ,4/19/2022,,active
STRM-100141,Eric,Mendoza,Seattle,WA,11/2/2022,,active
STRM-100142,Stephen,Williams,Sacramento,CA,4/8/2022,,active
STRM-100143,Jose,Cole,Atlanta,GA,5/4/2022,,active
STRM-100144,Grace,Cole,Baltimore,MD,1/9/2022,,active
STRM-100145,Jeffrey,Russell,Minneapolis,MN,5/5/2022,,active
STRM-100146,Lawrence,Patel,Albuquerque,NM,10/11/2022,,active
STRM-100147,Nathan,James,El Paso,TX,12/26/2022,,active
STRM-100148,Brandon,Cook,Indianapolis,IN,3/3/2022,2/4/2023,in-active
STRM-100149,Mark,Mitchell,Fort Worth,TX,4/21/2022,2/13/2023,in-active
STRM-100150,Dylan,Reed,San Antonio,TX,4/10/2022,,active
STRM-100151,Raymond,Rivera,Washington,DC,1/8/2022,,active
STRM-100152,Paul,Peterson,Chicago,IL,1/28/2022,,active
STRM-100153,Paul,Cole,San Antonio,TX,1/7/2022,,active
STRM-100154,Ethan,Wallace,Baltimore,MD,6/24/2022,,active
STRM-100155,Susan,Cook,Albuquerque,NM,2/28/2022,4/29/2023,in-active
STRM-100156,Megan,Jackson,Kansas City,MO,11/19/2022,,active
STRM-100157,Kenneth,Hill,Bakersfield,CA,10/16/2022,1/26/2023,in-active
STRM-100158,Amy,Walker,Atlanta,GA,8/2/2022,,active
STRM-100159,Billy,Edwards,Wichita,KS,9/25/2022,,active
STRM-100160,Kelly,Kim,Colorado Springs,CO,8/8/2022,,active
STRM-100161,Billy,Thomas,Raleigh,NC,2/20/2022,10/5/2022,in-active
STRM-100162,Joe,Diaz,San Francisco,CA,12/5/2022,,active
STRM-100163,Kathleen,Hall,Atlanta,GA,2/8/2022,,active
STRM-100164,Jose,Jordan,Minneapolis,MN,11/1/2022,,active
STRM-100165,William,Reyes,Denver,CO,12/28/2022,,active
STRM-100166,Peter,Jackson,Oakland,CA,4/30/2022,2/14/2024,in-active
STRM-100167,Dylan,Gomez,Detroit,MI,2/28/2022,,active
STRM-100168,Grace,Hill,Seattle,WA,3/14/2022,,active
STRM-100169,Kevin,Ward,Omaha,NE,10/19/2022,1/26/2024,in-active
STRM-100170,Ashley,Graham,Minneapolis,MN,6/5/2022,,active
STRM-100171,Helen,Hayes,Baltimore,MD,2/11/2022,,active
STRM-100172,Henry,Chavez,Omaha,NE,5/9/2022,,active
STRM-100173,Ryan,Garcia,New Orleans,LA,12/11/2022,8/7/2024,in-active
STRM-100174,David,Hall,Albuquerque,NM,9/23/2022,,active
STRM-100175,Anna,Campbell,Colorado Springs,CO,8/12/2022,,active
STRM-100176,Megan,White,Albuquerque,NM,6/28/2022,,active
STRM-100177,Samuel,Clark,Austin,TX,6/18/2022,,active
STRM-100178,Jeremy,Kelly,Virginia Beach,VA,7/25/2022,2/23/2024,in-active
STRM-100179,Elizabeth,Patterson,Philadelphia,PA,6/11/2022,,active
STRM-100180,Sandra,Russell,Fresno,CA,1/1/2022,,active
STRM-100181,Harold,Hamilton,Memphis,TN,1/28/2022,,active
STRM-100182,Raymond,Bryant,Miami,FL,8/15/2022,3/26/2023,in-active
STRM-100183,Jonathan,King,Denver,CO,8/13/2022,1/6/2024,in-active
STRM-100184,Ashley,Davis,Miami,FL,11/8/2022,5/4/2023,in-active
STRM-100185,Samantha,Brown,Atlanta,GA,7/28/2022,,active
STRM-100186,Sandra,Hamilton,San Diego,CA,11/28/2022,5/6/2024,in-active
STRM-100187,Justin,Cooper,Memphis,TN,9/5/2022,5/27/2023,in-active
STRM-100188,Peter,Nguyen,Portland,OR,4/8/2022,9/25/2023,in-active
STRM-100189,Steven,Moore,Seattle,WA,8/1/2022,,active
STRM-100190,Andrea,Morgan,New York,NY,5/25/2022,1/31/2024,in-active
STRM-100191,Lawrence,Cole,San Jose,CA,8/17/2022,,active
STRM-100192,Frank,Bennett,Atlanta,GA,10/6/2022,,active
STRM-100193,Samuel,Carter,Minneapolis,MN,5/3/2022,,active
STRM-100194,Cynthia,Bell,Chicago,IL,6/12/2022,7/22/2023,in-active
STRM-100195,Jerry,Hill,Tucson,AZ,1/19/2022,,active
STRM-100196,Jean,James,San Antonio,TX,8/14/2022,,active
STRM-100197,Peter,Brown,Tampa,FL,3/15/2022,,active
STRM-100198,Denise,Flores,Phoenix,AZ,8/29/2022,6/11/2023,in-active
STRM-100199,Alexander,Jenkins,Long Beach,CA,2/11/2022,1/17/2024,in-active
STRM-100200,Gerald,Ross,Nashville,TN,11/17/2022,,active
STRM-100201,Noah,Martinez,Raleigh,NC,2/5/2022,,active
STRM-100202,Danielle,Kelly,Indianapolis,IN,2/16/2022,,active
STRM-100203,Betty,Sanchez,Baltimore,MD,3/27/2022,,active
STRM-100204,Linda,Lopez,Nashville,TN,1/29/2022,,active
STRM-100205,Ruth,Gonzales,San Jose,CA,5/6/2022,,active
STRM-100206,Carl,Campbell,Austin,TX,3/31/2022,,active
STRM-100207,Maria,Morris,Tucson,AZ,10/26/2022,,active
STRM-100208,Kyle,Rogers,Milwaukee,WI,5/11/2022,,active
STRM-100209,Joan,Kelly,Oakland,CA,10/7/2022,,active
STRM-100210,Kelly,Ruiz,Colorado Springs,CO,6/3/2022,,active
STRM-100211,Nathan,Cook,Milwaukee,WI,6/4/2022,,active
STRM-100212,Jerry,Moreno,San Antonio,TX,5/2/2022,,active
STRM-100213,Carolyn,Ramos,Minneapolis,MN,6/1/2022,,active
STRM-100214,Albert,Jenkins,Seattle,WA,1/5/2022,,active
STRM-100215,Danielle,Gonzalez,Omaha,NE,9/12/2022,7/17/2023,in-active
STRM-100216,Ryan,Price,Indianapolis,IN,11/22/2022,,active
STRM-100217,Nicholas,Scott,Miami,FL,2/19/2022,12/27/2023,in-active
STRM-100218,David,Richardson,Cleveland,OH,8/14/2022,,active
STRM-100219,Janet,King,Philadelphia,PA,6/1/2022,,active
STRM-100220,Adam,Hall,Fort Worth,TX,3/9/2022,4/2/2023,in-active
STRM-100221,Jacqueline,Cooper,Austin,TX,5/12/2022,10/2/2023,in-active
STRM-100222,Pamela,Gray,Bakersfield,CA,2/28/2022,,active
STRM-100223,Karen,Torres,New Orleans,LA,4/26/2022,3/31/2024,in-active
STRM-100224,Diane,Sanders,Philadelphia,PA,7/22/2022,,active
STRM-100225,Frances,Young,Milwaukee,WI,7/8/2022,,active
STRM-100226,Alan,Ortiz,Colorado Springs,CO,7/15/2022,8/14/2023,in-active
STRM-100227,Margaret,Reyes,Albuquerque,NM,1/13/2022,,active
STRM-100228,Teresa,Wood,Raleigh,NC,4/24/2022,,active
STRM-100229,Bruce,Hamilton,Minneapolis,MN,6/4/2022,,active
STRM-100230,Sandra,Scott,Chicago,IL,1/20/2022,,active
STRM-100231,Jeremy,Robinson,San Antonio,TX,5/1/2022,10/1/2022,in-active
STRM-100232,Heather,Patterson,Boston,MA,12/10/2022,12/7/2024,in-active
STRM-100233,Harold,Butler,Colorado Springs,CO,3/21/2022,2/4/2024,in-active
STRM-100234,Betty,Cole,Raleigh,NC,7/28/2022,5/25/2023,in-active
STRM-100235,William,Patel,Columbus,OH,8/16/2022,,active
STRM-100236,Jacob,Castillo,San Antonio,TX,12/18/2022,,active
STRM-100237,Grace,Alvarez,Houston,TX,7/23/2022,,active
STRM-100238,Ashley,Patterson,Philadelphia,PA,12/6/2022,,active
STRM-100239,Judy,Garcia,Houston,TX,6/20/2022,,active
STRM-100240,Paul,Evans,Phoenix,AZ,10/11/2022,,active
STRM-100241,Sharon,Reyes,Oklahoma City,OK,3/17/2022,12/2/2023,in-active
STRM-100242,James,Peterson,San Jose,CA,3/8/2022,,active
STRM-100243,Brian,Lewis,Virginia Beach,VA,1/14/2022,,active
STRM-100244,Carolyn,Stewart,Colorado Springs,CO,6/15/2022,,active
STRM-100245,Angela,Wilson,Dallas,TX,8/4/2022,,active
STRM-100246,Thomas,Griffin,Baltimore,MD,7/5/2022,,active
STRM-100247,Margaret,Jordan,Fresno,CA,4/24/2022,6/22/2022,in-active
STRM-100248,Albert,Cox,Milwaukee,WI,11/26/2022,2/11/2023,in-active
STRM-100249,Walter,Perry,Detroit,MI,12/18/2022,,active
STRM-100250,Kelly,Jackson,Philadelphia,PA,6/14/2022,,active
STRM-100251,Thomas,Allen,Seattle,WA,11/16/2022,,active
STRM-100252,Sean,Wood,Portland,OR,11/2/2022,,active
STRM-100253,Peter,Gonzales,San Antonio,TX,12/26/2022,,active
STRM-100254,Denise,Parker,Detroit,MI,8/20/2022,11/1/2023,in-active
STRM-100255,Alexander,Patterson,Las Vegas,NV,8/1/2022,7/2/2023,in-active
STRM-100256,Victoria,Watson,Virginia Beach,VA,5/11/2022,,active
STRM-100257,Michelle,Griffin,Phoenix,AZ,2/16/2022,6/6/2022,in-active
STRM-100258,Henry,Harris,Arlington,TX,7/10/2022,2/14/2024,in-active
STRM-100259,Jessica,James,Virginia Beach,VA,3/4/2022,,active
STRM-100260,Willie,Henderson,Tampa,FL,1/27/2022,10/18/2023,in-active
STRM-100261,Samantha,Price,San Antonio,TX,10/23/2022,,active
STRM-100262,Michelle,Moreno,Indianapolis,IN,2/25/2022,,active
STRM-100263,Austin,Patel,San Diego,CA,5/23/2022,,active
STRM-100264,Victoria,Miller,Omaha,NE,12/3/2022,9/17/2023,in-active
STRM-100265,Linda,Campbell,Seattle,WA,12/26/2022,12/23/2023,in-active
STRM-100266,Catherine,Johnson,Jacksonville,FL,3/15/2022,,active
STRM-100267,Aaron,Moore,San Jose,CA,11/21/2022,3/9/2023,in-active
STRM-100268,Jacqueline,Parker,Portland,OR,8/3/2022,,active
STRM-100269,Joshua,Patel,Washington,DC,6/16/2022,2/2/2024,in-active
STRM-100270,Jesse,Perez,Houston,TX,3/21/2022,,active
STRM-100271,Billy,Gonzalez,Oakland,CA,2/11/2022,,active
STRM-100272,Amber,Henderson,Tucson,AZ,11/7/2022,,active
STRM-100273,Helen,Parker,New Orleans,LA,9/20/2022,,active
STRM-100274,Henry,Lewis,Denver,CO,12/14/2022,,active
STRM-100275,Noah,Ward,Chicago,IL,4/23/2022,,active
STRM-100276,Alice,Anderson,New York,NY,4/15/2022,,active
STRM-100277,Jason,Scott,New Orleans,LA,5/11/2022,,active
STRM-100278,Mark,Johnson,Tucson,AZ,8/9/2022,,active
STRM-100279,Maria,Collins,Fresno,CA,10/14/2022,10/26/2023,in-active
STRM-100280,Charles,Jenkins,Arlington,TX,1/22/2022,,active
STRM-100281,Lauren,Martin,Nashville,TN,10/22/2022,,active
STRM-100282,Virginia,Coleman,Denver,CO,2/28/2022,,active
STRM-100283,Christine,Baker,Bakersfield,CA,11/13/2022,,active
STRM-100284,Raymond,Thompson,Detroit,MI,2/24/2022,,active
STRM-100285,Dylan,Perry,Sacramento,CA,2/10/2022,,active
STRM-100286,Samantha,Gray,Indianapolis,IN,6/20/2022,9/21/2022,in-active
STRM-100287,Keith,Robinson,Sacramento,CA,9/19/2022,,active
STRM-100288,Catherine,Hughes,Tampa,FL,11/27/2022,8/10/2023,in-active
STRM-100289,Anthony,Nguyen,San Francisco,CA,4/12/2022,,active
STRM-100290,Michelle,Martin,Jacksonville,FL,11/18/2022,,active
STRM-100291,Carl,Romero,Oakland,CA,10/17/2022,,active
STRM-100292,Abigail,Chavez,Miami,FL,6/11/2022,,active
STRM-100293,Sarah,Reynolds,Baltimore,MD,11/20/2022,,active
STRM-100294,Stephen,Anderson,El Paso,TX,9/17/2022,,active
STRM-100295,Kyle,Jordan,Chicago,IL,1/30/2022,,active
STRM-100296,Brenda,Martin,Long Beach,CA,2/16/2022,,active
STRM-100297,Andrea,Foster,Milwaukee,WI,10/25/2022,,active
STRM-100298,David,Jordan,Bakersfield,CA,10/20/2022,,active
STRM-100299,Samuel,Griffin,Fresno,CA,3/19/2022,7/8/2023,in-active
STRM-100300,Anthony,Mendoza,Tulsa,OK,2/13/2022,,active
STRM-100301,Brian,Hernandez,Charlotte,NC,12/29/2022,,active
STRM-100302,Douglas,Green,Boston,MA,7/10/2022,8/25/2023,in-active
STRM-100303,Jose,Gray,Oakland,CA,11/3/2022,,active
STRM-100304,Julia,Bennett,Phoenix,AZ,6/18/2022,,active
STRM-100305,Marilyn,Foster,Denver,CO,5/10/2022,3/27/2024,in-active
STRM-100306,Jordan,Hill,Oklahoma City,OK,2/11/2022,,active
STRM-100307,Andrew,Hughes,Washington,DC,12/2/2022,,active
STRM-100308,Tyler,King,Omaha,NE,12/29/2022,11/26/2023,in-active
STRM-100309,Teresa,Long,Long Beach,CA,6/18/2022,5/19/2024,in-active
STRM-100310,Danielle,White,Long Beach,CA,12/10/2022,,active
STRM-100311,Raymond,Jones,Boston,MA,6/8/2022,,active
STRM-100312,Jason,Mendoza,Wichita,KS,9/6/2022,,active
STRM-100313,Emily,Flores,Phoenix,AZ,6/1/2022,9/27/2022,in-active
STRM-100314,Andrea,Martinez,Virginia Beach,VA,6/22/2022,3/30/2024,in-active
STRM-100315,Kimberly,Long,San Jose,CA,3/25/2022,,active
STRM-100316,Abigail,Nelson,Tampa,FL,8/13/2022,,active
STRM-100317,Janet,Stewart,Baltimore,MD,11/9/2022,,active
STRM-100318,Zachary,Reyes,Mesa,AZ,5/3/2022,,active
STRM-100319,Ethan,Roberts,Boston,MA,12/14/2022,3/24/2024,in-active
STRM-100320,Kyle,Reed,Wichita,KS,7/15/2022,,active
STRM-100321,Joyce,Adams,Fort Worth,TX,11/6/2022,,active
STRM-100322,Nicholas,Wilson,Long Beach,CA,9/4/2022,4/8/2024,in-active
STRM-100323,Anthony,Young,Denver,CO,2/12/2022,12/3/2022,in-active
STRM-100324,Christina,Nguyen,Detroit,MI,2/16/2022,10/16/2022,in-active
STRM-100325,Christina,Hughes,Los Angeles,CA,8/1/2022,,active
STRM-100326,Christian,Myers,Charlotte,NC,7/17/2022,8/19/2023,in-active
STRM-100327,Laura,Davis,Nashville,TN,2/20/2022,1/1/2024,in-active
STRM-100328,Debra,Nguyen,Dallas,TX,1/20/2022,,active
STRM-100329,Ethan,Scott,New Orleans,LA,12/28/2022,,active
STRM-100330,Doris,Johnson,Philadelphia,PA,1/10/2022,,active
STRM-100331,Kenneth,Henderson,San Diego,CA,5/28/2022,,active
STRM-100332,Ashley,Gonzalez,Charlotte,NC,8/3/2022,,active
STRM-100333,Abigail,Alexander,Phoenix,AZ,2/26/2022,8/6/2023,in-active
STRM-100334,Jesse,Jones,Miami,FL,9/21/2022,,active
STRM-100335,Andrew,Howard,Detroit,MI,1/1/2022,,active
STRM-100336,Kathleen,Coleman,Jacksonville,FL,12/7/2022,,active
STRM-100337,Terry,Castillo,Phoenix,AZ,9/27/2022,,active
STRM-100338,Andrea,Garcia,Portland,OR,8/29/2022,,active
STRM-100339,Heather,Myers,San Francisco,CA,1/9/2022,,active
STRM-100340,Sarah,Ruiz,Charlotte,NC,12/3/2022,,active
STRM-100341,Lawrence,Bennett,Dallas,TX,1/23/2022,,active
STRM-100342,Alexander,Hall,Wichita,KS,12/17/2022,,active
STRM-100343,Walter,Campbell,Bakersfield,CA,3/11/2022,,active
STRM-100344,Lauren,Martinez,Denver,CO,4/14/2022,,active
STRM-100345,Stephanie,Hernandez,Nashville,TN,6/8/2022,,active
STRM-100346,Gloria,Griffin,San Francisco,CA,1/19/2022,8/17/2022,in-active
STRM-100347,Brenda,Alvarez,Wichita,KS,1/25/2022,1/14/2023,in-active
STRM-100348,Helen,Young,Bakersfield,CA,7/8/2022,,active
STRM-100349,Aaron,Vasquez,Portland,OR,6/23/2022,11/28/2023,in-active
STRM-100350,Cheryl,Patel,Bakersfield,CA,9/23/2022,,active
STRM-100351,Nancy,Henderson,Philadelphia,PA,8/9/2022,,active
STRM-100352,George,Ramos,Nashville,TN,2/22/2022,,active
STRM-100353,Amber,Ramos,Washington,DC,8/17/2022,,active
STRM-100354,Victoria,Nelson,Minneapolis,MN,8/16/2022,,active
STRM-100355,David,Price,Raleigh,NC,8/11/2022,,active
STRM-100356,Joseph,Martin,Virginia Beach,VA,11/23/2022,,active
STRM-100357,Hannah,Green,Los Angeles,CA,3/15/2022,2/22/2024,in-active
STRM-100358,Douglas,Rodriguez,Dallas,TX,2/4/2022,,active
STRM-100359,Grace,Sanders,Boston,MA,7/16/2022,9/2/2022,in-active
STRM-100360,Jordan,Flores,Oakland,CA,8/19/2022,9/18/2023,in-active
STRM-100361,Kelly,Martin,Kansas City,MO,3/12/2022,,active
STRM-100362,Diane,Watson,Long Beach,CA,5/23/2022,,active
STRM-100363,Sandra,Miller,Arlington,TX,4/6/2022,,active
STRM-100364,Heather,Walker,San Francisco,CA,5/14/2022,,active
STRM-100365,Jason,Kelly,Minneapolis,MN,9/9/2022,,active
STRM-100366,Steven,Jackson,Baltimore,MD,3/30/2022,7/13/2023,in-active
STRM-100367,Daniel,Brooks,Virginia Beach,VA,6/27/2022,,active
STRM-100368,Sean,Howard,Washington,DC,3/22/2022,,active
STRM-100369,Judy,Hall,Cleveland,OH,7/5/2022,,active
STRM-100370,Ashley,Phillips,Cleveland,OH,3/13/2022,,active
STRM-100371,Jeremy,Miller,Boston,MA,10/11/2022,,active
STRM-100372,Joan,King,Raleigh,NC,2/14/2022,,active
STRM-100373,Diane,Wallace,Sacramento,CA,7/30/2022,3/24/2024,in-active
STRM-100374,Charles,Allen,Nashville,TN,11/25/2022,,active
STRM-100375,Joan,Ruiz,Dallas,TX,10/10/2022,,active
STRM-100376,George,King,Detroit,MI,9/15/2022,11/25/2022,in-active
STRM-100377,Ashley,Flores,Washington,DC,3/26/2022,,active
STRM-100378,Laura,Ruiz,Sacramento,CA,5/26/2022,2/21/2023,in-active
STRM-100379,Ronald,Peterson,Dallas,TX,11/17/2022,,active
STRM-100380,Gerald,White,Fresno,CA,11/25/2022,,active
STRM-100381,Lawrence,Flores,Austin,TX,12/4/2022,,active
STRM-100382,Jordan,Gray,Kansas City,MO,1/22/2022,3/7/2022,in-active
STRM-100383,Christopher,Lopez,Long Beach,CA,10/23/2022,,active
STRM-100384,Rebecca,Coleman,Raleigh,NC,11/24/2022,,active
STRM-100385,Joe,Howard,Long Beach,CA,6/4/2022,,active
STRM-100386,Danielle,Russell,Washington,DC,8/21/2022,,active
STRM-100387,Jessica,Green,Baltimore,MD,8/1/2022,,active
STRM-100388,Timothy,Mendoza,Omaha,NE,3/15/2022,,active
STRM-100389,Katherine,Ruiz,Las Vegas,NV,3/8/2022,9/1/2023,in-active
STRM-100390,Teresa,Ramirez,Nashville,TN,5/4/2022,,active
STRM-100391,Jonathan,Jordan,Charlotte,NC,3/14/2022,,active
STRM-100392,Justin,Foster,Raleigh,NC,8/3/2022,,active
STRM-100393,Joshua,Wood,Kansas City,MO,6/10/2022,,active
STRM-100394,Joshua,Bryant,Fresno,CA,8/28/2022,,active
STRM-100395,Brandon,Bryant,Los Angeles,CA,2/16/2022,8/2/2023,in-active
STRM-100396,Lauren,Morris,Columbus,OH,10/26/2022,,active
STRM-100397,Richard,Reed,Tucson,AZ,11/2/2022,9/16/2024,in-active
STRM-100398,Alan,Reynolds,Denver,CO,10/2/2022,,active
STRM-100399,Margaret,Gonzales,Dallas,TX,5/16/2022,7/17/2023,in-active
STRM-100400,Janet,Lopez,Las Vegas,NV,1/27/2022,,active
STRM-100401,Deborah,Castillo,Atlanta,GA,5/28/2022,,active
STRM-100402,Andrea,Jordan,New Orleans,LA,10/9/2022,,active
STRM-100403,Abigail,Walker,Dallas,TX,2/19/2022,,active
STRM-100404,Alexander,Sanders,New Orleans,LA,3/15/2022,,active
STRM-100405,Keith,Perry,Fresno,CA,1/21/2022,,active
STRM-100406,Emily,Bennett,Bakersfield,CA,8/31/2022,,active
STRM-100407,Kenneth,Scott,Nashville,TN,11/10/2022,,active
STRM-100408,Tyler,Kim,Colorado Springs,CO,6/22/2022,,active
STRM-100409,Keith,Cole,Tulsa,OK,10/16/2022,,active
STRM-100410,Robert,Patel,Oklahoma City,OK,12/11/2022,,active
STRM-100411,Adam,Ward,Cleveland,OH,12/19/2022,,active
STRM-100412,Jesse,Griffin,San Francisco,CA,12/2/2022,7/31/2024,in-active
STRM-100413,Sara,Collins,Tampa,FL,1/27/2022,,active
STRM-100414,Amanda,Ross,San Jose,CA,12/15/2022,,active
STRM-100415,Arthur,Lewis,Fort Worth,TX,1/10/2022,,active
STRM-100416,Joyce,Hill,Memphis,TN,12/20/2022,,active
STRM-100417,Christian,Reynolds,Arlington,TX,2/1/2022,,active
STRM-100418,Roger,Turner,Atlanta,GA,6/16/2022,11/2/2023,in-active
STRM-100419,Terry,Long,Nashville,TN,3/30/2022,,active
STRM-100420,Gerald,Mendoza,Mesa,AZ,7/1/2022,,active
STRM-100421,Juan,Ortiz,Raleigh,NC,9/5/2022,,active
STRM-100422,Amy,Bailey,Atlanta,GA,6/2/2022,,active
STRM-100423,Scott,Kelly,Tulsa,OK,4/17/2022,,active
STRM-100424,Megan,Brooks,Albuquerque,NM,6/28/2022,,active
STRM-100425,Stephen,Kelly,San Diego,CA,10/21/2022,,active
STRM-100426,Maria,Jenkins,El Paso,TX,3/16/2022,,active
STRM-100427,Brenda,Lee,El Paso,TX,8/15/2022,,active
STRM-100428,Walter,Diaz,Fort Worth,TX,10/3/2022,,active
STRM-100429,Teresa,Cooper,Dallas,TX,2/25/2022,,active
STRM-100430,Dylan,Morris,Charlotte,NC,1/26/2022,,active
STRM-100431,Jacqueline,Edwards,Miami,FL,4/30/2022,,active
STRM-100432,Julie,James,Tulsa,OK,8/30/2022,,active
STRM-100433,Emily,Johnson,Atlanta,GA,3/22/2022,,active
STRM-100434,Evelyn,Wallace,Long Beach,CA,4/13/2022,2/16/2023,in-active
STRM-100435,Samuel,Kelly,Long Beach,CA,1/31/2022,5/17/2022,in-active
STRM-100436,Logan,Reyes,Mesa,AZ,1/20/2022,8/2/2022,in-active
STRM-100437,Adam,Rivera,Chicago,IL,7/23/2022,2/13/2023,in-active
STRM-100438,Justin,Martinez,New York,NY,6/2/2022,,active
STRM-100439,Margaret,Bennett,Denver,CO,8/21/2022,3/14/2024,in-active
STRM-100440,Terry,Hayes,Dallas,TX,9/16/2022,,active
STRM-100441,Deborah,Lewis,Oklahoma City,OK,3/25/2022,2/1/2024,in-active
STRM-100442,Shirley,Mitchell,New York,NY,6/22/2022,2/8/2024,in-active
STRM-100443,Alan,Roberts,Jacksonville,FL,11/9/2022,1/13/2024,in-active
STRM-100444,Victoria,Wood,Philadelphia,PA,7/25/2022,,active
STRM-100445,Melissa,Scott,Albuquerque,NM,6/15/2022,7/6/2022,in-active
STRM-100446,Eric,Foster,Charlotte,NC,8/17/2022,8/4/2023,in-active
STRM-100447,Nicole,Williams,San Francisco,CA,12/1/2022,,active
STRM-100448,Jacob,Thomas,Virginia Beach,VA,3/2/2022,,active
STRM-100449,Joshua,Russell,Oakland,CA,9/15/2022,8/14/2023,in-active
STRM-100450,Mark,Ramos,Boston,MA,11/11/2022,,active
STRM-100451,Steven,Wallace,San Jose,CA,8/21/2022,5/17/2024,in-active
STRM-100452,Ruth,Coleman,Minneapolis,MN,10/9/2022,4/26/2024,in-active
STRM-100453,Willie,Parker,New Orleans,LA,5/7/2022,,active
STRM-100454,Jesse,Lee,Sacramento,CA,8/17/2022,,active
STRM-100455,Raymond,Martin,Kansas City,MO,2/27/2022,,active
STRM-100456,Sean,Phillips,Kansas City,MO,10/2/2022,,active
STRM-100457,Christine,Simmons,San Diego,CA,12/15/2022,,active
STRM-100458,Janice,Cole,Philadelphia,PA,9/19/2022,,active
STRM-100459,Joseph,Patterson,Dallas,TX,9/20/2022,,active
STRM-100460,Carl,Anderson,Atlanta,GA,8/25/2022,,active
STRM-100461,Brandon,Garcia,Las Vegas,NV,5/11/2022,1/4/2023,in-active
STRM-100462,Lawrence,Jackson,Chicago,IL,8/5/2022,,active
STRM-100463,Thomas,Thomas,Phoenix,AZ,8/30/2022,,active
STRM-100464,Jose,Campbell,Wichita,KS,3/11/2022,1/16/2024,in-active
STRM-100465,Joyce,Myers,Portland,OR,8/18/2022,9/23/2023,in-active
STRM-100466,Dennis,Lee,Oakland,CA,12/5/2022,5/5/2023,in-active
STRM-100467,Denise,Hughes,San Diego,CA,4/2/2022,5/24/2023,in-active
STRM-100468,Jacqueline,Allen,Tampa,FL,4/25/2022,6/2/2022,in-active
STRM-100469,Scott,Hamilton,Oakland,CA,10/6/2022,,active
STRM-100470,Maria,Collins,Charlotte,NC,8/24/2022,,active
STRM-100471,Stephen,Carter,Tampa,FL,2/27/2022,,active
STRM-100472,Amber,Butler,Raleigh,NC,1/9/2022,,active
STRM-100473,Sarah,Sanchez,Omaha,NE,1/18/2022,,active
STRM-100474,Alan,Gonzalez,Charlotte,NC,1/23/2022,,active
STRM-100475,Cynthia,Parker,New Orleans,LA,1/29/2022,,active
STRM-100476,Justin,Reyes,Tampa,FL,10/22/2022,,active
STRM-100477,Alice,Chavez,Charlotte,NC,6/4/2022,4/25/2024,in-active
STRM-100478,Martha,Cruz,Memphis,TN,6/3/2022,,active
STRM-100479,Austin,Hall,Miami,FL,12/14/2022,,active
STRM-100480,Jeremy,Gonzalez,El Paso,TX,11/26/2022,,active
STRM-100481,Terry,Brooks,Minneapolis,MN,8/2/2022,,active
STRM-100482,Scott,Long,Jacksonville,FL,10/3/2022,,active
STRM-100483,Laura,Kim,Tulsa,OK,3/15/2022,5/28/2022,in-active
STRM-100484,Teresa,Bell,Memphis,TN,10/13/2022,,active
STRM-100485,Heather,Morales,San Francisco,CA,4/15/2022,,active
STRM-100486,Christopher,Jordan,Boston,MA,2/17/2022,,active
STRM-100487,Edward,Wilson,Seattle,WA,7/13/2022,,active
STRM-100488,Jordan,Hernandez,Phoenix,AZ,4/7/2022,12/14/2023,in-active
STRM-100489,Doris,Parker,Albuquerque,NM,4/17/2022,4/7/2023,in-active
STRM-100490,Nicole,Brown,Columbus,OH,4/8/2022,8/21/2022,in-active
STRM-100491,Walter,Morales,Minneapolis,MN,11/6/2022,,active
STRM-100492,Diane,Morris,Atlanta,GA,6/14/2022,7/23/2023,in-active
STRM-100493,Joan,Alvarez,Washington,DC,5/14/2022,,active
STRM-100494,Cheryl,Graham,San Antonio,TX,8/29/2022,8/6/2023,in-active
STRM-100495,Timothy,Patel,Nashville,TN,7/31/2022,,active
STRM-100496,Jeffrey,Nguyen,Los Angeles,CA,5/14/2022,,active
STRM-100497,Janice,Coleman,Denver,CO,3/20/2022,,active
STRM-100498,Ryan,Ross,Kansas City,MO,5/6/2022,,active
STRM-100499,Denise,Gray,San Francisco,CA,9/8/2022,7/11/2024,in-active
STRM-100500,Megan,Alexander,Austin,TX,6/30/2022,,active
STRM-100501,Gloria,Cole,Jacksonville,FL,10/5/2022,12/19/2022,in-active
STRM-100502,Terry,Rodriguez,Phoenix,AZ,12/9/2022,,active
STRM-100503,Mary,Bell,Dallas,TX,11/19/2022,,active
STRM-100504,Kenneth,Williams,Columbus,OH,9/16/2022,,active
STRM-100505,Jessica,Moreno,Virginia Beach,VA,9/7/2022,,active
STRM-100506,Gerald,Bell,New York,NY,1/9/2022,,active
STRM-100507,Stephen,Kelly,Los Angeles,CA,9/15/2022,8/20/2024,in-active
STRM-100508,Henry,Rivera,San Antonio,TX,2/19/2022,,active
STRM-100509,Kathleen,Roberts,Raleigh,NC,9/27/2022,,active
STRM-100510,Patrick,Morgan,Cleveland,OH,7/23/2022,,active
STRM-100511,Virginia,Alexander,Kansas City,MO,5/5/2022,1/6/2023,in-active
STRM-100512,Scott,Lee,Long Beach,CA,11/29/2022,3/19/2023,in-active
STRM-100513,Virginia,Ross,Portland,OR,10/10/2022,,active
STRM-100514,Judy,Williams,Minneapolis,MN,3/29/2022,,active
STRM-100515,Olivia,James,Kansas City,MO,2/18/2022,4/17/2022,in-active
STRM-100516,Ryan,Diaz,Minneapolis,MN,10/18/2022,,active
STRM-100517,Barbara,Martin,Oakland,CA,5/24/2022,1/6/2024,in-active
STRM-100518,Albert,Rodriguez,Jacksonville,FL,6/11/2022,,active
STRM-100519,Rebecca,Torres,New Orleans,LA,12/31/2022,4/3/2023,in-active
STRM-100520,Scott,Adams,Kansas City,MO,5/4/2022,,active
STRM-100521,Heather,James,Portland,OR,2022.03.13,3/2/2024,in-active
STRM-100522,Christopher,Ruiz,Houston,TX,2/20/2022,,active
STRM-100523,Karen,Mendoza,Omaha,NE,11/11/2022,1/6/2024,in-active
STRM-100524,Christine,Davis,Miami,FL,5/20/2022,9/8/2023,in-active
STRM-100525,Megan,Collins,El Paso,TX,10/11/2022,1/11/2024,in-active
STRM-100526,Melissa,Ross,Philadelphia,PA,11/13/2022,,active
STRM-100527,Amy,Jackson,Philadelphia,PA,5/18/2022,,active
STRM-100528,Bruce,Flores,Arlington,TX,7/19/2022,,active
STRM-100529,Margaret,White,New York,NY,6/7/2022,,active
STRM-100530,Helen,Clark,Dallas,TX,2/14/2022,,active
STRM-100531,Zachary,Sullivan,San Antonio,TX,1/14/2022,,active
STRM-100532,Ann,White,Omaha,NE,11/3/2022,12/17/2023,in-active
STRM-100533,Patricia,Howard,Memphis,TN,7/18/2022,2/25/2024,in-active
STRM-100534,Gary,Baker,Oakland,CA,7/14/2022,,active
STRM-100535,Jonathan,Cox,Seattle,WA,9/10/2022,,active
STRM-100536,Kevin,Fisher,Seattle,WA,8/4/2022,,active
STRM-100537,Karen,Castillo,San Francisco,CA,5/7/2022,10/11/2023,in-active
STRM-100538,Jesse,Gomez,Milwaukee,WI,2/24/2022,,active
STRM-100539,Mary,Jenkins,Oklahoma City,OK,11/14/2022,,active
STRM-100540,Gregory,Vasquez,Oklahoma City,OK,8/9/2022,6/20/2024,in-active
STRM-100541,Jesse,Wright,Washington,DC,6/14/2022,,active
STRM-100542,Stephanie,Wallace,Nashville,TN,4/1/2022,3/8/2023,in-active
STRM-100543,Justin,Cole,Kansas City,MO,5/5/2022,,active
STRM-100544,Anna,Powell,Boston,MA,2/28/2022,10/5/2022,in-active
STRM-100545,Jean,Campbell,Oakland,CA,10/9/2022,,active
STRM-100546,Kyle,Turner,Baltimore,MD,5/30/2022,8/23/2022,in-active
STRM-100547,Jose,Bryant,Dallas,TX,11/21/2022,,active
STRM-100548,Nicholas,Flores,Tulsa,OK,8/5/2022,11/3/2022,in-active
STRM-100549,Zachary,Wallace,Colorado Springs,CO,7/25/2022,,active
STRM-100550,Joyce,Martinez,Cleveland,OH,7/4/2022,,active
STRM-100551,Frances,Perez,San Antonio,TX,5/8/2022,,active
STRM-100552,Patrick,Nelson,Long Beach,CA,11/10/2022,,active
STRM-100553,Grace,Perry,New Orleans,LA,6/19/2022,9/17/2023,in-active
STRM-100554,Margaret,Williams,San Antonio,TX,5/13/2022,,active
STRM-100555,Roger,Cruz,Baltimore,MD,7/11/2022,,active
STRM-100556,Marilyn,Hill,El Paso,TX,1/13/2022,,active
STRM-100557,Pamela,Coleman,Philadelphia,PA,3/1/2022,8/8/2022,in-active
STRM-100558,Catherine,Richardson,Oklahoma City,OK,8/22/2022,2/21/2024,in-active
STRM-100559,Judith,Hughes,Albuquerque,NM,2/19/2022,,active
STRM-100560,Christina,Brooks,Phoenix,AZ,6/3/2022,,active
STRM-100561,Sandra,Garcia,Oklahoma City,OK,11/28/2022,,active
STRM-100562,Kevin,Morales,Sacramento,CA,3/31/2022,,active
STRM-100563,Gregory,Barnes,Milwaukee,WI,4/29/2022,2/17/2024,in-active
STRM-100564,Melissa,Mitchell,Miami,FL,12/3/2022,,active
STRM-100565,Linda,Gomez,Baltimore,MD,10/31/2022,,active
STRM-100566,Mary,Diaz,Columbus,OH,5/23/2022,8/10/2022,in-active
STRM-100567,Sara,Clark,Bakersfield,CA,10/2/2022,,active
STRM-100568,Christine,Gomez,Milwaukee,WI,2/28/2022,,active
STRM-100569,Megan,Watson,Omaha,NE,7/18/2022,,active
STRM-100570,Dylan,Robinson,El Paso,TX,6/30/2022,4/7/2024,in-active
STRM-100571,Brian,Kim,Raleigh,NC,10/30/2022,,active
STRM-100572,Steven,Watson,San Diego,CA,5/3/2022,,active
STRM-100573,George,Myers,Minneapolis,MN,3/14/2022,,active
STRM-100574,Joyce,Scott,Kansas City,MO,7/16/2022,,active
STRM-100575,Noah,Hall,Atlanta,GA,3/27/2022,,active
STRM-100576,Emily,Mitchell,Nashville,TN,8/19/2022,,active
STRM-100577,Carolyn,Williams,Tucson,AZ,3/11/2022,,active
STRM-100578,Jerry,Hayes,Memphis,TN,12/17/2022,,active
STRM-100579,Kelly,Cole,Austin,TX,2/12/2022,,active
STRM-100580,Jeffrey,Howard,Chicago,IL,5/21/2022,,active
STRM-100581,Brenda,Baker,Wichita,KS,8/23/2022,,active
STRM-100582,Jeremy,Lewis,Kansas City,MO,2/28/2022,,active
STRM-100583,Gloria,Sanders,Mesa,AZ,1/22/2022,5/3/2023,in-active
STRM-100584,Gloria,Parker,Detroit,MI,2/22/2022,1/7/2024,in-active
STRM-100585,Amy,Kim,Chicago,IL,8/19/2022,,active
STRM-100586,Daniel,Vasquez,San Diego,CA,5/2/2022,,active
STRM-100587,Dylan,Hughes,Tulsa,OK,11/9/2022,,active
STRM-100588,Kevin,Scott,Cleveland,OH,4/16/2022,6/30/2022,in-active
STRM-100589,Kathryn,Hughes,Mesa,AZ,5/24/2022,,active
STRM-100590,Amanda,Chavez,Tulsa,OK,5/30/2022,,active
STRM-100591,Jonathan,Harris,Dallas,TX,7/30/2022,5/24/2023,in-active
STRM-100592,Denise,Allen,Minneapolis,MN,3/9/2022,,active
STRM-100593,Samuel,Murphy,New Orleans,LA,12/13/2022,,active
STRM-100594,Andrew,Morgan,Miami,FL,8/1/2022,,active
STRM-100595,Karen,White,Las Vegas,NV,9/21/2022,9/16/2024,in-active
STRM-100596,Jack,Patterson,Tucson,AZ,6/17/2022,,active
STRM-100597,Lisa,Alexander,Miami,FL,12/7/2022,,active
STRM-100598,Thomas,Jenkins,Columbus,OH,8/8/2022,1/11/2024,in-active
STRM-100599,Jonathan,Chavez,Denver,CO,6/22/2022,,active
STRM-100600,Kimberly,West,Cleveland,OH,6/25/2022,8/28/2022,in-active
STRM-100601,Barbara,Sanchez,Miami,FL,8/24/2022,,active
STRM-100602,Joshua,Vasquez,Milwaukee,WI,1/1/2022,3/30/2023,in-active
STRM-100603,Stephanie,King,Long Beach,CA,6/4/2022,,active
STRM-100604,Stephen,White,Long Beach,CA,7/4/2022,,active
STRM-100605,Ruth,Nelson,Houston,TX,7/22/2022,,active
STRM-100606,Cynthia,Barnes,Long Beach,CA,2/16/2022,,active
STRM-100607,James,Diaz,Albuquerque,NM,2/9/2022,,active
STRM-100608,Laura,Simmons,New York,NY,1/5/2022,,active
STRM-100609,Mark,Henderson,Minneapolis,MN,3/9/2022,,active
STRM-100610,Ryan,Foster,Philadelphia,PA,2/22/2022,,active
STRM-100611,Jack,Kim,Dallas,TX,7/15/2022,12/13/2022,in-active
STRM-100612,Gabriel,Torres,Phoenix,AZ,9/29/2022,,active
STRM-100613,Bryan,Nelson,Baltimore,MD,6/29/2022,4/17/2024,in-active
STRM-100614,Kenneth,Bell,Raleigh,NC,12/18/2022,,active
STRM-100615,Sharon,Thompson,San Antonio,TX,3/13/2022,11/21/2023,in-active
STRM-100616,Jerry,Hughes,Detroit,MI,6/11/2022,3/6/2023,in-active
STRM-100617,Stephen,Perez,Charlotte,NC,10/11/2022,,active
STRM-100618,Madison,Reed,Wichita,KS,12/20/2022,,active
STRM-100619,Albert,Cox,Columbus,OH,9/23/2022,,active
STRM-100620,Edward,Powell,Denver,CO,11/27/2022,,active
STRM-100621,Kathleen,Hayes,Portland,OR,2/27/2022,,active
STRM-100622,Judy,Jackson,Sacramento,CA,1/7/2022,12/12/2022,in-active
STRM-100623,Kimberly,Jimenez,Kansas City,MO,8/4/2022,,active
STRM-100624,Juan,Hall,New Orleans,LA,8/30/2022,11/27/2022,in-active
STRM-100625,Robert,Moore,New York,NY,5/15/2022,,active
STRM-100626,Jessica,Jenkins,Fresno,CA,5/27/2022,,active
STRM-100627,Christian,Coleman,Detroit,MI,12/26/2022,,active
STRM-100628,Judy,Flores,Seattle,WA,2/12/2022,,active
STRM-100629,Keith,Evans,Bakersfield,CA,3/21/2022,,active
STRM-100630,Tyler,Taylor,Washington,DC,12/24/2022,,active
STRM-100631,Kathleen,Anderson,Charlotte,NC,2/14/2022,6/27/2022,in-active
STRM-100632,Peter,Anderson,Washington,DC,12/8/2022,6/20/2023,in-active
STRM-100633,Mark,Brown,Tulsa,OK,3/12/2022,,active
STRM-100634,Carol,Bryant,El Paso,TX,9/25/2022,,active
STRM-100635,Eric,Nelson,Boston,MA,3/6/2022,12/21/2022,in-active
STRM-100636,Mark,Davis,Oklahoma City,OK,8/8/2022,,active
STRM-100637,Thomas,Ortiz,Tulsa,OK,10/23/2022,,active
STRM-100638,Cheryl,Patterson,Fresno,CA,7/4/2022,,active
STRM-100639,Kathryn,Nelson,Boston,MA,3/22/2022,,active
STRM-100640,Anthony,Robinson,Indianapolis,IN,9/18/2022,,active
STRM-100641,Patricia,Morales,Chicago,IL,8/30/2022,,active
STRM-100642,Kenneth,Rivera,Chicago,IL,10/11/2022,8/27/2024,in-active
STRM-100643,Joyce,Edwards,Nashville,TN,5/8/2022,,active
STRM-100644,Katherine,Cooper,Phoenix,AZ,10/20/2022,,active
STRM-100645,Christian,Wilson,Jacksonville,FL,4/25/2022,6/26/2022,in-active
STRM-100646,Aaron,Moore,Milwaukee,WI,5/25/2022,4/23/2023,in-active
STRM-100647,Christine,Thompson,Atlanta,GA,8/22/2022,,active
STRM-100648,Stephanie,Howard,Kansas City,MO,6/5/2022,2/23/2023,in-active
STRM-100649,Kyle,Patel,Colorado Springs,CO,9/10/2022,4/13/2023,in-active
STRM-100650,Gloria,Morales,San Jose,CA,1/4/2022,2/12/2022,in-active
STRM-100651,Cynthia,Ruiz,Miami,FL,12/22/2022,12/15/2023,in-active
STRM-100652,James,Long,Arlington,TX,6/7/2022,,active
STRM-100653,Jacqueline,Stewart,Memphis,TN,9/9/2022,2/16/2023,in-active
STRM-100654,Anna,White,Chicago,IL,4/29/2022,10/28/2023,in-active
STRM-100655,Julie,Myers,Milwaukee,WI,2/13/2022,,active
STRM-100656,Andrea,Wright,Miami,FL,7/21/2022,,active
STRM-100657,Kathryn,Thomas,Detroit,MI,12/6/2022,8/20/2023,in-active
STRM-100658,Justin,Gutierrez,Nashville,TN,7/21/2022,,active
STRM-100659,Christine,Brooks,Baltimore,MD,5/20/2022,,active
STRM-100660,Stephanie,Wright,Wichita,KS,10/27/2022,,active
STRM-100661,Margaret,Nelson,Baltimore,MD,8/27/2022,,active
STRM-100662,Mark,Alvarez,Wichita,KS,4/17/2022,,active
STRM-100663,Kyle,Ortiz,San Diego,CA,2/16/2022,,active
STRM-100664,Danielle,Cox,Tulsa,OK,12/23/2022,,active
STRM-100665,Sharon,Wood,San Jose,CA,2/16/2022,,active
STRM-100666,Carolyn,Jenkins,Fresno,CA,1/26/2022,,active
STRM-100667,Eric,Hall,Los Angeles,CA,7/27/2022,3/2/2024,in-active
STRM-100668,Sean,Murphy,San Antonio,TX,8/25/2022,,active
STRM-100669,Emily,Young,New York,NY,2/1/2022,10/1/2022,in-active
STRM-100670,Kimberly,Gomez,Las Vegas,NV,7/10/2022,,active
STRM-100671,Grace,Perez,Colorado Springs,CO,10/28/2022,,active
STRM-100672,Karen,Garcia,Phoenix,AZ,4/12/2022,7/25/2023,in-active
STRM-100673,Paul,White,Bakersfield,CA,6/19/2022,,active
STRM-100674,Kyle,Gonzalez,Austin,TX,10/21/2022,,active
STRM-100675,Diane,Bryant,Los Angeles,CA,7/15/2022,,active
STRM-100676,Brian,Price,Columbus,OH,4/6/2022,,active
STRM-100677,Zachary,Hill,Chicago,IL,11/11/2022,,active
STRM-100678,Gary,Ramos,Tucson,AZ,7/30/2022,12/17/2023,in-active
STRM-100679,Jessica,Thompson,Seattle,WA,7/16/2022,,active
STRM-100680,Stephanie,Murphy,Miami,FL,10/6/2022,11/16/2023,in-active
STRM-100681,Carolyn,Wallace,Mesa,AZ,9/6/2022,,active
STRM-100682,Carl,Chavez,Portland,OR,5/19/2022,,active
STRM-100683,Katherine,Cruz,Los Angeles,CA,5/24/2022,,active
STRM-100684,Ethan,Alvarez,Wichita,KS,10/27/2022,4/23/2023,in-active
STRM-100685,Betty,Murphy,Virginia Beach,VA,5/4/2022,,active
STRM-100686,Joseph,Cruz,Kansas City,MO,7/18/2022,,active
STRM-100687,Brian,Rivera,Charlotte,NC,10/31/2022,,active
STRM-100688,Carolyn,Davis,Tulsa,OK,12/25/2022,,active
STRM-100689,Kathryn,Torres,Kansas City,MO,4/7/2022,9/8/2023,in-active
STRM-100690,Harold,Richardson,Jacksonville,FL,9/9/2022,,active
STRM-100691,Joseph,Reyes,Omaha,NE,4/23/2022,,active
STRM-100692,Walter,Smith,Oklahoma City,OK,11/11/2022,,active
STRM-100693,Kimberly,Mendoza,Tulsa,OK,4/1/2022,3/13/2023,in-active
STRM-100694,Jessica,Garcia,San Jose,CA,10/28/2022,,active
STRM-100695,Andrew,Lewis,Sacramento,CA,7/6/2022,8/7/2023,in-active
STRM-100696,Amber,Jenkins,Colorado Springs,CO,2/21/2022,,active
STRM-100697,Samuel,Wright,Austin,TX,8/12/2022,1/7/2024,in-active
STRM-100698,Logan,Brooks,Jacksonville,FL,12/29/2022,12/23/2024,in-active
STRM-100699,Doris,Alvarez,Indianapolis,IN,12/7/2022,,active
STRM-100700,Brian,Long,Washington,DC,12/19/2022,,active
STRM-100701,Dorothy,Smith,Minneapolis,MN,10/21/2022,,active
STRM-100702,Kathryn,Rodriguez,Jacksonville,FL,11/5/2022,,active
STRM-100703,Bryan,Cruz,Miami,FL,10/17/2022,,active
STRM-100704,Cheryl,Torres,Oklahoma City,OK,2/9/2022,,active
STRM-100705,Katherine,Nelson,Miami,FL,2/15/2022,1/17/2024,in-active
STRM-100706,Judy,Bennett,Baltimore,MD,1/6/2022,,active
STRM-100707,Amy,Moore,El Paso,TX,5/12/2022,5/28/2022,in-active
STRM-100708,Richard,Foster,Baltimore,MD,8/3/2022,10/15/2023,in-active
STRM-100709,Jeremy,Long,El Paso,TX,10/7/2022,,active
STRM-100710,Walter,Edwards,Austin,TX,8/20/2022,,active
STRM-100711,William,Ramos,Los Angeles,CA,6/13/2022,,active
STRM-100712,Anthony,Jackson,Oklahoma City,OK,3/29/2022,9/24/2022,in-active
STRM-100713,Karen,White,Oklahoma City,OK,11/1/2022,3/24/2024,in-active
STRM-100714,Linda,Gonzales,Long Beach,CA,3/26/2022,,active
STRM-100715,Olivia,Green,Houston,TX,2/21/2022,,active
STRM-100716,Edward,Sullivan,Minneapolis,MN,10/11/2022,5/1/2024,in-active
STRM-100717,Angela,Reed,Washington,DC,5/2/2022,,active
STRM-100718,Tyler,Cole,San Jose,CA,1/28/2022,,active
STRM-100719,Victoria,Thompson,Denver,CO,12/5/2022,,active
STRM-100720,Walter,Phillips,San Antonio,TX,1/14/2022,,active
STRM-100721,Judy,Howard,Philadelphia,PA,8/31/2022,7/27/2023,in-active
STRM-100722,Diane,Reynolds,Tucson,AZ,12/5/2022,,active
STRM-100723,Gabriel,Jimenez,Jacksonville,FL,7/9/2022,8/6/2023,in-active
STRM-100724,Melissa,Romero,Chicago,IL,5/15/2022,,active
STRM-100725,Angela,Edwards,Seattle,WA,10/16/2022,,active
STRM-100726,Willie,Harris,Philadelphia,PA,12/9/2022,,active
STRM-100727,Harold,Bell,New Orleans,LA,10/29/2022,,active
STRM-100728,Jessica,Jimenez,Sacramento,CA,8/3/2022,7/21/2024,in-active
STRM-100729,Evelyn,Stewart,Albuquerque,NM,6/3/2022,,active
STRM-100730,William,Nguyen,San Diego,CA,8/18/2022,,active
STRM-100731,Kevin,Diaz,Bakersfield,CA,4/9/2022,,active
STRM-100732,Nathan,Lee,Oakland,CA,8/11/2022,,active
STRM-100733,Joe,Nguyen,Omaha,NE,5/13/2022,,active
STRM-100734,Sarah,Thompson,Portland,OR,10/12/2022,,active
STRM-100735,Christine,Peterson,Sacramento,CA,8/23/2022,9/19/2022,in-active
STRM-100736,Abigail,Butler,San Diego,CA,8/1/2022,,active
STRM-100737,Kathryn,Sanchez,San Antonio,TX,10/16/2022,8/19/2023,in-active
STRM-100738,Frances,Ruiz,Memphis,TN,5/16/2022,,active
STRM-100739,Noah,Griffin,Chicago,IL,3/30/2022,,active
STRM-100740,Andrew,Perry,Chicago,IL,7/22/2022,7/11/2023,in-active
STRM-100741,Jacob,Gonzalez,Arlington,TX,9/1/2022,10/2/2023,in-active
STRM-100742,Jennifer,Gray,Cleveland,OH,6/5/2022,,active
STRM-100743,Megan,Sanchez,Indianapolis,IN,3/10/2022,,active
STRM-100744,Kelly,Chavez,Seattle,WA,8/2/2022,,active
STRM-100745,Daniel,Carter,Baltimore,MD,4/19/2022,6/24/2023,in-active
STRM-100746,Noah,Myers,Houston,TX,9/21/2022,12/12/2022,in-active
STRM-100747,Samantha,Russell,Dallas,TX,9/26/2022,11/9/2022,in-active
STRM-100748,Brian,Roberts,Fort Worth,TX,1/30/2022,,active
STRM-100749,Peter,Gonzalez,Boston,MA,12/27/2022,,active
STRM-100750,Jack,Hamilton,Fresno,CA,7/23/2022,,active
STRM-100751,Ashley,Davis,Charlotte,NC,7/10/2022,,active
STRM-100752,Zachary,Rivera,Albuquerque,NM,10/28/2022,,active
STRM-100753,Frank,Adams,San Francisco,CA,12/19/2022,,active
STRM-100754,Linda,Foster,Houston,TX,3/25/2022,11/14/2022,in-active
STRM-100755,Jeffrey,Edwards,Oakland,CA,4/16/2022,,active
STRM-100756,Jose,Garcia,Wichita,KS,12/16/2022,,active
STRM-100757,Kimberly,Hall,Omaha,NE,1/5/2022,,active
STRM-100758,Madison,Ward,Tulsa,OK,12/30/2022,,active
STRM-100759,Nathan,Long,El Paso,TX,8/24/2022,,active
STRM-100760,Joan,Cox,Oakland,CA,9/24/2022,11/19/2023,in-active
STRM-100761,Janice,Clark,New York,NY,9/19/2022,10/22/2023,in-active
STRM-100762,Teresa,Reed,Washington,DC,12/17/2022,,active
STRM-100763,Thomas,Gray,Seattle,WA,11/24/2022,,active
STRM-100764,Stephen,Gutierrez,Long Beach,CA,12/31/2022,11/12/2024,in-active
STRM-100765,Scott,Carter,San Jose,CA,9/22/2022,12/4/2022,in-active
STRM-100766,Alice,Russell,Virginia Beach,VA,6/13/2022,,active
STRM-100767,Michael,Bryant,Denver,CO,5/13/2022,7/16/2023,in-active
STRM-100768,Heather,Martinez,Colorado Springs,CO,12/29/2022,7/26/2023,in-active
STRM-100769,Rachel,Cruz,Oakland,CA,10/1/2022,,active
STRM-100770,Evelyn,Alvarez,Fresno,CA,6/3/2022,4/21/2024,in-active
STRM-100771,Austin,Campbell,Denver,CO,2/19/2022,,active
STRM-100772,Eric,Campbell,Oakland,CA,6/21/2022,,active
STRM-100773,Jeffrey,Price,Indianapolis,IN,6/7/2022,,active
STRM-100774,Gregory,Myers,San Francisco,CA,10/27/2022,,active
STRM-100775,Mark,Reynolds,Houston,TX,11/21/2022,,active
STRM-100776,Billy,Jackson,Albuquerque,NM,4/10/2022,,active
STRM-100777,Juan,Ross,Sacramento,CA,6/2/2022,,active
STRM-100778,Kenneth,Scott,Fort Worth,TX,6/25/2022,,active
STRM-100779,Kathryn,Alexander,San Jose,CA,6/11/2022,12/27/2022,in-active
STRM-100780,Christopher,West,Oklahoma City,OK,11/20/2022,10/21/2023,in-active
STRM-100781,Bruce,Anderson,New York,NY,8/20/2022,,active
STRM-100782,Amanda,Green,Tucson,AZ,2/15/2022,,active
STRM-100783,Olivia,Barnes,Las Vegas,NV,8/8/2022,9/19/2023,in-active
STRM-100784,Mary,Martinez,Mesa,AZ,4/13/2022,5/12/2022,in-active
STRM-100785,Samuel,Carter,Los Angeles,CA,12/13/2022,,active
STRM-100786,Amy,Edwards,Minneapolis,MN,6/26/2022,,active
STRM-100787,Anthony,Foster,Fresno,CA,10/29/2022,,active
STRM-100788,Thomas,Lopez,Washington,DC,5/29/2022,,active
STRM-100789,Martha,Gray,Detroit,MI,12/18/2022,12/18/2023,in-active
STRM-100790,Megan,Alvarez,New Orleans,LA,4/7/2022,,active
STRM-100791,Virginia,Jones,Indianapolis,IN,4/25/2022,9/21/2022,in-active
STRM-100792,Jason,Garcia,Colorado Springs,CO,9/16/2022,,active
STRM-100793,Janet,Martinez,Portland,OR,11/24/2022,,active
STRM-100794,Gerald,Gonzalez,Omaha,NE,1/25/2022,,active
STRM-100795,Denise,Garcia,Houston,TX,12/20/2022,,active
STRM-100796,Kelly,Ross,San Diego,CA,10/8/2022,,active
STRM-100797,Michelle,Evans,Minneapolis,MN,12/18/2022,,active
STRM-100798,Nicole,Butler,Virginia Beach,VA,2/21/2022,,active
STRM-100799,Helen,Scott,Memphis,TN,2/23/2022,,active
STRM-100800,Billy,Walker,Denver,CO,2/28/2022,8/6/2023,in-active
STRM-100801,Ronald,Phillips,Wichita,KS,5/15/2022,12/22/2022,in-active
STRM-100802,Carolyn,Sullivan,Denver,CO,3/24/2022,,active
STRM-100803,Cheryl,Turner,Minneapolis,MN,9/4/2022,,active
STRM-100804,James,Brown,Virginia Beach,VA,2/15/2022,10/10/2023,in-active
STRM-100805,Doris,Hayes,San Jose,CA,2/16/2022,5/18/2022,in-active
STRM-100806,Betty,Rogers,Long Beach,CA,4/29/2022,,active
STRM-100807,Pamela,Ortiz,Milwaukee,WI,1/26/2022,,active
STRM-100808,Brian,Hernandez,Denver,CO,7/4/2022,6/4/2023,in-active
STRM-100809,Victoria,Robinson,San Antonio,TX,1/24/2022,,active
STRM-100810,Emily,Baker,Oklahoma City,OK,7/3/2022,4/14/2024,in-active
STRM-100811,Jonathan,White,Boston,MA,6/25/2022,,active
STRM-100812,Aaron,Perry,Milwaukee,WI,5/20/2022,5/10/2024,in-active
STRM-100813,Walter,Butler,Long Beach,CA,3/27/2022,,active
STRM-100814,Jessica,Green,San Antonio,TX,8/2/2022,12/24/2023,in-active
STRM-100815,Kathryn,Vasquez,Jacksonville,FL,11/9/2022,,active
STRM-100816,Carolyn,Davis,Oakland,CA,3/8/2022,,active
STRM-100817,Noah,Lewis,Memphis,TN,8/14/2022,,active
STRM-100818,Eric,Watson,New York,NY,12/27/2022,7/1/2024,in-active
STRM-100819,Sara,Edwards,Virginia Beach,VA,6/23/2022,,active
STRM-100820,Billy,Harris,Detroit,MI,12/5/2022,4/26/2024,in-active
STRM-100821,Frank,Foster,San Jose,CA,10/13/2022,7/16/2024,in-active
STRM-100822,Susan,Williams,Long Beach,CA,3/22/2022,,active
STRM-100823,Ethan,Hayes,Austin,TX,2/8/2022,1/17/2023,in-active
STRM-100824,Kathleen,James,Seattle,WA,1/26/2022,,active
STRM-100825,Sean,Long,Las Vegas,NV,5/1/2022,,active
STRM-100826,Kelly,Romero,Philadelphia,PA,9/13/2022,,active
STRM-100827,Mark,Bryant,Arlington,TX,12/1/2022,,active
STRM-100828,Virginia,Bell,Chicago,IL,10/13/2022,,active
STRM-100829,Lisa,Cox,Fresno,CA,10/15/2022,,active
STRM-100830,Doris,Patterson,Oklahoma City,OK,7/6/2022,3/6/2023,in-active
STRM-100831,Peter,James,Atlanta,GA,11/14/2022,,active
STRM-100832,Albert,Sanders,Tulsa,OK,8/20/2022,,active
STRM-100833,Albert,Cruz,New York,NY,6/24/2022,,active
STRM-100834,Bruce,Howard,Atlanta,GA,9/25/2022,,active
STRM-100835,Margaret,Lopez,Austin,TX,9/10/2022,,active
STRM-100836,Jose,Ramirez,San Francisco,CA,11/9/2022,,active
STRM-100837,Mark,Powell,Columbus,OH,8/23/2022,3/21/2023,in-active
STRM-100838,Alexander,Ramirez,New Orleans,LA,8/1/2022,,active
STRM-100839,Bruce,Young,Wichita,KS,8/19/2022,,active
STRM-100840,Dylan,Wright,Tucson,AZ,1/3/2022,,active
STRM-100841,Richard,Gonzales,Colorado Springs,CO,9/5/2022,3/20/2023,in-active
STRM-100842,Lawrence,Hall,Tampa,FL,3/7/2022,,active
STRM-100843,Albert,Chavez,Fresno,CA,7/16/2022,,active
STRM-100844,Madison,Murphy,Seattle,WA,7/23/2022,6/4/2023,in-active
STRM-100845,Christina,Wright,Dallas,TX,7/31/2022,,active
STRM-100846,Hannah,Kim,Minneapolis,MN,10/8/2022,5/11/2024,in-active
STRM-100847,Julia,Parker,Fort Worth,TX,4/18/2022,,active
STRM-100848,Justin,Ruiz,Oakland,CA,3/9/2022,1/18/2024,in-active
STRM-100849,Dorothy,Chavez,Tulsa,OK,3/1/2022,10/12/2023,in-active
STRM-100850,Walter,Coleman,Oakland,CA,10/1/2022,,active
STRM-100851,Nathan,Brown,Sacramento,CA,2/24/2023,,active
STRM-100852,Donna,Wilson,Virginia Beach,VA,1/29/2023,,active
STRM-100853,Carol,Kelly,Oakland,CA,5/9/2023,,active
STRM-100854,Jessica,Ramos,Columbus,OH,10/5/2023,,active
STRM-100855,Christina,Clark,Raleigh,NC,12/12/2023,8/12/2024,in-active
STRM-100856,Grace,Jimenez,Charlotte,NC,9/19/2023,9/15/2025,in-active
STRM-100857,Brenda,Gonzalez,Portland,OR,7/18/2023,,active
STRM-100858,Danielle,Watson,Atlanta,GA,1/28/2023,,active
STRM-100859,Nicholas,Phillips,Raleigh,NC,8/15/2023,6/8/2025,in-active
STRM-100860,Grace,Patel,New Orleans,LA,10/29/2023,,active
STRM-100861,Jordan,Gomez,Wichita,KS,4/10/2023,,active
STRM-100862,Dorothy,Martin,Jacksonville,FL,3/30/2023,8/14/2023,in-active
STRM-100863,Dennis,Hernandez,Detroit,MI,5/23/2023,,active
STRM-100864,Kimberly,Adams,Colorado Springs,CO,5/11/2023,,active
STRM-100865,Joan,Flores,Chicago,IL,3/20/2023,12/5/2024,in-active
STRM-100866,Susan,Cox,Tucson,AZ,10/21/2023,,active
STRM-100867,Charles,Brooks,Sacramento,CA,4/23/2023,10/22/2024,in-active
STRM-100868,Sarah,Green,Memphis,TN,10/6/2023,,active
STRM-100869,Lisa,Hughes,Indianapolis,IN,4/20/2023,,active
STRM-100870,Gregory,Castillo,Denver,CO,4/22/2023,1/29/2025,in-active
STRM-100871,Jacqueline,Griffin,Atlanta,GA,11/29/2023,,active
STRM-100872,Doris,Ruiz,Baltimore,MD,5/4/2023,2/5/2025,in-active
STRM-100873,Abigail,Morales,Chicago,IL,12/16/2023,1/24/2025,in-active
STRM-100874,Sandra,Foster,San Francisco,CA,10/4/2023,11/13/2023,in-active
STRM-100875,Roger,Myers,Fresno,CA,9/18/2023,,active
STRM-100876,Barbara,Ramos,Long Beach,CA,4/9/2023,,active
STRM-100877,Nancy,Harris,Austin,TX,10/3/2023,,active
STRM-100878,Joe,Taylor,Columbus,OH,12/10/2023,,active
STRM-100879,Jason,Henderson,San Antonio,TX,4/16/2023,,active
STRM-100880,Olivia,Jackson,Arlington,TX,12/18/2023,,active
STRM-100881,Lauren,James,Chicago,IL,2/14/2023,,active
STRM-100882,Dorothy,Cook,Atlanta,GA,2/6/2023,,active
STRM-100883,Ryan,Gutierrez,Memphis,TN,7/18/2023,,active
STRM-100884,Virginia,Gonzales,Nashville,TN,1/9/2023,,active
STRM-100885,Mark,Johnson,Long Beach,CA,11/13/2023,,active
STRM-100886,Janice,Lopez,Minneapolis,MN,2/7/2023,,active
STRM-100887,Christian,Ramirez,Denver,CO,12/18/2023,,active
STRM-100888,Daniel,Reed,New Orleans,LA,8/13/2023,,active
STRM-100889,Amber,Davis,Albuquerque,NM,3/22/2023,,active
STRM-100890,Steven,Powell,Cleveland,OH,10/7/2023,,active
STRM-100891,Bruce,Torres,Washington,DC,12/13/2023,10/21/2025,in-active
STRM-100892,Ruth,Williams,Atlanta,GA,10/12/2023,,active
STRM-100893,David,Johnson,Kansas City,MO,11/2/2023,,active
STRM-100894,Sean,Perez,Washington,DC,4/18/2023,4/19/2024,in-active
STRM-100895,Jason,Bell,Long Beach,CA,9/20/2023,,active
STRM-100896,Melissa,Cruz,Raleigh,NC,5/10/2023,,active
STRM-100897,George,Wilson,New Orleans,LA,10/9/2023,,active
STRM-100898,Sean,Jackson,Denver,CO,12/10/2023,,active
STRM-100899,Betty,Gomez,Tampa,FL,10/25/2023,,active
STRM-100900,Gregory,Alvarez,Dallas,TX,12/10/2023,,active
STRM-100901,Betty,Reed,Raleigh,NC,2/5/2023,1/11/2024,in-active
STRM-100902,Noah,Jordan,Oklahoma City,OK,11/12/2023,,active
STRM-100903,Janice,Flores,Kansas City,MO,10/18/2023,,active
STRM-100904,Benjamin,Barnes,Austin,TX,1/3/2023,,active
STRM-100905,Jeffrey,Fisher,Seattle,WA,7/4/2023,,active
STRM-100906,Gregory,Wallace,Milwaukee,WI,8/17/2023,,active
STRM-100907,Brandon,West,Atlanta,GA,2/25/2023,,active
STRM-100908,Madison,Lee,Seattle,WA,3/13/2023,10/15/2023,in-active
STRM-100909,Angela,Martin,Tampa,FL,2/8/2023,7/26/2024,in-active
STRM-100910,Julia,Davis,Colorado Springs,CO,10/24/2023,,active
STRM-100911,Jean,Diaz,Chicago,IL,10/10/2023,,active
STRM-100912,Harold,Reynolds,Long Beach,CA,3/18/2023,,active
STRM-100913,Laura,Howard,Dallas,TX,8/26/2023,,active
STRM-100914,Lisa,Jenkins,Boston,MA,9/15/2023,,active
STRM-100915,Kathleen,Nelson,New Orleans,LA,9/21/2023,,active
STRM-100916,Joshua,Rivera,Kansas City,MO,10/17/2023,,active
STRM-100917,Donna,Moreno,El Paso,TX,1/21/2023,,active
STRM-100918,Noah,Reyes,Phoenix,AZ,5/16/2023,,active
STRM-100919,David,Evans,Sacramento,CA,7/4/2023,,active
STRM-100920,Peter,Lopez,Chicago,IL,11/29/2023,,active
STRM-100921,Martha,Peterson,Arlington,TX,5/15/2023,,active
STRM-100922,Kathryn,Hall,Portland,OR,12/1/2023,,active
STRM-100923,Dylan,Martin,Sacramento,CA,5/9/2023,,active
STRM-100924,Laura,Russell,El Paso,TX,6/26/2023,,active
STRM-100925,Judith,Johnson,Fresno,CA,3/13/2023,,active
STRM-100926,Ryan,Martin,Fresno,CA,11/26/2023,,active
STRM-100927,Kenneth,Mitchell,Austin,TX,7/5/2023,,active
STRM-100928,Mark,Collins,Memphis,TN,6/19/2023,11/8/2024,in-active
STRM-100929,Alan,Wallace,Albuquerque,NM,4/18/2023,,active
STRM-100930,Grace,Bell,Los Angeles,CA,5/5/2023,,active
STRM-100931,Arthur,Adams,Dallas,TX,11/19/2023,,active
STRM-100932,Arthur,Nguyen,Houston,TX,3/27/2023,,active
STRM-100933,George,Russell,Omaha,NE,10/16/2023,,active
STRM-100934,Amber,Reed,Philadelphia,PA,4/21/2023,,active
STRM-100935,Ethan,Moreno,Austin,TX,4/23/2023,1/12/2025,in-active
STRM-100936,Andrew,Campbell,Raleigh,NC,12/4/2023,,active
STRM-100937,Kevin,Mendoza,Milwaukee,WI,11/2/2023,,active
STRM-100938,Ryan,Long,Portland,OR,3/9/2023,,active
STRM-100939,Stephanie,Butler,San Jose,CA,11/7/2023,,active
STRM-100940,Evelyn,Martinez,Cleveland,OH,9/30/2023,,active
STRM-100941,Mark,White,Albuquerque,NM,12/4/2023,,active
STRM-100942,Jordan,Smith,Wichita,KS,12/14/2023,,active
STRM-100943,Martha,Butler,Boston,MA,1/23/2023,,active
STRM-100944,Victoria,Collins,Bakersfield,CA,9/4/2023,10/13/2024,in-active
STRM-100945,Catherine,Sanchez,Detroit,MI,3/10/2023,,active
STRM-100946,Cynthia,Perez,Denver,CO,11/3/2023,1/9/2025,in-active
STRM-100947,Shirley,Carter,New York,NY,12/30/2023,1/21/2024,in-active
STRM-100948,Sara,Walker,Sacramento,CA,1/4/2023,,active
STRM-100949,Timothy,Watson,Memphis,TN,7/5/2023,,active
STRM-100950,Victoria,Cook,San Francisco,CA,10/2/2023,,active
STRM-100951,Janet,Peterson,Oakland,CA,7/23/2023,10/3/2024,in-active
STRM-100952,Ann,Moreno,Jacksonville,FL,7/9/2023,,active
STRM-100953,Judith,Cook,Washington,DC,10/23/2023,,active
STRM-100954,Diane,Scott,Virginia Beach,VA,3/2/2023,6/16/2024,in-active
STRM-100955,Carol,Sanchez,Columbus,OH,9/18/2023,,active
STRM-100956,Alexander,Wilson,Austin,TX,7/19/2023,8/8/2023,in-active
STRM-100957,Lisa,Nguyen,Albuquerque,NM,11/4/2023,,active
STRM-100958,Thomas,Ortiz,Indianapolis,IN,7/9/2023,,active
STRM-100959,Elizabeth,Foster,Las Vegas,NV,11/11/2023,,active
STRM-100960,Brenda,Anderson,Wichita,KS,3/31/2023,,active
STRM-100961,Douglas,Williams,Fort Worth,TX,12/3/2023,5/31/2025,in-active
STRM-100962,Brenda,Roberts,Chicago,IL,11/3/2023,,active
STRM-100963,Cynthia,Baker,Oakland,CA,1/19/2023,,active
STRM-100964,Denise,Smith,Austin,TX,2/14/2023,4/13/2024,in-active
STRM-100965,Patrick,Jenkins,Las Vegas,NV,10/28/2023,,active
STRM-100966,Patricia,Moore,Philadelphia,PA,10/9/2023,,active
STRM-100967,Teresa,Hughes,El Paso,TX,5/22/2023,,active
STRM-100968,Deborah,Patterson,Las Vegas,NV,10/22/2023,,active
STRM-100969,Brian,Sullivan,Fresno,CA,2/24/2023,,active
STRM-100970,Christian,Ramos,Oklahoma City,OK,3/1/2023,12/4/2023,in-active
STRM-100971,Frances,Cook,Minneapolis,MN,8/15/2023,3/28/2025,in-active
STRM-100972,Judith,Morales,New Orleans,LA,6/23/2023,10/19/2024,in-active
STRM-100973,Juan,Alexander,Colorado Springs,CO,1/15/2023,,active
STRM-100974,Eric,Moore,Portland,OR,11/21/2023,7/18/2024,in-active
STRM-100975,Marilyn,Collins,Bakersfield,CA,6/11/2023,,active
STRM-100976,Patrick,Williams,Minneapolis,MN,5/15/2023,,active
STRM-100977,Lisa,Perry,Oakland,CA,6/25/2023,,active
STRM-100978,Dorothy,Griffin,Nashville,TN,7/1/2023,,active
STRM-100979,Arthur,Morgan,Jacksonville,FL,12/16/2023,7/12/2024,in-active
STRM-100980,Cheryl,Phillips,Charlotte,NC,5/4/2023,12/16/2023,in-active
STRM-100981,Ryan,Phillips,Charlotte,NC,11/13/2023,,active
STRM-100982,Margaret,Walker,Philadelphia,PA,12/13/2023,5/15/2025,in-active
STRM-100983,Doris,Johnson,New Orleans,LA,10/5/2023,2/24/2025,in-active
STRM-100984,Ruth,Watson,Tucson,AZ,10/22/2023,3/22/2025,in-active
STRM-100985,George,Bailey,Las Vegas,NV,4/24/2023,9/17/2023,in-active
STRM-100986,Susan,Henderson,Albuquerque,NM,10/4/2023,,active
STRM-100987,Frank,Powell,Oakland,CA,3/31/2023,,active
STRM-100988,Mark,Alexander,Nashville,TN,12/19/2023,,active
STRM-100989,Alan,Turner,Portland,OR,10/25/2023,,active
STRM-100990,Raymond,Gutierrez,Jacksonville,FL,10/8/2023,,active
STRM-100991,Jonathan,Reynolds,Raleigh,NC,6/25/2023,,active
STRM-100992,Cheryl,Henderson,Columbus,OH,8/3/2023,,active
STRM-100993,Ruth,Sanders,Las Vegas,NV,5/24/2023,,active
STRM-100994,Arthur,King,Kansas City,MO,12/18/2023,,active
STRM-100995,Betty,Cooper,Bakersfield,CA,5/1/2023,,active
STRM-100996,Maria,Gomez,San Jose,CA,3/18/2023,,active
STRM-100997,John,Rivera,Memphis,TN,9/13/2023,,active
STRM-100998,Julia,Watson,Cleveland,OH,9/7/2023,,active
STRM-100999,Teresa,Gonzalez,Las Vegas,NV,2/20/2023,,active
STRM-101000,Jessica,Parker,San Francisco,CA,9/1/2023,12/23/2023,in-active
STRM-101001,Christina,Bennett,San Francisco,CA,7/4/2023,,active
STRM-101002,Austin,Rogers,El Paso,TX,1/11/2023,,active
STRM-101003,Catherine,Gomez,Kansas City,MO,10/22/2023,,active
STRM-101004,Frances,Hall,Wichita,KS,5/26/2023,,active
STRM-101005,Alan,West,Wichita,KS,8/17/2023,9/25/2024,in-active
STRM-101006,Doris,Kelly,Milwaukee,WI,11/20/2023,5/24/2024,in-active
STRM-101007,Judy,Gray,Memphis,TN,11/20/2023,,active
STRM-101008,Virginia,Jackson,Philadelphia,PA,3/24/2023,,active
STRM-101009,Benjamin,Brooks,Long Beach,CA,5/30/2023,,active
STRM-101010,Jordan,Jenkins,Seattle,WA,8/16/2023,9/5/2024,in-active
STRM-101011,Dylan,Jordan,Memphis,TN,3/27/2023,,active
STRM-101012,Jennifer,Allen,Tampa,FL,5/1/2023,,active
STRM-101013,Christopher,Turner,Austin,TX,7/23/2023,,active
STRM-101014,Thomas,Griffin,Atlanta,GA,1/28/2023,,active
STRM-101015,Diane,Perez,San Antonio,TX,5/15/2023,,active
STRM-101016,Nancy,Jimenez,Washington,DC,4/28/2023,,active
STRM-101017,Larry,Simmons,Miami,FL,3/6/2023,,active
STRM-101018,Amanda,Davis,Chicago,IL,12/6/2023,,active
STRM-101019,Christine,Griffin,Milwaukee,WI,10/4/2023,5/2/2025,in-active
STRM-101020,Kelly,Wright,Minneapolis,MN,10/4/2023,,active
STRM-101021,Jesse,Patterson,Miami,FL,11/22/2023,2/24/2025,in-active
STRM-101022,Terry,Richardson,El Paso,TX,9/4/2023,,active
STRM-101023,Daniel,Simmons,Washington,DC,7/7/2023,,active
STRM-101024,Michelle,Cox,New York,NY,1/1/2023,,active
STRM-101025,Steven,Ruiz,Denver,CO,8/29/2023,,active
STRM-101026,Megan,Wallace,Washington,DC,1/5/2023,11/15/2023,in-active
STRM-101027,Jesse,Reyes,Cleveland,OH,1/4/2023,,active
STRM-101028,Edward,Bell,Atlanta,GA,8/12/2023,,active
STRM-101029,Carol,Jimenez,Portland,OR,4/23/2023,,active
STRM-101030,Nathan,Morris,Sacramento,CA,11/10/2023,10/26/2025,in-active
STRM-101031,Helen,Reed,Long Beach,CA,9/30/2023,12/10/2024,in-active
STRM-101032,Edward,Moore,Jacksonville,FL,3/11/2023,,active
STRM-101033,Judy,Patterson,Raleigh,NC,8/20/2023,,active
STRM-101034,Abigail,Cole,Fort Worth,TX,6/14/2023,,active
STRM-101035,Richard,Garcia,Jacksonville,FL,2/22/2023,,active
STRM-101036,Paul,Vasquez,Tampa,FL,1/5/2023,,active
STRM-101037,Kenneth,Brown,Tucson,AZ,4/22/2023,,active
STRM-101038,Samantha,Bryant,Boston,MA,8/26/2023,,active
STRM-101039,William,James,Philadelphia,PA,3/16/2023,,active
STRM-101040,Tyler,Jackson,Mesa,AZ,8/29/2023,,active
STRM-101041,Nicholas,Ross,New York,NY,3/4/2023,11/28/2023,in-active
STRM-101042,Jerry,Simmons,Charlotte,NC,1/18/2023,,active
STRM-101043,Matthew,Turner,Albuquerque,NM,7/19/2023,,active
STRM-101044,Samantha,Chavez,Austin,TX,11/19/2023,6/18/2025,in-active
STRM-101045,Martha,Young,San Francisco,CA,9/4/2023,,active
STRM-101046,Ronald,Castillo,Houston,TX,12/8/2023,,active
STRM-101047,Donald,Stewart,Miami,FL,8/11/2023,,active
STRM-101048,Kevin,Peterson,Colorado Springs,CO,3/3/2023,,active
STRM-101049,Gary,Williams,Chicago,IL,10/25/2023,3/9/2025,in-active
STRM-101050,Jesse,Flores,Boston,MA,2/15/2023,,active
STRM-101051,Cheryl,White,Oakland,CA,11/13/2023,,active
STRM-101052,Joe,Thomas,Houston,TX,7/2/2023,,active
STRM-101053,Frances,Ramirez,Dallas,TX,9/7/2023,,active
STRM-101054,Austin,Ruiz,Bakersfield,CA,8/13/2023,9/18/2023,in-active
STRM-101055,Dennis,Alvarez,Tampa,FL,3/10/2023,,active
STRM-101056,David,West,Tulsa,OK,8/13/2023,,active
STRM-101057,Harold,Cole,Fort Worth,TX,10/18/2023,,active
STRM-101058,Catherine,Chavez,Tampa,FL,8/28/2023,,active
STRM-101059,Alice,Adams,Phoenix,AZ,9/29/2023,,active
STRM-101060,Pamela,Ortiz,Mesa,AZ,7/7/2023,,active
STRM-101061,Judy,Ross,Tampa,FL,4/5/2023,1/13/2025,in-active
STRM-101062,Janet,Morris,Nashville,TN,2/2/2023,,active
STRM-101063,Frances,Jimenez,Fort Worth,TX,9/26/2023,,active
STRM-101064,Ann,Flores,Raleigh,NC,5/25/2023,,active
STRM-101065,Gabriel,Chavez,San Diego,CA,2/19/2023,,active
STRM-101066,Sarah,Lopez,Dallas,TX,4/2/2023,11/9/2023,in-active
STRM-101067,Margaret,West,Fort Worth,TX,2/20/2023,,active
STRM-101068,Gabriel,Jimenez,Virginia Beach,VA,9/8/2023,,active
STRM-101069,Jean,Rogers,Houston,TX,7/7/2023,,active
STRM-101070,Charles,Brown,Columbus,OH,12/2/2023,,active
STRM-101071,Christopher,Graham,Bakersfield,CA,11/24/2023,,active
STRM-101072,Austin,Coleman,Boston,MA,12/29/2023,,active
STRM-101073,Doris,Morgan,Sacramento,CA,1/21/2023,12/13/2023,in-active
STRM-101074,Karen,Parker,Sacramento,CA,2/19/2023,,active
STRM-101075,Cynthia,Foster,Fort Worth,TX,4/9/2023,,active
STRM-101076,Amy,Rivera,Atlanta,GA,10/13/2023,,active
STRM-101077,Margaret,Alvarez,Oakland,CA,8/23/2023,,active
STRM-101078,Victoria,Clark,Austin,TX,4/3/2023,,active
STRM-101079,Andrea,Gray,Virginia Beach,VA,3/22/2023,,active
STRM-101080,Alice,Simmons,El Paso,TX,6/11/2023,,active
STRM-101081,Christine,Myers,Memphis,TN,11/21/2023,,active
STRM-101082,Samuel,Morris,Kansas City,MO,10/7/2023,,active
STRM-101083,Sean,Rogers,Boston,MA,8/20/2023,,active
STRM-101084,Diane,Smith,Tampa,FL,1/18/2023,10/4/2024,in-active
STRM-101085,Robert,Wright,Washington,DC,1/4/2023,,active
STRM-101086,Jeffrey,Diaz,Nashville,TN,1/12/2023,1/2/2025,in-active
STRM-101087,Stephen,Flores,San Antonio,TX,1/20/2023,,active
STRM-101088,Michelle,Scott,San Francisco,CA,7/7/2023,4/2/2024,in-active
STRM-101089,Cynthia,Rogers,Bakersfield,CA,6/3/2023,,active
STRM-101090,Aaron,Parker,Tampa,FL,2/9/2023,7/2/2024,in-active
STRM-101091,Brian,West,Minneapolis,MN,12/26/2023,,active
STRM-101092,Matthew,Kim,Chicago,IL,10/23/2023,,active
STRM-101093,Joseph,Bennett,El Paso,TX,8/11/2023,,active
STRM-101094,Mark,Collins,Arlington,TX,12/1/2023,12/27/2023,in-active
STRM-101095,Bruce,Ross,Houston,TX,6/6/2023,,active
STRM-101096,Katherine,Hill,Nashville,TN,9/15/2023,,active
STRM-101097,Michelle,Gonzalez,Oakland,CA,7/21/2023,4/5/2025,in-active
STRM-101098,Sara,White,Indianapolis,IN,8/10/2023,,active
STRM-101099,Tyler,Nguyen,Dallas,TX,6/22/2023,,active
STRM-101100,Arthur,Gonzalez,Atlanta,GA,7/24/2023,,active
STRM-101101,Aaron,Fisher,Wichita,KS,12/24/2023,,active
STRM-101102,Steven,Moreno,Atlanta,GA,4/12/2023,,active
STRM-101103,Logan,Gomez,Atlanta,GA,11/12/2023,5/16/2025,in-active
STRM-101104,Amy,Morales,Phoenix,AZ,5/17/2023,4/27/2024,in-active
STRM-101105,Danielle,Thompson,San Diego,CA,12/10/2023,,active
STRM-101106,Janet,Hughes,Fort Worth,TX,6/14/2023,,active
STRM-101107,Denise,Miller,Wichita,KS,6/6/2023,,active
STRM-101108,Catherine,Simmons,Raleigh,NC,3/16/2023,,active
STRM-101109,Cynthia,Phillips,Oakland,CA,7/11/2023,,active
STRM-101110,Nancy,Lewis,Arlington,TX,1/28/2023,,active
STRM-101111,Billy,Nguyen,Denver,CO,1/8/2023,,active
STRM-101112,Donald,Ward,Baltimore,MD,8/30/2023,,active
STRM-101113,Rebecca,Diaz,Columbus,OH,10/7/2023,,active
STRM-101114,Eric,Moreno,Raleigh,NC,3/14/2023,,active
STRM-101115,Doris,Jones,Portland,OR,10/26/2023,5/2/2025,in-active
STRM-101116,Barbara,Rogers,Austin,TX,1/31/2023,,active
STRM-101117,Billy,Cooper,Houston,TX,8/27/2023,,active
STRM-101118,John,Moore,Portland,OR,12/5/2023,,active
STRM-101119,Albert,Castillo,San Antonio,TX,1/10/2023,,active
STRM-101120,Logan,Foster,Indianapolis,IN,7/14/2023,,active
STRM-101121,Betty,Watson,Tucson,AZ,11/2/2023,,active
STRM-101122,Melissa,Gomez,Fresno,CA,8/23/2023,,active
STRM-101123,Jennifer,Hernandez,Charlotte,NC,9/29/2023,,active
STRM-101124,Megan,Powell,Arlington,TX,3/22/2023,,active
STRM-101125,Danielle,Price,El Paso,TX,11/17/2023,,active
STRM-101126,Christian,Peterson,Bakersfield,CA,2/1/2023,,active
STRM-101127,Heather,Davis,Atlanta,GA,5/24/2023,,active
STRM-101128,Rachel,Powell,Virginia Beach,VA,3/12/2023,,active
STRM-101129,Maria,Collins,Memphis,TN,5/4/2023,,active
STRM-101130,Victoria,Richardson,Omaha,NE,6/18/2023,,active
STRM-101131,Kimberly,Evans,Long Beach,CA,3/12/2023,,active
STRM-101132,Danielle,Phillips,Dallas,TX,6/8/2023,,active
STRM-101133,Terry,Wright,Detroit,MI,3/16/2023,,active
STRM-101134,Carl,Green,Nashville,TN,2/4/2023,,active
STRM-101135,Mark,Mitchell,Nashville,TN,3/16/2023,2/20/2024,in-active
STRM-101136,Julie,Bell,Washington,DC,8/15/2023,6/12/2025,in-active
STRM-101137,Stephen,Hill,Wichita,KS,4/7/2023,,active
STRM-101138,Melissa,Miller,New Orleans,LA,11/10/2023,,active
STRM-101139,Madison,Reyes,Omaha,NE,4/29/2023,,active
STRM-101140,Michael,Alvarez,Philadelphia,PA,12/19/2023,5/19/2024,in-active
STRM-101141,Christian,Reynolds,Tulsa,OK,11/29/2023,,active
STRM-101142,Heather,Cole,Albuquerque,NM,3/12/2023,,active
STRM-101143,Laura,Rodriguez,Memphis,TN,1/8/2023,3/20/2024,in-active
STRM-101144,Jeffrey,Phillips,New Orleans,LA,4/15/2023,,active
STRM-101145,Douglas,Cole,Minneapolis,MN,6/16/2023,3/9/2024,in-active
STRM-101146,Victoria,Russell,Wichita,KS,1/22/2023,,active
STRM-101147,Maria,Watson,Las Vegas,NV,11/10/2023,7/2/2025,in-active
STRM-101148,Jesse,Martinez,Sacramento,CA,2/25/2023,,active
STRM-101149,David,Morales,Sacramento,CA,10/3/2023,,active
STRM-101150,David,Jimenez,Sacramento,CA,11/19/2023,6/15/2024,in-active
STRM-101151,Justin,Vasquez,Las Vegas,NV,6/5/2023,4/7/2024,in-active
STRM-101152,Kyle,Nelson,Detroit,MI,5/31/2023,,active
STRM-101153,Susan,Torres,Milwaukee,WI,11/27/2023,,active
STRM-101154,Christian,Lewis,Jacksonville,FL,10/27/2023,10/23/2025,in-active
STRM-101155,Gloria,Wright,Las Vegas,NV,7/31/2023,,active
STRM-101156,Michael,Rivera,Milwaukee,WI,10/30/2023,6/7/2024,in-active
STRM-101157,Peter,White,San Francisco,CA,6/15/2023,,active
STRM-101158,Carol,Young,Philadelphia,PA,2/28/2023,,active
STRM-101159,Bruce,Castillo,Philadelphia,PA,9/26/2023,,active
STRM-101160,Keith,Green,Portland,OR,10/9/2023,,active
STRM-101161,Amanda,Bennett,Kansas City,MO,12/4/2023,6/2/2024,in-active
STRM-101162,Donna,Rivera,Wichita,KS,12/31/2023,,active
STRM-101163,Brandon,Richardson,Tampa,FL,8/17/2023,,active
STRM-101164,George,Walker,Dallas,TX,4/14/2023,,active
STRM-101165,Nicholas,Brown,Milwaukee,WI,9/12/2023,4/5/2025,in-active
STRM-101166,Mary,Hayes,Charlotte,NC,4/22/2023,,active
STRM-101167,Evelyn,Patterson,Memphis,TN,8/15/2023,,active
STRM-101168,Alice,Johnson,Charlotte,NC,10/8/2023,,active
STRM-101169,Joe,Turner,Houston,TX,4/5/2023,,active
STRM-101170,Denise,Hughes,Chicago,IL,3/16/2023,2/11/2025,in-active
STRM-101171,Sara,Kim,Oklahoma City,OK,2/14/2023,,active
STRM-101172,Adam,Rivera,Austin,TX,12/11/2023,,active
STRM-101173,Amber,Rivera,Milwaukee,WI,10/24/2023,,active
STRM-101174,Elizabeth,White,Wichita,KS,6/3/2023,,active
STRM-101175,Maria,Moore,New Orleans,LA,8/7/2023,10/27/2023,in-active
STRM-101176,Justin,Reynolds,Dallas,TX,3/4/2023,,active
STRM-101177,Stephen,James,Sacramento,CA,7/31/2023,,active
STRM-101178,Rebecca,Anderson,San Antonio,TX,10/20/2023,8/9/2025,in-active
STRM-101179,Jacqueline,Thompson,Albuquerque,NM,12/19/2023,,active
STRM-101180,Brenda,Barnes,Omaha,NE,6/12/2023,,active
STRM-101181,Sara,Price,Dallas,TX,11/11/2023,,active
STRM-101182,Martha,Bryant,Tucson,AZ,4/3/2023,12/12/2023,in-active
STRM-101183,Justin,Roberts,New York,NY,3/2/2023,,active
STRM-101184,Joe,Walker,Arlington,TX,4/17/2023,6/29/2024,in-active
STRM-101185,Julie,Lopez,Oklahoma City,OK,6/29/2023,,active
STRM-101186,Judy,Diaz,New York,NY,11/24/2023,,active
STRM-101187,Larry,Rogers,Cleveland,OH,2/4/2023,,active
STRM-101188,Andrea,Chavez,Wichita,KS,1/4/2023,,active
STRM-101189,Debra,Mendoza,Las Vegas,NV,10/19/2023,,active
STRM-101190,Linda,Hall,Fort Worth,TX,6/19/2023,5/22/2025,in-active
STRM-101191,Walter,Griffin,Bakersfield,CA,1/19/2023,,active
STRM-101192,Judith,Flores,Miami,FL,8/24/2023,3/10/2025,in-active
STRM-101193,Debra,Hamilton,Cleveland,OH,7/31/2023,10/11/2023,in-active
STRM-101194,Martha,Kim,Kansas City,MO,12/14/2023,,active
STRM-101195,Frances,Jones,Columbus,OH,10/23/2023,,active
STRM-101196,Patrick,Taylor,San Jose,CA,5/24/2023,5/20/2024,in-active
STRM-101197,Dennis,Nelson,Kansas City,MO,11/7/2023,,active
STRM-101198,Jesse,Robinson,Cleveland,OH,6/7/2023,,active
STRM-101199,Benjamin,Rodriguez,Seattle,WA,7/31/2023,,active
STRM-101200,Jacob,Myers,Baltimore,MD,6/4/2023,,active
STRM-101201,Nicole,Hall,San Diego,CA,7/11/2023,2/17/2024,in-active
STRM-101202,Lisa,Simmons,Fresno,CA,1/13/2023,6/23/2024,in-active
STRM-101203,Michelle,Carter,Oklahoma City,OK,9/5/2023,3/9/2025,in-active
STRM-101204,Samantha,Wood,San Jose,CA,2/20/2023,8/16/2024,in-active
STRM-101205,Marilyn,King,Columbus,OH,1/19/2023,,active
STRM-101206,Martha,Robinson,New York,NY,6/9/2023,5/27/2025,in-active
STRM-101207,Jesse,Thompson,Oklahoma City,OK,8/28/2023,12/26/2023,in-active
STRM-101208,Martha,Richardson,Los Angeles,CA,10/23/2023,8/22/2025,in-active
STRM-101209,Rebecca,Chavez,Fort Worth,TX,4/9/2023,,active
STRM-101210,Gerald,Brooks,Wichita,KS,8/14/2023,,active
STRM-101211,Helen,Hill,Austin,TX,5/21/2023,,active
STRM-101212,Abigail,Clark,Columbus,OH,10/5/2023,,active
STRM-101213,Katherine,Cooper,San Jose,CA,12/27/2023,8/20/2025,in-active
STRM-101214,Gary,Baker,Phoenix,AZ,6/9/2023,,active
STRM-101215,Alexander,Simmons,Houston,TX,3/8/2023,,active
STRM-101216,Alan,Gonzalez,San Antonio,TX,7/16/2023,,active
STRM-101217,Victoria,Powell,Jacksonville,FL,12/27/2023,,active
STRM-101218,Jean,Romero,Raleigh,NC,7/2/2023,,active
STRM-101219,Ronald,Lee,New Orleans,LA,8/27/2023,,active
STRM-101220,Lisa,Graham,San Antonio,TX,8/22/2023,,active
STRM-101221,Gabriel,Graham,Albuquerque,NM,4/29/2023,10/8/2023,in-active
STRM-101222,Doris,Gutierrez,Boston,MA,7/20/2023,,active
STRM-101223,Willie,James,Cleveland,OH,6/16/2023,,active
STRM-101224,Linda,Taylor,Albuquerque,NM,2/27/2023,,active
STRM-101225,Kyle,Baker,Denver,CO,6/28/2023,,active
STRM-101226,Paul,Clark,Las Vegas,NV,2/24/2023,,active
STRM-101227,Logan,Jackson,Cleveland,OH,6/4/2023,,active
STRM-101228,Aaron,Bell,Charlotte,NC,11/14/2023,,active
STRM-101229,Joshua,Moreno,Portland,OR,2/3/2023,,active
STRM-101230,Jean,Gonzales,Cleveland,OH,8/11/2023,,active
STRM-101231,Rachel,Stewart,Jacksonville,FL,12/6/2023,,active
STRM-101232,Arthur,West,San Diego,CA,10/31/2023,,active
STRM-101233,Christine,Harris,Baltimore,MD,4/1/2023,,active
STRM-101234,Virginia,Moore,Omaha,NE,2/25/2023,,active
STRM-101235,Jesse,Ross,Nashville,TN,9/11/2023,,active
STRM-101236,Jessica,White,Columbus,OH,3/13/2023,1/7/2025,in-active
STRM-101237,James,Nguyen,Virginia Beach,VA,3/18/2023,,active
STRM-101238,Justin,Jimenez,Raleigh,NC,10/23/2023,,active
STRM-101239,Timothy,Brooks,Washington,DC,10/19/2023,9/28/2025,in-active
STRM-101240,Nicole,Fisher,Tulsa,OK,6/26/2023,2/26/2025,in-active
STRM-101241,John,Russell,Dallas,TX,5/31/2023,,active
STRM-101242,Sean,Wilson,New York,NY,12/27/2023,,active
STRM-101243,Carolyn,Lewis,Denver,CO,1/16/2023,,active
STRM-101244,Jean,Powell,Miami,FL,6/12/2023,,active
STRM-101245,Virginia,Ross,Detroit,MI,10/7/2023,,active
STRM-101246,Brian,Griffin,Dallas,TX,4/7/2023,,active
STRM-101247,Raymond,Coleman,San Jose,CA,5/28/2023,4/28/2025,in-active
STRM-101248,Paul,Wright,New York,NY,2/6/2023,,active
STRM-101249,Andrew,West,Virginia Beach,VA,8/12/2023,1/13/2024,in-active
STRM-101250,Nancy,Scott,Long Beach,CA,8/1/2023,7/28/2025,in-active
STRM-101251,Jordan,Henderson,Raleigh,NC,4/3/2023,,active
STRM-101252,Nathan,Jordan,Portland,OR,7/1/2023,,active
STRM-101253,Nathan,Johnson,Kansas City,MO,9/13/2023,5/27/2024,in-active
STRM-101254,Christian,Morgan,Memphis,TN,10/7/2023,,active
STRM-101255,William,Martinez,Kansas City,MO,9/5/2023,,active
STRM-101256,Donald,Moreno,Minneapolis,MN,2/10/2023,,active
STRM-101257,Terry,Bailey,Milwaukee,WI,9/22/2023,,active
STRM-101258,Bryan,Thompson,Charlotte,NC,8/30/2023,,active
STRM-101259,Amber,Martin,Oakland,CA,11/21/2023,,active
STRM-101260,Lawrence,Richardson,Raleigh,NC,1/28/2023,8/12/2024,in-active
STRM-101261,John,Reynolds,Milwaukee,WI,9/20/2023,5/14/2025,in-active
STRM-101262,Gregory,Butler,El Paso,TX,5/31/2023,,active
STRM-101263,Elizabeth,Cox,Tampa,FL,10/16/2023,,active
STRM-101264,Julia,Griffin,Colorado Springs,CO,3/28/2023,,active
STRM-101265,Albert,Howard,Bakersfield,CA,11/16/2023,,active
STRM-101266,Noah,Perez,Dallas,TX,9/16/2023,,active
STRM-101267,Anna,Cook,Dallas,TX,11/12/2023,,active
STRM-101268,Shirley,Brown,Arlington,TX,2/27/2023,,active
STRM-101269,Jean,Hill,Virginia Beach,VA,8/17/2023,,active
STRM-101270,Brian,Gutierrez,Cleveland,OH,12/25/2023,,active
STRM-101271,George,Rodriguez,Oklahoma City,OK,2/13/2023,10/29/2024,in-active
STRM-101272,Michelle,Hayes,New Orleans,LA,7/31/2023,4/14/2024,in-active
STRM-101273,Amber,Vasquez,Tampa,FL,11/23/2023,,active
STRM-101274,Sara,Ruiz,Houston,TX,11/25/2023,,active
STRM-101275,Sandra,Wilson,Austin,TX,8/26/2023,,active
STRM-101276,Nicole,Griffin,Arlington,TX,9/30/2023,,active
STRM-101277,Juan,Jimenez,Albuquerque,NM,5/15/2023,,active
STRM-101278,Olivia,Brown,Denver,CO,8/18/2023,,active
STRM-101279,Benjamin,Hernandez,San Antonio,TX,9/30/2023,,active
STRM-101280,Henry,Cooper,Oklahoma City,OK,5/19/2023,,active
STRM-101281,Betty,Rogers,Long Beach,CA,10/27/2023,,active
STRM-101282,Alan,Morris,Tampa,FL,12/11/2023,,active
STRM-101283,Deborah,Gray,Oakland,CA,12/20/2023,11/19/2024,in-active
STRM-101284,Sean,Williams,Oakland,CA,1/5/2023,2/1/2023,in-active
STRM-101285,Julie,Sanchez,Sacramento,CA,2/23/2023,,active
STRM-101286,Catherine,Cruz,Tampa,FL,5/26/2023,,active
STRM-101287,William,Miller,Raleigh,NC,2/17/2023,,active
STRM-101288,Jesse,Parker,Omaha,NE,11/23/2023,,active
STRM-101289,Mark,Thompson,Omaha,NE,3/8/2023,,active
STRM-101290,Grace,Mitchell,San Diego,CA,12/23/2023,,active
STRM-101291,Pamela,Graham,Virginia Beach,VA,2/8/2023,,active
STRM-101292,Stephen,Barnes,Minneapolis,MN,12/8/2023,11/18/2024,in-active
STRM-101293,Shirley,Adams,Wichita,KS,2/7/2023,,active
STRM-101294,Jessica,Ross,Portland,OR,6/20/2023,3/25/2024,in-active
STRM-101295,Angela,Rivera,Baltimore,MD,2/5/2023,,active
STRM-101296,Stephanie,Powell,Jacksonville,FL,11/27/2023,,active
STRM-101297,Andrew,Gonzales,Columbus,OH,11/11/2023,,active
STRM-101298,Kelly,Gutierrez,San Antonio,TX,1/18/2023,,active
STRM-101299,Arthur,Cook,Wichita,KS,8/17/2023,,active
STRM-101300,Cheryl,Hill,Long Beach,CA,11/24/2023,,active
STRM-101301,Elizabeth,Jimenez,Seattle,WA,3/19/2023,,active
STRM-101302,Tyler,Smith,Fresno,CA,12/29/2023,5/29/2025,in-active
STRM-101303,Walter,Fisher,Las Vegas,NV,2/5/2023,,active
STRM-101304,James,Foster,Minneapolis,MN,9/4/2023,,active
STRM-101305,Frances,Alvarez,Oklahoma City,OK,12/16/2023,,active
STRM-101306,Joseph,White,Boston,MA,10/1/2023,9/28/2024,in-active
STRM-101307,Christopher,Alexander,New Orleans,LA,5/29/2023,,active
STRM-101308,Dorothy,Hernandez,Portland,OR,12/5/2023,,active
STRM-101309,Heather,Ramirez,Miami,FL,12/19/2023,,active
STRM-101310,Nancy,Vasquez,Arlington,TX,4/8/2023,,active
STRM-101311,Deborah,Miller,Tampa,FL,10/31/2023,,active
STRM-101312,Heather,Taylor,Cleveland,OH,10/4/2023,,active
STRM-101313,Cheryl,Jordan,Los Angeles,CA,1/19/2023,,active
STRM-101314,Alexander,Hernandez,Las Vegas,NV,3/2/2023,,active
STRM-101315,Denise,Alexander,Oakland,CA,10/2/2023,,active
STRM-101316,Lawrence,Reyes,Phoenix,AZ,1/19/2023,6/17/2024,in-active
STRM-101317,Denise,Jones,Albuquerque,NM,11/13/2023,,active
STRM-101318,Logan,King,New York,NY,3/30/2023,,active
STRM-101319,Brandon,Harris,Milwaukee,WI,11/9/2023,,active
STRM-101320,Jean,Taylor,San Antonio,TX,2/28/2023,,active
STRM-101321,Doris,Cruz,Phoenix,AZ,4/14/2023,,active
STRM-101322,Marilyn,Perry,Nashville,TN,3/3/2023,10/27/2024,in-active
STRM-101323,Gloria,Scott,Nashville,TN,4/20/2023,1/1/2025,in-active
STRM-101324,Brian,Bennett,Phoenix,AZ,3/3/2023,,active
STRM-101325,Adam,Baker,Minneapolis,MN,7/9/2023,,active
STRM-101326,Douglas,Morales,Colorado Springs,CO,1/21/2023,,active
STRM-101327,Julia,Long,Wichita,KS,3/22/2023,,active
STRM-101328,Noah,Lee,New York,NY,1/4/2023,,active
STRM-101329,Daniel,Reed,Memphis,TN,12/22/2023,5/7/2025,in-active
STRM-101330,Paul,Evans,San Jose,CA,11/24/2023,,active
STRM-101331,Christina,Bell,Charlotte,NC,3/31/2023,,active
STRM-101332,Elizabeth,Campbell,Tulsa,OK,9/13/2023,,active
STRM-101333,Daniel,Cox,El Paso,TX,8/3/2023,,active
STRM-101334,Jacob,Roberts,San Diego,CA,9/29/2023,7/8/2025,in-active
STRM-101335,Raymond,Cruz,Milwaukee,WI,11/17/2023,,active
STRM-101336,Stephen,Wilson,Fort Worth,TX,2/27/2023,2/12/2025,in-active
STRM-101337,Evelyn,Bryant,Jacksonville,FL,3/23/2023,,active
STRM-101338,Barbara,Wilson,Long Beach,CA,7/6/2023,,active
STRM-101339,Olivia,Cook,Oklahoma City,OK,11/12/2023,3/5/2025,in-active
STRM-101340,Barbara,Clark,Arlington,TX,1/27/2023,8/10/2023,in-active
STRM-101341,Joshua,Davis,Tucson,AZ,9/21/2023,,active
STRM-101342,Jacob,Simmons,Colorado Springs,CO,10/24/2023,,active
STRM-101343,Ronald,Wood,Indianapolis,IN,2/26/2023,,active
STRM-101344,Betty,Stewart,Arlington,TX,7/31/2023,9/2/2024,in-active
STRM-101345,Jeffrey,Jackson,Albuquerque,NM,10/27/2023,,active
STRM-101346,Olivia,Nguyen,Columbus,OH,11/9/2023,,active
STRM-101347,Heather,Myers,Dallas,TX,8/23/2023,,active
STRM-101348,Julia,Alvarez,Seattle,WA,4/14/2023,,active
STRM-101349,William,Thomas,Seattle,WA,3/11/2023,,active
STRM-101350,Joan,Alexander,Memphis,TN,3/29/2023,11/24/2023,in-active
STRM-101351,Pamela,Green,Cleveland,OH,11/23/2023,5/30/2024,in-active
STRM-101352,Sara,Collins,Philadelphia,PA,7/30/2023,12/26/2024,in-active
STRM-101353,Sharon,Griffin,Milwaukee,WI,5/23/2023,,active
STRM-101354,Victoria,Murphy,Charlotte,NC,6/17/2023,,active
STRM-101355,Jeffrey,Hill,Kansas City,MO,1/3/2023,,active
STRM-101356,Barbara,Hernandez,Albuquerque,NM,9/16/2023,,active
STRM-101357,Jacqueline,Powell,Albuquerque,NM,12/23/2023,4/14/2025,in-active
STRM-101358,Jeremy,Morris,Philadelphia,PA,10/13/2023,10/6/2025,in-active
STRM-101359,Jose,Parker,Dallas,TX,7/3/2023,,active
STRM-101360,Grace,White,Los Angeles,CA,9/3/2023,,active
STRM-101361,Carol,Alexander,Kansas City,MO,10/26/2023,,active
STRM-101362,Peter,Hamilton,Wichita,KS,3/12/2023,5/15/2024,in-active
STRM-101363,Melissa,Patel,Miami,FL,8/26/2023,,active
STRM-101364,James,Jackson,Portland,OR,12/20/2023,,active
STRM-101365,William,Ramos,Detroit,MI,5/19/2023,,active
STRM-101366,Bryan,Turner,Cleveland,OH,12/17/2023,,active
STRM-101367,Debra,Anderson,Fresno,CA,12/12/2023,,active
STRM-101368,Susan,Lewis,Portland,OR,7/7/2023,,active
STRM-101369,David,Sanders,Boston,MA,3/31/2023,,active
STRM-101370,Sarah,Evans,Dallas,TX,6/21/2023,,active
STRM-101371,Sandra,Wallace,Arlington,TX,10/25/2023,6/10/2024,in-active
STRM-101372,Laura,Chavez,El Paso,TX,5/17/2023,,active
STRM-101373,Nathan,Peterson,Houston,TX,2/2/2023,,active
STRM-101374,Christina,West,Fresno,CA,9/27/2023,2/4/2025,in-active
STRM-101375,Gerald,Howard,Baltimore,MD,11/14/2023,,active
STRM-101376,Alan,Taylor,Fort Worth,TX,8/23/2023,,active
STRM-101377,Tyler,Rivera,Denver,CO,2/9/2023,,active
STRM-101378,Stephen,Lewis,Minneapolis,MN,3/17/2023,,active
STRM-101379,Timothy,Garcia,Denver,CO,8/2/2023,2/21/2025,in-active
STRM-101380,Kimberly,Griffin,El Paso,TX,8/4/2023,,active
STRM-101381,Grace,Garcia,Denver,CO,4/7/2023,,active
STRM-101382,Cynthia,Bennett,Memphis,TN,10/24/2023,,active
STRM-101383,Grace,Wood,Tucson,AZ,10/31/2023,,active
STRM-101384,Jacqueline,Simmons,Milwaukee,WI,6/5/2023,,active
STRM-101385,Brandon,Baker,Cleveland,OH,5/14/2023,,active
STRM-101386,Ruth,Kelly,Wichita,KS,1/25/2023,,active
STRM-101387,Larry,Patterson,Austin,TX,11/13/2023,5/29/2025,in-active
STRM-101388,Brenda,Campbell,Jacksonville,FL,12/29/2023,,active
STRM-101389,Willie,Flores,Austin,TX,5/2/2023,,active
STRM-101390,Katherine,Allen,Baltimore,MD,5/14/2023,,active
STRM-101391,Timothy,Rodriguez,Virginia Beach,VA,6/12/2023,11/25/2023,in-active
STRM-101392,Ruth,Romero,Mesa,AZ,3/25/2023,,active
STRM-101393,Ashley,Miller,Las Vegas,NV,9/13/2023,1/9/2025,in-active
STRM-101394,Katherine,Flores,New York,NY,10/7/2023,9/25/2024,in-active
STRM-101395,Grace,Ramos,Albuquerque,NM,5/29/2023,1/20/2025,in-active
STRM-101396,Willie,Nguyen,Bakersfield,CA,10/17/2023,1/26/2025,in-active
STRM-101397,Alexander,Lewis,Tampa,FL,9/3/2023,2/7/2024,in-active
STRM-101398,Marilyn,Robinson,Washington,DC,1/13/2023,,active
STRM-101399,Jeffrey,Romero,El Paso,TX,2/17/2023,,active
STRM-101400,Madison,Roberts,Colorado Springs,CO,9/27/2023,,active
STRM-101401,Anna,Gomez,Los Angeles,CA,2/12/2023,,active
STRM-101402,Zachary,Thompson,Fresno,CA,7/21/2023,,active
STRM-101403,Katherine,Anderson,Virginia Beach,VA,7/4/2023,,active
STRM-101404,Victoria,Patel,Portland,OR,7/10/2023,,active
STRM-101405,Frank,Hughes,Washington,DC,8/17/2023,11/29/2023,in-active
STRM-101406,Sharon,Simmons,Arlington,TX,8/1/2023,6/6/2024,in-active
STRM-101407,Carol,Henderson,Tampa,FL,8/1/2023,,active
STRM-101408,Dylan,Thompson,San Jose,CA,4/17/2023,,active
STRM-101409,Terry,Bennett,Phoenix,AZ,10/30/2023,2/12/2024,in-active
STRM-101410,Mary,Sullivan,Miami,FL,5/20/2023,,active
STRM-101411,Austin,Hamilton,Tulsa,OK,10/18/2023,3/21/2024,in-active
STRM-101412,Stephanie,Mitchell,Portland,OR,5/29/2023,,active
STRM-101413,David,Cox,Colorado Springs,CO,6/5/2023,,active
STRM-101414,Kyle,Edwards,Los Angeles,CA,1/2/2023,,active
STRM-101415,Scott,Reynolds,San Diego,CA,12/1/2023,,active
STRM-101416,Brenda,Coleman,Jacksonville,FL,9/9/2023,7/15/2025,in-active
STRM-101417,Gary,Davis,San Diego,CA,5/22/2023,,active
STRM-101418,Sarah,Castillo,Colorado Springs,CO,9/4/2023,,active
STRM-101419,Eric,Griffin,Minneapolis,MN,3/3/2023,,active
STRM-101420,Sara,Jones,San Francisco,CA,3/25/2023,,active
STRM-101421,Donna,Brooks,Milwaukee,WI,12/21/2023,,active
STRM-101422,Carol,Wilson,Seattle,WA,7/4/2023,,active
STRM-101423,Carolyn,Gonzalez,Denver,CO,5/30/2023,,active
STRM-101424,Karen,Roberts,Wichita,KS,11/18/2023,,active
STRM-101425,Matthew,Nelson,Mesa,AZ,6/15/2023,5/31/2025,in-active
STRM-101426,Nicole,Cooper,Oakland,CA,12/24/2023,,active
STRM-101427,Matthew,Price,San Jose,CA,1/7/2023,,active
STRM-101428,Larry,Myers,Wichita,KS,9/6/2023,,active
STRM-101429,Carol,Clark,Columbus,OH,3/21/2023,,active
STRM-101430,Edward,Robinson,Memphis,TN,8/24/2023,1/5/2024,in-active
STRM-101431,Kimberly,Jones,Albuquerque,NM,6/28/2023,,active
STRM-101432,Raymond,Scott,Baltimore,MD,11/2/2023,,active
STRM-101433,Rachel,Hall,Tulsa,OK,6/5/2023,,active
STRM-101434,Mark,Cruz,Dallas,TX,12/22/2023,,active
STRM-101435,Ryan,Ward,Dallas,TX,4/18/2023,,active
STRM-101436,Christopher,Henderson,Minneapolis,MN,2/27/2023,,active
STRM-101437,Judith,Gonzales,Chicago,IL,4/11/2023,,active
STRM-101438,Albert,Thomas,Albuquerque,NM,3/2/2023,4/30/2023,in-active
STRM-101439,Thomas,Cox,Virginia Beach,VA,1/6/2023,5/27/2023,in-active
STRM-101440,Jordan,Evans,Colorado Springs,CO,4/13/2023,,active
STRM-101441,Catherine,Davis,Philadelphia,PA,3/16/2023,1/9/2024,in-active
STRM-101442,Lawrence,Hughes,El Paso,TX,3/24/2023,12/25/2024,in-active
STRM-101443,Kathleen,Moore,San Antonio,TX,10/24/2023,5/2/2025,in-active
STRM-101444,Sharon,Roberts,Denver,CO,3/29/2023,10/14/2024,in-active
STRM-101445,Mary,Sanchez,Columbus,OH,9/16/2023,1/29/2025,in-active
STRM-101446,Janet,Mitchell,Baltimore,MD,12/11/2023,6/28/2024,in-active
STRM-101447,Patrick,Ross,Detroit,MI,4/20/2023,,active
STRM-101448,Jose,Lewis,New Orleans,LA,6/10/2023,,active
STRM-101449,Donald,Wright,Tucson,AZ,7/4/2023,,active
STRM-101450,Austin,Hernandez,Philadelphia,PA,6/17/2023,,active
STRM-101451,Jerry,Reed,Milwaukee,WI,11/4/2023,10/22/2025,in-active
STRM-101452,Kelly,Edwards,Atlanta,GA,7/28/2023,,active
STRM-101453,Victoria,Carter,Phoenix,AZ,9/1/2023,9/26/2024,in-active
STRM-101454,Dorothy,Brown,Oakland,CA,9/9/2023,,active
STRM-101455,Diane,Vasquez,Sacramento,CA,12/4/2023,,active
STRM-101456,Mark,Torres,Las Vegas,NV,7/25/2023,,active
STRM-101457,Anthony,Baker,Phoenix,AZ,7/6/2023,7/1/2024,in-active
STRM-101458,Stephanie,Russell,San Diego,CA,4/30/2023,10/7/2024,in-active
STRM-101459,Anna,Cooper,New Orleans,LA,11/26/2023,12/9/2024,in-active
STRM-101460,Evelyn,Russell,Tucson,AZ,9/19/2023,,active
STRM-101461,Peter,Ramirez,San Diego,CA,5/9/2023,,active
STRM-101462,Cynthia,Wright,Los Angeles,CA,2/20/2023,5/15/2023,in-active
STRM-101463,Cheryl,Miller,Jacksonville,FL,7/15/2023,,active
STRM-101464,Christine,Flores,Washington,DC,11/15/2023,,active
STRM-101465,Karen,Hayes,Cleveland,OH,8/27/2023,,active
STRM-101466,Amber,Bryant,Tucson,AZ,9/16/2023,,active
STRM-101467,Rachel,Jones,New Orleans,LA,1/17/2023,6/2/2023,in-active
STRM-101468,Jerry,Jordan,Nashville,TN,7/12/2023,,active
STRM-101469,Elizabeth,Rodriguez,Jacksonville,FL,10/13/2023,,active
STRM-101470,Nicole,Nelson,Tucson,AZ,8/9/2023,,active
STRM-101471,Heather,West,New Orleans,LA,2/26/2023,,active
STRM-101472,Megan,Reynolds,Albuquerque,NM,10/15/2023,3/31/2025,in-active
STRM-101473,Joseph,Powell,San Francisco,CA,9/11/2023,,active
STRM-101474,Dennis,Price,Wichita,KS,5/26/2023,,active
STRM-101475,Linda,Lopez,Dallas,TX,7/7/2023,,active
STRM-101476,Janice,Miller,New Orleans,LA,11/17/2023,,active
STRM-101477,Matthew,Barnes,El Paso,TX,7/2/2023,,active
STRM-101478,Joseph,Morales,Charlotte,NC,5/1/2023,,active
STRM-101479,Jean,Perez,Minneapolis,MN,2/3/2023,6/15/2023,in-active
STRM-101480,Alexander,Baker,Los Angeles,CA,10/3/2023,,active
STRM-101481,Lauren,Henderson,Kansas City,MO,9/21/2023,7/5/2024,in-active
STRM-101482,Jennifer,Reynolds,Colorado Springs,CO,1/12/2023,2/17/2024,in-active
STRM-101483,Arthur,Jimenez,Nashville,TN,10/21/2023,,active
STRM-101484,Megan,Sanchez,Minneapolis,MN,12/12/2023,,active
STRM-101485,Cheryl,Gray,Austin,TX,11/11/2023,,active
STRM-101486,Olivia,Phillips,Tucson,AZ,11/22/2023,2/22/2024,in-active
STRM-101487,Frances,Diaz,Denver,CO,5/16/2023,,active
STRM-101488,Arthur,Perry,Bakersfield,CA,4/26/2023,,active
STRM-101489,Lisa,Harris,Colorado Springs,CO,6/22/2023,,active
STRM-101490,Kathryn,Griffin,Detroit,MI,4/18/2023,,active
STRM-101491,Karen,Cox,Fresno,CA,6/3/2023,,active
STRM-101492,Harold,Watson,Fort Worth,TX,8/1/2023,,active
STRM-101493,Abigail,Patterson,Virginia Beach,VA,10/8/2023,,active
STRM-101494,Robert,Mitchell,Kansas City,MO,9/13/2023,,active
STRM-101495,Joan,Morgan,Miami,FL,9/30/2023,1/1/2025,in-active
STRM-101496,Carl,Thomas,Sacramento,CA,4/13/2023,,active
STRM-101497,Donna,Morris,San Jose,CA,12/17/2023,3/21/2025,in-active
STRM-101498,Julie,Brooks,Phoenix,AZ,11/21/2023,,active
STRM-101499,Julie,Morgan,Denver,CO,11/27/2023,,active
STRM-101500,Danielle,Stewart,Las Vegas,NV,5/3/2023,,active
STRM-101501,Deborah,Davis,Charlotte,NC,6/8/2023,,active
STRM-101502,Teresa,Fisher,Detroit,MI,11/28/2023,7/6/2024,in-active
STRM-101503,Joshua,Cooper,Dallas,TX,1/15/2023,,active
STRM-101504,Anna,Rivera,Long Beach,CA,1/22/2023,6/17/2024,in-active
STRM-101505,Jennifer,Anderson,Philadelphia,PA,6/10/2023,,active
STRM-101506,Thomas,Sullivan,Boston,MA,12/10/2023,,active
STRM-101507,Lisa,Jenkins,Tampa,FL,3/13/2023,,active
STRM-101508,Arthur,Walker,Sacramento,CA,12/7/2023,6/11/2025,in-active
STRM-101509,Nicholas,Bryant,Philadelphia,PA,5/2/2023,,active
STRM-101510,Benjamin,James,Colorado Springs,CO,7/19/2023,3/31/2024,in-active
STRM-101511,Nathan,Parker,San Jose,CA,2/24/2023,,active
STRM-101512,Stephen,Vasquez,Memphis,TN,5/11/2023,7/22/2023,in-active
STRM-101513,Megan,Myers,Minneapolis,MN,2/27/2023,,active
STRM-101514,Nathan,Griffin,Oakland,CA,5/7/2023,10/17/2023,in-active
STRM-101515,Raymond,Griffin,Tulsa,OK,7/8/2023,8/13/2023,in-active
STRM-101516,Grace,Rodriguez,Arlington,TX,12/6/2023,2/14/2024,in-active
STRM-101517,Doris,Morris,San Francisco,CA,10/10/2023,,active
STRM-101518,Judy,Castillo,Bakersfield,CA,12/17/2023,,active
STRM-101519,Jacob,Simmons,Portland,OR,1/5/2023,2/26/2024,in-active
STRM-101520,Shirley,Cox,Philadelphia,PA,5/1/2023,,active
STRM-101521,Carol,Vasquez,Miami,FL,6/12/2023,4/16/2025,in-active
STRM-101522,Jose,Rodriguez,Seattle,WA,2/11/2023,7/13/2024,in-active
STRM-101523,Ethan,Bell,Oklahoma City,OK,8/5/2023,11/30/2023,in-active
STRM-101524,Carol,Gutierrez,Fresno,CA,2/3/2023,,active
STRM-101525,Jordan,Wood,Milwaukee,WI,12/22/2023,,active
STRM-101526,Susan,Mitchell,Miami,FL,8/16/2023,1/17/2024,in-active
STRM-101527,James,Perry,Fort Worth,TX,11/18/2023,,active
STRM-101528,Sara,Perez,San Diego,CA,3/22/2023,,active
STRM-101529,Logan,King,Omaha,NE,12/18/2023,,active
STRM-101530,Katherine,Jordan,Albuquerque,NM,3/10/2023,,active
STRM-101531,Danielle,Wood,Bakersfield,CA,5/25/2023,,active
STRM-101532,Adam,Patel,Jacksonville,FL,7/21/2023,3/11/2025,in-active
STRM-101533,Laura,Garcia,Los Angeles,CA,10/13/2023,,active
STRM-101534,Joe,Collins,Philadelphia,PA,8/25/2023,,active
STRM-101535,Amanda,Gonzalez,Las Vegas,NV,11/13/2023,,active
STRM-101536,Eric,Hill,Philadelphia,PA,7/8/2023,,active
STRM-101537,Kathryn,Walker,New York,NY,9/27/2023,,active
STRM-101538,Peter,Hayes,San Diego,CA,4/25/2023,,active
STRM-101539,Edward,Morgan,Denver,CO,9/11/2023,,active
STRM-101540,Henry,Evans,Omaha,NE,4/21/2023,2/19/2024,in-active
STRM-101541,Marilyn,Carter,Memphis,TN,4/3/2023,,active
STRM-101542,Donna,Davis,Denver,CO,5/15/2023,,active
STRM-101543,Christina,Murphy,Boston,MA,10/26/2023,,active
STRM-101544,Lauren,Perez,New York,NY,8/29/2023,,active
STRM-101545,Samuel,Jenkins,Oakland,CA,4/19/2023,,active
STRM-101546,Nathan,Rogers,Phoenix,AZ,2/18/2023,,active
STRM-101547,Susan,Bennett,Charlotte,NC,8/30/2023,5/26/2025,in-active
STRM-101548,Doris,Lopez,New York,NY,5/10/2023,,active
STRM-101549,Maria,Cox,Las Vegas,NV,12/10/2023,,active
STRM-101550,Teresa,Hernandez,Colorado Springs,CO,4/2/2023,,active
STRM-101551,Christian,Hayes,Oklahoma City,OK,8/28/2023,,active
STRM-101552,Katherine,Gonzales,San Jose,CA,5/14/2023,,active
STRM-101553,Barbara,Allen,Tucson,AZ,5/24/2023,8/21/2024,in-active
STRM-101554,Larry,Ortiz,Raleigh,NC,5/16/2023,,active
STRM-101555,Olivia,Nelson,Nashville,TN,9/9/2023,2/25/2024,in-active
STRM-101556,Austin,Vasquez,Houston,TX,4/7/2023,,active
STRM-101557,Ryan,Campbell,Chicago,IL,8/29/2023,,active
STRM-101558,Joan,Fisher,San Diego,CA,9/11/2023,,active
STRM-101559,Carolyn,West,Milwaukee,WI,9/10/2023,,active
STRM-101560,Donna,Young,El Paso,TX,2/17/2023,,active
STRM-101561,Larry,Campbell,Austin,TX,9/18/2023,5/1/2025,in-active
STRM-101562,Amber,Diaz,Colorado Springs,CO,1/3/2023,,active
STRM-101563,Arthur,Campbell,Memphis,TN,2/9/2023,,active
STRM-101564,Cheryl,Harris,Oklahoma City,OK,1/14/2023,,active
STRM-101565,Juan,Young,Las Vegas,NV,7/11/2023,,active
STRM-101566,Margaret,Chavez,San Jose,CA,1/15/2023,,active
STRM-101567,Albert,Wallace,Milwaukee,WI,11/18/2023,8/2/2025,in-active
STRM-101568,Albert,Johnson,Oklahoma City,OK,1/23/2023,,active
STRM-101569,Christina,Wood,Tampa,FL,10/19/2023,,active
STRM-101570,Richard,Reed,Nashville,TN,1/29/2023,8/26/2024,in-active
STRM-101571,Jordan,Ross,Philadelphia,PA,7/24/2023,,active
STRM-101572,Kathleen,Perry,Philadelphia,PA,1/11/2023,7/11/2023,in-active
STRM-101573,Heather,Russell,Denver,CO,11/28/2023,10/12/2025,in-active
STRM-101574,Michelle,Walker,Washington,DC,9/9/2023,8/6/2024,in-active
STRM-101575,Danielle,King,El Paso,TX,12/7/2023,,active
STRM-101576,Jack,Phillips,Tucson,AZ,8/17/2023,12/31/2024,in-active
STRM-101577,Jonathan,Henderson,Philadelphia,PA,8/5/2023,5/9/2025,in-active
STRM-101578,Melissa,Fisher,Miami,FL,8/7/2023,,active
STRM-101579,Hannah,Mendoza,Milwaukee,WI,12/13/2023,,active
STRM-101580,Danielle,Flores,Tucson,AZ,9/27/2023,,active
STRM-101581,Terry,Perez,Denver,CO,8/28/2023,,active
STRM-101582,Walter,Kim,San Jose,CA,3/7/2023,,active
STRM-101583,Scott,Murphy,Sacramento,CA,8/7/2023,,active
STRM-101584,Richard,Martin,Chicago,IL,9/20/2023,,active
STRM-101585,Nathan,Bell,San Antonio,TX,8/26/2023,,active
STRM-101586,Kathryn,Cook,El Paso,TX,5/11/2023,,active
STRM-101587,Christian,Jones,San Diego,CA,12/5/2023,,active
STRM-101588,George,Powell,Chicago,IL,2/12/2023,,active
STRM-101589,Scott,Watson,Colorado Springs,CO,8/21/2023,12/8/2024,in-active
STRM-101590,Abigail,Ortiz,Oklahoma City,OK,4/6/2023,,active
STRM-101591,Christopher,Gutierrez,Oakland,CA,2/24/2023,,active
STRM-101592,Robert,Johnson,Las Vegas,NV,3/1/2023,,active
STRM-101593,Denise,Wallace,Milwaukee,WI,12/21/2023,,active
STRM-101594,Albert,West,Washington,DC,11/13/2023,8/20/2025,in-active
STRM-101595,Raymond,Jenkins,Bakersfield,CA,6/4/2023,,active
STRM-101596,Steven,Brown,Fort Worth,TX,2/27/2023,2/23/2025,in-active
STRM-101597,Edward,Miller,Columbus,OH,9/4/2023,,active
STRM-101598,Logan,Morris,Detroit,MI,11/17/2023,6/5/2025,in-active
STRM-101599,Edward,Thompson,Washington,DC,8/26/2023,,active
STRM-101600,Nathan,Garcia,San Diego,CA,3/27/2023,7/9/2024,in-active
STRM-101601,Noah,Reynolds,Los Angeles,CA,8/19/2023,,active
STRM-101602,Stephanie,Ramos,Kansas City,MO,7/20/2023,,active
STRM-101603,John,Clark,Miami,FL,8/10/2023,1/13/2025,in-active
STRM-101604,Lawrence,Howard,Chicago,IL,9/7/2023,,active
STRM-101605,Hannah,West,Indianapolis,IN,2/1/2023,,active
STRM-101606,Nathan,Watson,Atlanta,GA,2/2/2023,,active
STRM-101607,Grace,Coleman,Albuquerque,NM,3/1/2023,,active
STRM-101608,Grace,Ruiz,Baltimore,MD,12/24/2023,,active
STRM-101609,Carol,Kelly,Tampa,FL,4/9/2023,,active
STRM-101610,Douglas,Reyes,Fresno,CA,4/23/2023,,active
STRM-101611,Danielle,Gray,Omaha,NE,12/3/2023,,active
STRM-101612,Pamela,Jimenez,Memphis,TN,12/11/2023,,active
STRM-101613,Raymond,Reynolds,Bakersfield,CA,3/24/2023,,active
STRM-101614,Larry,Thompson,Virginia Beach,VA,9/5/2023,,active
STRM-101615,Stephanie,Green,Omaha,NE,9/9/2023,,active
STRM-101616,Adam,Hayes,Washington,DC,5/1/2023,,active
STRM-101617,Richard,Jones,El Paso,TX,5/14/2023,,active
STRM-101618,Joshua,Hall,Fresno,CA,1/17/2023,1/12/2024,in-active
STRM-101619,Henry,Robinson,Raleigh,NC,4/27/2023,,active
STRM-101620,Laura,West,San Francisco,CA,6/24/2023,8/25/2023,in-active
STRM-101621,Austin,Morgan,San Jose,CA,12/20/2023,9/13/2025,in-active
STRM-101622,Doris,Clark,Tulsa,OK,1/26/2023,5/3/2024,in-active
STRM-101623,Lauren,Lewis,San Antonio,TX,11/9/2023,,active
STRM-101624,Anthony,Hernandez,Fresno,CA,2/23/2023,,active
STRM-101625,Mark,Evans,Boston,MA,3/22/2023,7/1/2024,in-active
STRM-101626,Andrea,Bryant,Tampa,FL,2/20/2023,,active
STRM-101627,Janet,Bennett,Dallas,TX,3/4/2023,6/10/2024,in-active
STRM-101628,Adam,Johnson,Charlotte,NC,8/31/2023,,active
STRM-101629,Andrea,Baker,Philadelphia,PA,5/17/2023,,active
STRM-101630,Adam,Castillo,Miami,FL,12/7/2023,,active
STRM-101631,Jacqueline,Butler,Cleveland,OH,4/27/2023,,active
STRM-101632,Victoria,Bell,Memphis,TN,8/23/2023,2/16/2025,in-active
STRM-101633,Juan,Castillo,Los Angeles,CA,8/15/2023,,active
STRM-101634,John,Moore,Philadelphia,PA,6/23/2023,,active
STRM-101635,Kevin,Fisher,Houston,TX,7/21/2023,6/11/2025,in-active
STRM-101636,Gabriel,Hill,Kansas City,MO,1/30/2023,12/21/2024,in-active
STRM-101637,Martha,Ramos,Memphis,TN,7/25/2023,2/25/2025,in-active
STRM-101638,Nicole,Watson,El Paso,TX,1/5/2023,7/13/2024,in-active
STRM-101639,Bryan,Nguyen,Minneapolis,MN,7/26/2023,,active
STRM-101640,Timothy,Simmons,Minneapolis,MN,6/26/2023,5/5/2025,in-active
STRM-101641,Virginia,Gomez,Washington,DC,2/13/2023,,active
STRM-101642,Debra,Jimenez,Tampa,FL,3/6/2023,,active
STRM-101643,Harold,Reed,Columbus,OH,2/17/2023,,active
STRM-101644,Samantha,Mendoza,New Orleans,LA,11/22/2023,,active
STRM-101645,Linda,Gutierrez,Charlotte,NC,6/5/2023,11/18/2024,in-active
STRM-101646,Donald,Thomas,Boston,MA,5/13/2023,,active
STRM-101647,Patrick,Young,Houston,TX,11/30/2023,3/18/2025,in-active
STRM-101648,Scott,Johnson,Milwaukee,WI,6/23/2023,2/22/2025,in-active
STRM-101649,Carl,Reyes,El Paso,TX,6/3/2023,,active
STRM-101650,Arthur,Scott,Tulsa,OK,7/13/2023,,active
STRM-101651,Amy,Clark,Nashville,TN,9/22/2023,,active
STRM-101652,Raymond,Patterson,San Antonio,TX,3/17/2023,,active
STRM-101653,Julie,Lee,Philadelphia,PA,2/1/2023,,active
STRM-101654,Kimberly,Griffin,Columbus,OH,8/17/2023,,active
STRM-101655,Marilyn,Russell,Colorado Springs,CO,10/14/2023,,active
STRM-101656,Diane,Ortiz,Colorado Springs,CO,9/13/2023,,active
STRM-101657,Douglas,Cole,Tampa,FL,8/2/2023,1/11/2024,in-active
STRM-101658,Andrea,Allen,Tucson,AZ,12/31/2023,,active
STRM-101659,Hannah,Walker,Minneapolis,MN,4/19/2023,,active
STRM-101660,William,Green,Atlanta,GA,7/9/2023,11/22/2023,in-active
STRM-101661,Jordan,Sullivan,San Diego,CA,3/3/2023,,active
STRM-101662,Justin,Hernandez,Sacramento,CA,3/20/2023,,active
STRM-101663,Brandon,Myers,Washington,DC,5/31/2023,,active
STRM-101664,Andrew,Torres,Cleveland,OH,10/29/2023,,active
STRM-101665,Brandon,Reed,Columbus,OH,4/4/2023,8/31/2024,in-active
STRM-101666,James,Young,Atlanta,GA,6/28/2023,,active
STRM-101667,Barbara,Coleman,Albuquerque,NM,10/21/2023,,active
STRM-101668,Christina,Gray,Cleveland,OH,7/13/2023,,active
STRM-101669,Madison,King,New Orleans,LA,3/12/2023,,active
STRM-101670,Lauren,Jordan,Virginia Beach,VA,8/18/2023,,active
STRM-101671,Christine,Thompson,Bakersfield,CA,11/16/2023,,active
STRM-101672,Jose,Jimenez,Indianapolis,IN,7/22/2023,,active
STRM-101673,Barbara,Simmons,Arlington,TX,5/23/2023,,active
STRM-101674,Kevin,Miller,Kansas City,MO,11/19/2023,10/15/2024,in-active
STRM-101675,Teresa,Young,Long Beach,CA,10/14/2023,,active
STRM-101676,Billy,Wilson,Kansas City,MO,9/25/2023,,active
STRM-101677,Evelyn,Jones,San Diego,CA,12/4/2023,6/20/2024,in-active
STRM-101678,Robert,Peterson,Cleveland,OH,4/16/2023,,active
STRM-101679,Lawrence,Simmons,Philadelphia,PA,10/1/2023,,active
STRM-101680,Aaron,Lopez,Tucson,AZ,1/12/2023,,active
STRM-101681,George,Coleman,Los Angeles,CA,9/28/2023,,active
STRM-101682,Shirley,White,San Diego,CA,2/20/2023,,active
STRM-101683,Brenda,Torres,Jacksonville,FL,5/11/2023,10/30/2023,in-active
STRM-101684,Brandon,Sullivan,Oakland,CA,3/28/2023,,active
STRM-101685,Christine,Campbell,Los Angeles,CA,1/30/2023,,active
STRM-101686,Betty,Brooks,San Jose,CA,7/31/2023,5/5/2024,in-active
STRM-101687,Dennis,Walker,Houston,TX,4/14/2023,,active
STRM-101688,Jesse,Stewart,Tucson,AZ,9/18/2023,10/31/2024,in-active
STRM-101689,Sandra,Morgan,Houston,TX,6/12/2023,,active
STRM-101690,Jose,Taylor,Albuquerque,NM,1/15/2023,,active
STRM-101691,Cynthia,Jones,Seattle,WA,10/11/2023,9/16/2025,in-active
STRM-101692,Betty,Murphy,New Orleans,LA,10/12/2023,,active
STRM-101693,Paul,Cox,Kansas City,MO,7/28/2023,,active
STRM-101694,Bruce,Evans,Cleveland,OH,3/14/2023,,active
STRM-101695,Amanda,Morales,Mesa,AZ,8/5/2023,3/10/2025,in-active
STRM-101696,Christina,Hernandez,New York,NY,8/26/2023,6/6/2025,in-active
STRM-101697,Justin,Nelson,New York,NY,1/31/2023,6/22/2024,in-active
STRM-101698,Helen,Cook,Oakland,CA,7/14/2023,5/6/2025,in-active
STRM-101699,Jason,Reed,Chicago,IL,3/24/2023,11/4/2024,in-active
STRM-101700,Sarah,Kim,Philadelphia,PA,7/22/2023,,active
STRM-101701,Emily,Bailey,Detroit,MI,4/18/2023,,active
STRM-101702,Katherine,Mendoza,Miami,FL,5/14/2023,9/3/2024,in-active
STRM-101703,Helen,Morales,Virginia Beach,VA,6/14/2023,,active
STRM-101704,Lauren,James,Los Angeles,CA,12/21/2023,,active
STRM-101705,James,Griffin,New York,NY,1/5/2023,,active
STRM-101706,Julie,Cole,New Orleans,LA,7/21/2023,,active
STRM-101707,Logan,Martin,Mesa,AZ,1/16/2023,12/18/2024,in-active
STRM-101708,Kelly,Young,El Paso,TX,7/12/2023,7/27/2024,in-active
STRM-101709,Heather,Rivera,Wichita,KS,12/23/2023,5/13/2024,in-active
STRM-101710,Kyle,Patel,Fort Worth,TX,8/16/2023,,active
STRM-101711,Jennifer,Bailey,Oakland,CA,12/30/2023,,active
STRM-101712,Lisa,Cox,Bakersfield,CA,4/24/2023,,active
STRM-101713,Jeremy,Castillo,Chicago,IL,5/24/2023,,active
STRM-101714,Madison,Turner,New York,NY,4/11/2023,2/7/2025,in-active
STRM-101715,Diane,Lewis,Seattle,WA,10/19/2023,,active
STRM-101716,Amanda,Roberts,Virginia Beach,VA,10/17/2023,,active
STRM-101717,Jordan,Hall,Phoenix,AZ,10/29/2023,,active
STRM-101718,Thomas,Allen,San Francisco,CA,10/19/2023,4/21/2025,in-active
STRM-101719,Stephen,Roberts,Oakland,CA,1/12/2023,1/5/2025,in-active
STRM-101720,Marilyn,Cook,Oakland,CA,10/14/2023,10/31/2023,in-active
STRM-101721,Victoria,Wilson,Nashville,TN,8/10/2023,10/14/2024,in-active
STRM-101722,Stephen,Young,Oakland,CA,9/23/2023,,active
STRM-101723,Raymond,Lopez,Tampa,FL,4/25/2023,,active
STRM-101724,Joyce,Romero,Nashville,TN,1/3/2023,,active
STRM-101725,Debra,Lee,Kansas City,MO,1/13/2023,9/16/2023,in-active
STRM-101726,Nathan,Martin,Charlotte,NC,4/11/2023,,active
STRM-101727,Samantha,Taylor,Miami,FL,11/17/2023,,active
STRM-101728,Walter,Gonzales,Bakersfield,CA,1/13/2023,,active
STRM-101729,Joe,Bennett,San Francisco,CA,5/7/2023,,active
STRM-101730,Kathleen,Mendoza,Houston,TX,6/20/2023,,active
STRM-101731,Jacob,Jackson,Wichita,KS,11/4/2023,,active
STRM-101732,Matthew,Romero,Colorado Springs,CO,3/5/2023,,active
STRM-101733,Jessica,Rodriguez,Portland,OR,6/10/2023,6/4/2025,in-active
STRM-101734,Thomas,Allen,Houston,TX,8/15/2023,,active
STRM-101735,Bryan,Gonzales,Phoenix,AZ,2/22/2023,,active
STRM-101736,Teresa,Wilson,Denver,CO,7/15/2023,,active
STRM-101737,Billy,Bell,Indianapolis,IN,11/3/2023,8/17/2025,in-active
STRM-101738,John,Patterson,Portland,OR,8/26/2023,6/6/2025,in-active
STRM-101739,Billy,Sanchez,Oklahoma City,OK,11/30/2023,1/10/2024,in-active
STRM-101740,Peter,James,Colorado Springs,CO,4/9/2023,,active
STRM-101741,Patricia,Moore,Colorado Springs,CO,4/10/2023,9/1/2023,in-active
STRM-101742,Judy,Rogers,El Paso,TX,8/4/2023,,active
STRM-101743,Billy,Simmons,Jacksonville,FL,5/5/2023,,active
STRM-101744,Barbara,Thomas,Dallas,TX,6/9/2023,,active
STRM-101745,Hannah,Alvarez,Washington,DC,10/26/2023,4/7/2024,in-active
STRM-101746,Donna,Reynolds,Washington,DC,11/5/2023,,active
STRM-101747,Jack,Williams,Sacramento,CA,10/28/2023,,active
STRM-101748,Donna,Anderson,Charlotte,NC,9/17/2023,4/26/2025,in-active
STRM-101749,Susan,Henderson,El Paso,TX,4/11/2023,2/9/2025,in-active
STRM-101750,Stephanie,Moore,Oklahoma City,OK,4/7/2023,,active
STRM-101751,Joan,James,Colorado Springs,CO,2023.10.17,7/23/2025,in-active
STRM-101752,Scott,Butler,Oklahoma City,OK,3/25/2023,,active
STRM-101753,David,Hayes,Indianapolis,IN,1/2/2023,,active
STRM-101754,Ryan,Graham,Raleigh,NC,4/20/2023,,active
STRM-101755,Gregory,Long,Columbus,OH,7/24/2023,,active
STRM-101756,Mary,Castillo,New York,NY,2/7/2023,,active
STRM-101757,Austin,Robinson,San Jose,CA,5/29/2023,,active
STRM-101758,Julia,Castillo,Chicago,IL,1/16/2023,,active
STRM-101759,Larry,Hall,Indianapolis,IN,5/15/2023,,active
STRM-101760,Alexander,Morales,Jacksonville,FL,4/11/2023,,active
STRM-101761,Angela,Sanchez,Los Angeles,CA,12/13/2023,,active
STRM-101762,Denise,Lewis,Oklahoma City,OK,4/18/2023,,active
STRM-101763,Kathleen,Patel,Bakersfield,CA,7/10/2023,,active
STRM-101764,Terry,Fisher,Tulsa,OK,2/3/2023,,active
STRM-101765,Kimberly,Carter,Fort Worth,TX,9/30/2023,,active
STRM-101766,Ruth,Brooks,Omaha,NE,8/8/2023,4/29/2024,in-active
STRM-101767,Barbara,Carter,Mesa,AZ,5/31/2023,5/15/2024,in-active
STRM-101768,Amy,Wilson,Miami,FL,5/24/2023,11/9/2024,in-active
STRM-101769,Janice,Cole,Columbus,OH,2/11/2023,1/5/2025,in-active
STRM-101770,Doris,Taylor,Austin,TX,9/18/2023,,active
STRM-101771,Grace,Myers,Tucson,AZ,9/23/2023,,active
STRM-101772,Samuel,Myers,Sacramento,CA,12/22/2023,,active
STRM-101773,Jeremy,Griffin,Seattle,WA,10/25/2023,,active
STRM-101774,Janice,Martinez,Columbus,OH,4/23/2023,8/12/2024,in-active
STRM-101775,Jacob,Jenkins,Columbus,OH,6/6/2023,,active
STRM-101776,Dennis,Green,Boston,MA,5/11/2023,,active
STRM-101777,Steven,Perez,Denver,CO,8/16/2023,,active
STRM-101778,Ryan,Hernandez,Milwaukee,WI,9/20/2023,,active
STRM-101779,Victoria,Jordan,Milwaukee,WI,8/10/2023,,active
STRM-101780,Cheryl,Brooks,Seattle,WA,7/15/2023,,active
STRM-101781,Kelly,Reyes,San Francisco,CA,11/27/2023,,active
STRM-101782,Nancy,Ramos,Fresno,CA,9/20/2023,,active
STRM-101783,Christopher,Peterson,Indianapolis,IN,2/20/2023,,active
STRM-101784,Raymond,Martinez,Mesa,AZ,4/13/2023,,active
STRM-101785,Alan,James,San Francisco,CA,6/4/2023,5/18/2025,in-active
STRM-101786,Stephen,Carter,Tulsa,OK,11/6/2023,5/30/2025,in-active
STRM-101787,Eric,Williams,Wichita,KS,6/3/2023,,active
STRM-101788,Frank,Russell,Las Vegas,NV,10/24/2023,11/20/2023,in-active
STRM-101789,Ethan,Hill,Las Vegas,NV,4/27/2023,,active
STRM-101790,Rebecca,Griffin,Indianapolis,IN,9/22/2023,,active
STRM-101791,Ann,Graham,Tampa,FL,8/25/2023,,active
STRM-101792,Nancy,Watson,Fort Worth,TX,8/8/2023,8/6/2025,in-active
STRM-101793,Adam,Turner,Baltimore,MD,8/19/2023,10/3/2023,in-active
STRM-101794,Ruth,Scott,Kansas City,MO,3/7/2023,,active
STRM-101795,John,Bryant,Bakersfield,CA,12/4/2023,11/30/2024,in-active
STRM-101796,Laura,Butler,Detroit,MI,12/18/2023,12/9/2025,in-active
STRM-101797,Frances,Kim,Nashville,TN,10/28/2023,,active
STRM-101798,William,Scott,San Jose,CA,6/19/2023,,active
STRM-101799,Jordan,Powell,Portland,OR,4/15/2023,7/4/2023,in-active
STRM-101800,Gerald,Foster,Fort Worth,TX,9/1/2023,,active
STRM-101801,Kathryn,Jordan,Miami,FL,6/5/2023,,active
STRM-101802,Anthony,Rivera,Chicago,IL,12/19/2023,,active
STRM-101803,Michael,Mitchell,Fort Worth,TX,2/5/2023,3/21/2024,in-active
STRM-101804,Larry,Evans,Indianapolis,IN,5/30/2023,,active
STRM-101805,Sarah,Patterson,Houston,TX,7/8/2023,,active
STRM-101806,Amanda,Wood,Memphis,TN,7/20/2023,,active
STRM-101807,Donald,King,Mesa,AZ,8/3/2023,,active
STRM-101808,Sarah,Jimenez,Columbus,OH,3/8/2023,2/3/2024,in-active
STRM-101809,Henry,Griffin,Austin,TX,11/6/2023,,active
STRM-101810,Samantha,Phillips,Fresno,CA,12/17/2023,,active
STRM-101811,Stephanie,Johnson,San Jose,CA,8/17/2023,,active
STRM-101812,Aaron,Murphy,Sacramento,CA,6/18/2023,11/16/2024,in-active
STRM-101813,Lauren,Hamilton,Kansas City,MO,1/21/2023,11/26/2023,in-active
STRM-101814,Grace,Patterson,El Paso,TX,12/25/2023,11/8/2024,in-active
STRM-101815,Tyler,Hall,Memphis,TN,5/8/2023,,active
STRM-101816,Billy,Gonzales,Milwaukee,WI,7/16/2023,2/3/2024,in-active
STRM-101817,Kathryn,Harris,Las Vegas,NV,12/24/2023,9/9/2024,in-active
STRM-101818,Joshua,Peterson,Miami,FL,10/3/2023,,active
STRM-101819,Sarah,Parker,Tucson,AZ,7/30/2023,3/2/2025,in-active
STRM-101820,Ashley,Patel,Phoenix,AZ,2/23/2023,,active
STRM-101821,Christine,Sullivan,Baltimore,MD,3/26/2023,,active
STRM-101822,Andrea,Lopez,Milwaukee,WI,1/14/2023,,active
STRM-101823,Alan,Hamilton,Portland,OR,6/25/2023,1/25/2024,in-active
STRM-101824,Diane,Martinez,New York,NY,5/9/2023,,active
STRM-101825,Steven,Wood,Virginia Beach,VA,8/26/2023,,active
STRM-101826,Sarah,Perez,Atlanta,GA,12/3/2023,,active
STRM-101827,Douglas,Scott,Albuquerque,NM,5/23/2023,11/28/2023,in-active
STRM-101828,Robert,Sanchez,Jacksonville,FL,5/31/2023,,active
STRM-101829,Tyler,Baker,Phoenix,AZ,12/10/2023,11/17/2025,in-active
STRM-101830,Helen,Flores,Baltimore,MD,7/3/2023,,active
STRM-101831,William,Parker,Baltimore,MD,12/23/2023,,active
STRM-101832,Bruce,Clark,Portland,OR,12/20/2023,,active
STRM-101833,Susan,Johnson,Houston,TX,7/13/2023,4/8/2024,in-active
STRM-101834,Ruth,Morris,Fort Worth,TX,2/16/2023,,active
STRM-101835,Linda,Brown,Oklahoma City,OK,4/9/2023,,active
STRM-101836,Thomas,Cruz,San Antonio,TX,12/7/2023,,active
STRM-101837,Kevin,Lopez,Memphis,TN,9/20/2023,,active
STRM-101838,Christine,Chavez,Atlanta,GA,11/17/2023,,active
STRM-101839,Rebecca,Jenkins,Detroit,MI,3/3/2023,,active
STRM-101840,Margaret,Alvarez,Nashville,TN,3/30/2023,,active
STRM-101841,Denise,Watson,New York,NY,7/19/2023,,active
STRM-101842,Jeffrey,Taylor,Virginia Beach,VA,5/23/2023,,active
STRM-101843,Jack,Lopez,Phoenix,AZ,4/22/2023,,active
STRM-101844,Alice,Bryant,San Antonio,TX,12/31/2023,,active
STRM-101845,Kathryn,Baker,San Francisco,CA,2/18/2023,,active
STRM-101846,Julia,Jimenez,Oakland,CA,12/22/2023,,active
STRM-101847,Brian,Brooks,Virginia Beach,VA,9/4/2023,,active
STRM-101848,Robert,Romero,Portland,OR,9/19/2023,,active
STRM-101849,Cynthia,Brown,Indianapolis,IN,1/11/2023,,active
STRM-101850,Ashley,Richardson,Charlotte,NC,8/8/2023,5/18/2025,in-active
STRM-101851,Christopher,Thomas,Dallas,TX,7/11/2023,,active
STRM-101852,Stephanie,Hill,Portland,OR,4/15/2023,,active
STRM-101853,Jacob,Simmons,Arlington,TX,6/18/2023,,active
STRM-101854,Katherine,Hernandez,Sacramento,CA,8/1/2023,,active
STRM-101855,Brenda,Miller,Indianapolis,IN,6/19/2023,,active
STRM-101856,Timothy,Wilson,Virginia Beach,VA,5/8/2023,5/4/2025,in-active
STRM-101857,Jeffrey,Ross,Sacramento,CA,6/14/2023,,active
STRM-101858,Julia,Johnson,Phoenix,AZ,9/9/2023,,active
STRM-101859,Deborah,Wilson,Miami,FL,3/14/2023,8/4/2023,in-active
STRM-101860,Lisa,Hall,Colorado Springs,CO,10/9/2023,5/20/2024,in-active
STRM-101861,Jacob,Lee,Detroit,MI,8/28/2023,,active
STRM-101862,Ronald,Morales,Detroit,MI,4/1/2023,,active
STRM-101863,Nicole,Kelly,Kansas City,MO,8/18/2023,3/26/2024,in-active
STRM-101864,Helen,Moreno,Philadelphia,PA,7/4/2023,,active
STRM-101865,Kevin,Reynolds,Baltimore,MD,8/5/2023,,active
STRM-101866,Henry,Flores,Cleveland,OH,9/4/2023,,active
STRM-101867,Maria,Barnes,Philadelphia,PA,6/3/2023,,active
STRM-101868,Michelle,Hall,San Francisco,CA,7/14/2023,,active
STRM-101869,Peter,Reed,Portland,OR,10/15/2023,,active
STRM-101870,Charles,Bennett,Dallas,TX,8/29/2023,,active
STRM-101871,Edward,Johnson,New York,NY,9/14/2023,10/16/2024,in-active
STRM-101872,Megan,Russell,Memphis,TN,7/22/2023,8/22/2024,in-active
STRM-101873,Jerry,Cole,Washington,DC,11/25/2023,2/20/2024,in-active
STRM-101874,Jose,Martinez,San Diego,CA,7/17/2023,1/14/2024,in-active
STRM-101875,Deborah,Fisher,San Francisco,CA,6/28/2023,,active
STRM-101876,Megan,Patel,Minneapolis,MN,1/30/2023,,active
STRM-101877,Nathan,Murphy,Charlotte,NC,9/2/2023,,active
STRM-101878,Raymond,Davis,Minneapolis,MN,12/7/2023,,active
STRM-101879,Eric,Patterson,Oakland,CA,3/17/2023,,active
STRM-101880,Jordan,Adams,New York,NY,3/1/2023,1/3/2025,in-active
STRM-101881,Jerry,Jenkins,Tulsa,OK,10/28/2023,2/2/2024,in-active
STRM-101882,Roger,Carter,Detroit,MI,3/26/2023,12/24/2023,in-active
STRM-101883,Nicole,Ross,Colorado Springs,CO,6/7/2023,9/21/2023,in-active
STRM-101884,Margaret,Ruiz,San Jose,CA,5/18/2023,7/13/2024,in-active
STRM-101885,Brandon,Johnson,Austin,TX,9/9/2023,,active
STRM-101886,Sarah,Coleman,Sacramento,CA,8/2/2023,,active
STRM-101887,Henry,Baker,Jacksonville,FL,7/11/2023,,active
STRM-101888,Steven,Gomez,Tucson,AZ,4/4/2023,,active
STRM-101889,Donald,Jordan,Kansas City,MO,4/19/2023,,active
STRM-101890,Jessica,Campbell,Bakersfield,CA,4/9/2023,,active
STRM-101891,Jose,Vasquez,Miami,FL,11/16/2023,,active
STRM-101892,Bruce,Nelson,Philadelphia,PA,5/31/2023,,active
STRM-101893,Ashley,Peterson,Phoenix,AZ,6/25/2023,,active
STRM-101894,Jacob,Wallace,Tucson,AZ,12/11/2023,1/4/2024,in-active
STRM-101895,Jessica,Morgan,New Orleans,LA,1/4/2023,,active
STRM-101896,David,Harris,Columbus,OH,9/25/2023,10/28/2024,in-active
STRM-101897,Jordan,Morgan,Tucson,AZ,8/31/2023,5/25/2025,in-active
STRM-101898,Victoria,Gray,Boston,MA,12/16/2023,11/17/2024,in-active
STRM-101899,Kathleen,Castillo,Virginia Beach,VA,7/24/2023,,active
STRM-101900,Joseph,Alvarez,Oklahoma City,OK,2/21/2023,,active
STRM-101901,Aaron,Scott,Los Angeles,CA,11/5/2023,,active
STRM-101902,Jacqueline,Bailey,Minneapolis,MN,5/8/2023,,active
STRM-101903,Billy,Griffin,Fresno,CA,7/31/2023,,active
STRM-101904,James,Chavez,Los Angeles,CA,11/21/2023,,active
STRM-101905,Barbara,Wood,Oakland,CA,8/16/2023,,active
STRM-101906,Noah,Perry,Arlington,TX,11/10/2023,11/15/2024,in-active
STRM-101907,Victoria,Griffin,Virginia Beach,VA,12/25/2023,2/6/2025,in-active
STRM-101908,Pamela,Roberts,Tulsa,OK,3/15/2023,11/4/2024,in-active
STRM-101909,Andrea,Rodriguez,Dallas,TX,9/12/2023,7/31/2024,in-active
STRM-101910,Alan,Graham,Austin,TX,8/17/2023,1/6/2025,in-active
STRM-101911,Amber,Morris,Charlotte,NC,4/19/2023,,active
STRM-101912,Albert,Thompson,San Antonio,TX,8/11/2023,9/24/2023,in-active
STRM-101913,Carol,Wood,Portland,OR,5/24/2023,,active
STRM-101914,Shirley,Griffin,Virginia Beach,VA,3/5/2023,,active
STRM-101915,Gerald,Cole,Philadelphia,PA,12/21/2023,,active
STRM-101916,Laura,Taylor,Long Beach,CA,6/25/2023,,active
STRM-101917,Maria,Fisher,Bakersfield,CA,4/30/2023,,active
STRM-101918,Sandra,Howard,Philadelphia,PA,2/27/2023,,active
STRM-101919,Jean,Carter,Arlington,TX,3/1/2023,,active
STRM-101920,Paul,Watson,Portland,OR,10/23/2023,9/20/2024,in-active
STRM-101921,Jessica,Carter,Portland,OR,8/5/2023,,active
STRM-101922,Janet,Allen,Sacramento,CA,12/6/2023,,active
STRM-101923,Jeffrey,Ramirez,Las Vegas,NV,1/5/2023,,active
STRM-101924,Lauren,Watson,San Jose,CA,6/1/2023,11/8/2024,in-active
STRM-101925,Juan,Patterson,San Jose,CA,11/4/2023,,active
STRM-101926,Willie,Rodriguez,Omaha,NE,6/13/2023,,active
STRM-101927,Ashley,Peterson,Tulsa,OK,10/21/2023,,active
STRM-101928,Sharon,Hayes,Denver,CO,12/27/2023,3/11/2024,in-active
STRM-101929,Debra,Flores,Tulsa,OK,4/18/2023,12/19/2023,in-active
STRM-101930,Susan,Rivera,Tucson,AZ,7/20/2023,,active
STRM-101931,Albert,Green,Los Angeles,CA,10/8/2023,,active
STRM-101932,Nathan,Griffin,El Paso,TX,7/20/2023,,active
STRM-101933,Jacqueline,Reed,Denver,CO,12/23/2023,7/21/2025,in-active
STRM-101934,Tyler,Harris,Dallas,TX,6/15/2023,2/13/2025,in-active
STRM-101935,Susan,Cox,Milwaukee,WI,12/2/2023,,active
STRM-101936,Emily,Simmons,Minneapolis,MN,9/5/2023,,active
STRM-101937,Donna,Turner,Columbus,OH,4/11/2023,5/5/2023,in-active
STRM-101938,Raymond,Clark,Oakland,CA,3/17/2023,,active
STRM-101939,Victoria,Baker,Houston,TX,2/19/2023,,active
STRM-101940,Evelyn,Rivera,Houston,TX,3/2/2023,1/10/2025,in-active
STRM-101941,Alexander,Fisher,San Jose,CA,11/18/2023,8/9/2024,in-active
STRM-101942,William,Walker,Charlotte,NC,7/23/2023,,active
STRM-101943,Jesse,Hall,Long Beach,CA,7/12/2023,6/12/2025,in-active
STRM-101944,Albert,Thompson,Wichita,KS,8/26/2023,7/6/2025,in-active
STRM-101945,Maria,Peterson,Miami,FL,12/1/2023,,active
STRM-101946,John,Walker,San Diego,CA,2/12/2023,,active
STRM-101947,Gabriel,Edwards,Los Angeles,CA,10/28/2023,,active
STRM-101948,Arthur,Wallace,Seattle,WA,12/22/2023,9/4/2025,in-active
STRM-101949,George,Foster,Albuquerque,NM,11/27/2023,,active
STRM-101950,Scott,Allen,San Antonio,TX,6/16/2023,,active
STRM-101951,Frances,Mitchell,Las Vegas,NV,12/25/2023,,active
STRM-101952,Austin,Cole,Phoenix,AZ,9/23/2023,4/11/2025,in-active
STRM-101953,Logan,Young,New Orleans,LA,4/17/2023,8/30/2023,in-active
STRM-101954,George,Campbell,New York,NY,10/12/2023,,active
STRM-101955,Benjamin,Young,Chicago,IL,3/7/2023,,active
STRM-101956,Denise,Adams,Philadelphia,PA,10/15/2023,,active
STRM-101957,William,Perez,San Diego,CA,9/17/2023,,active
STRM-101958,Gloria,Baker,Detroit,MI,12/3/2023,,active
STRM-101959,Scott,Lopez,Sacramento,CA,5/31/2023,,active
STRM-101960,Kelly,Scott,Kansas City,MO,9/9/2023,,active
STRM-101961,Martha,Price,Omaha,NE,10/3/2023,,active
STRM-101962,Betty,Lopez,Charlotte,NC,1/19/2023,,active
STRM-101963,Scott,Parker,Dallas,TX,11/5/2023,,active
STRM-101964,Jean,Alvarez,Seattle,WA,3/7/2023,5/27/2024,in-active
STRM-101965,Karen,Rogers,San Francisco,CA,7/15/2023,,active
STRM-101966,Carol,Perry,Milwaukee,WI,2/12/2023,1/19/2025,in-active
STRM-101967,Nathan,Torres,Mesa,AZ,4/15/2023,,active
STRM-101968,Jonathan,Roberts,Tulsa,OK,7/10/2023,,active
STRM-101969,Grace,Adams,Memphis,TN,3/20/2023,,active
STRM-101970,Olivia,Ross,Los Angeles,CA,11/6/2023,,active
STRM-101971,Helen,Young,Mesa,AZ,2/26/2023,,active
STRM-101972,Jose,Taylor,Oklahoma City,OK,11/24/2023,,active
STRM-101973,Debra,Cooper,San Jose,CA,4/26/2023,,active
STRM-101974,Betty,Long,Indianapolis,IN,7/13/2023,12/1/2023,in-active
STRM-101975,Brian,Ward,Colorado Springs,CO,9/8/2023,,active
STRM-101976,Catherine,Reed,Atlanta,GA,5/19/2023,,active
STRM-101977,Richard,Baker,Nashville,TN,7/19/2023,,active
STRM-101978,Marilyn,Russell,Albuquerque,NM,10/31/2023,,active
STRM-101979,John,Flores,Virginia Beach,VA,3/6/2023,,active
STRM-101980,Kathryn,Morgan,Houston,TX,11/24/2023,8/20/2024,in-active
STRM-101981,Marilyn,Butler,Tulsa,OK,8/23/2023,,active
STRM-101982,Patrick,Graham,Fresno,CA,5/27/2023,,active
STRM-101983,Victoria,Collins,Washington,DC,11/22/2023,10/14/2024,in-active
STRM-101984,Jose,Watson,Philadelphia,PA,11/21/2023,,active
STRM-101985,Kathleen,White,Austin,TX,10/22/2023,,active
STRM-101986,Brenda,Hayes,Bakersfield,CA,1/6/2023,3/30/2024,in-active
STRM-101987,Marilyn,Wright,Albuquerque,NM,9/12/2023,,active
STRM-101988,Marilyn,Young,Las Vegas,NV,1/8/2023,,active
STRM-101989,Mary,Henderson,Minneapolis,MN,10/1/2023,6/22/2024,in-active
STRM-101990,Amber,Hernandez,Omaha,NE,8/18/2023,7/23/2025,in-active
STRM-101991,Terry,Edwards,Jacksonville,FL,2/8/2023,,active
STRM-101992,Steven,Price,Houston,TX,8/5/2023,,active
STRM-101993,Amanda,Myers,San Diego,CA,6/23/2023,3/19/2024,in-active
STRM-101994,Harold,Walker,Denver,CO,6/3/2023,,active
STRM-101995,Angela,Diaz,New York,NY,11/20/2023,,active
STRM-101996,Sharon,Ward,Long Beach,CA,9/21/2023,11/11/2023,in-active
STRM-101997,Kyle,West,Houston,TX,7/2/2023,,active
STRM-101998,Lauren,James,Washington,DC,7/1/2023,,active
STRM-101999,Catherine,Mitchell,Las Vegas,NV,7/1/2023,,active
STRM-102000,Henry,Cole,Fort Worth,TX,2/13/2023,,active
STRM-102001,Michelle,Bell,San Diego,CA,9/6/2024,,active
STRM-102002,Albert,Cook,Indianapolis,IN,8/28/2024,,active
STRM-102003,Scott,Sanders,Detroit,MI,4/3/2024,,active
STRM-102004,Jonathan,Ramirez,Baltimore,MD,12/2/2024,5/31/2025,in-active
STRM-102005,Emily,Price,Arlington,TX,8/10/2024,,active
STRM-102006,Ronald,Lewis,Fort Worth,TX,5/25/2024,,active
STRM-102007,Diane,Butler,Arlington,TX,6/18/2024,12/14/2024,in-active
STRM-102008,Willie,Gomez,Albuquerque,NM,12/6/2024,4/21/2025,in-active
STRM-102009,Joyce,Cole,Atlanta,GA,9/10/2024,2/2/2025,in-active
STRM-102010,Christine,Perry,Fresno,CA,7/18/2024,,active
STRM-102011,Margaret,Garcia,Dallas,TX,3/20/2024,,active
STRM-102012,Patricia,Stewart,Houston,TX,12/13/2024,12/31/2025,in-active
STRM-102013,Jesse,Williams,Detroit,MI,9/2/2024,,active
STRM-102014,Noah,Perez,New Orleans,LA,8/7/2024,,active
STRM-102015,Michelle,Mitchell,Charlotte,NC,5/23/2024,3/3/2025,in-active
STRM-102016,Amy,Barnes,Fort Worth,TX,8/30/2024,,active
STRM-102017,Anthony,Campbell,Fort Worth,TX,10/29/2024,,active
STRM-102018,Kenneth,Collins,San Diego,CA,3/8/2024,,active
STRM-102019,Stephen,Roberts,San Jose,CA,8/6/2024,,active
STRM-102020,Stephanie,White,Houston,TX,7/13/2024,,active
STRM-102021,Brandon,Reyes,Indianapolis,IN,6/21/2024,,active
STRM-102022,Jessica,Barnes,Long Beach,CA,1/27/2024,,active
STRM-102023,Jonathan,Sanders,Seattle,WA,6/28/2024,,active
STRM-102024,Amy,Brooks,Houston,TX,4/3/2024,,active
STRM-102025,Susan,Chavez,Columbus,OH,5/26/2024,,active
STRM-102026,Madison,Sanchez,Detroit,MI,4/4/2024,,active
STRM-102027,Megan,Sanders,Oklahoma City,OK,6/4/2024,,active
STRM-102028,Doris,Brown,Oakland,CA,10/9/2024,3/6/2025,in-active
STRM-102029,Gregory,Castillo,Arlington,TX,7/4/2024,12/31/2025,in-active
STRM-102030,Jacqueline,Myers,Charlotte,NC,11/28/2024,,active
STRM-102031,Janice,Foster,Philadelphia,PA,2/24/2024,,active
STRM-102032,Jordan,Walker,Chicago,IL,10/27/2024,12/31/2025,in-active
STRM-102033,Edward,Roberts,Tulsa,OK,8/16/2024,11/15/2024,in-active
STRM-102034,Gloria,Mendoza,Washington,DC,8/30/2024,4/8/2025,in-active
STRM-102035,Gerald,Flores,Chicago,IL,3/6/2024,,active
STRM-102036,Sean,Cook,New Orleans,LA,10/13/2024,11/6/2025,in-active
STRM-102037,Zachary,Walker,Detroit,MI,2/4/2024,,active
STRM-102038,Terry,Garcia,Austin,TX,11/2/2024,,active
STRM-102039,Kimberly,Howard,Chicago,IL,10/16/2024,,active
STRM-102040,Edward,Jenkins,Tucson,AZ,12/16/2024,,active
STRM-102041,Hannah,Martin,Austin,TX,8/12/2024,9/24/2025,in-active
STRM-102042,Teresa,Jimenez,Las Vegas,NV,11/6/2024,,active
STRM-102043,Melissa,Smith,Austin,TX,10/19/2024,,active
STRM-102044,John,Patterson,Fresno,CA,12/28/2024,10/4/2025,in-active
STRM-102045,Nicole,Cruz,Denver,CO,12/28/2024,,active
STRM-102046,Mark,Baker,Indianapolis,IN,1/24/2024,,active
STRM-102047,Justin,Hernandez,Miami,FL,3/16/2024,1/9/2025,in-active
STRM-102048,Steven,Cooper,Cleveland,OH,1/27/2024,,active
STRM-102049,Amy,Turner,Mesa,AZ,2/29/2024,,active
STRM-102050,Frank,Patel,Nashville,TN,2/12/2024,9/11/2025,in-active
STRM-102051,Angela,Wright,Memphis,TN,11/9/2024,,active
STRM-102052,Joseph,Williams,El Paso,TX,4/22/2024,2/17/2025,in-active
STRM-102053,Dorothy,Rogers,Los Angeles,CA,10/2/2024,,active
STRM-102054,Janice,Ramirez,Tampa,FL,12/18/2024,,active
STRM-102055,Denise,Rogers,Miami,FL,11/20/2024,,active
STRM-102056,Timothy,Simmons,Indianapolis,IN,6/15/2024,,active
STRM-102057,Lawrence,Jenkins,San Jose,CA,8/16/2024,,active
STRM-102058,Olivia,Patel,San Jose,CA,9/2/2024,,active
STRM-102059,George,Alexander,Jacksonville,FL,3/31/2024,,active
STRM-102060,Megan,Campbell,Long Beach,CA,5/24/2024,,active
STRM-102061,Carol,Rivera,Las Vegas,NV,12/17/2024,,active
STRM-102062,Sarah,Torres,Phoenix,AZ,8/6/2024,,active
STRM-102063,Grace,Russell,San Antonio,TX,9/26/2024,,active
STRM-102064,Patricia,Sanchez,Portland,OR,7/15/2024,,active
STRM-102065,Patricia,Lopez,Dallas,TX,5/7/2024,2/20/2025,in-active
STRM-102066,Andrew,Brown,Cleveland,OH,1/5/2024,5/7/2024,in-active
STRM-102067,Harold,Gray,Tulsa,OK,2/13/2024,,active
STRM-102068,Walter,Simmons,Austin,TX,6/6/2024,,active
STRM-102069,Michelle,Morales,Houston,TX,10/5/2024,,active
STRM-102070,Joe,Young,Los Angeles,CA,1/23/2024,,active
STRM-102071,Pamela,Clark,Fresno,CA,7/31/2024,,active
STRM-102072,Laura,Miller,Indianapolis,IN,8/6/2024,,active
STRM-102073,Patrick,Kelly,Indianapolis,IN,12/16/2024,,active
STRM-102074,Donald,Cole,Austin,TX,2/26/2024,,active
STRM-102075,Larry,Alvarez,Phoenix,AZ,11/11/2024,,active
STRM-102076,Raymond,Perez,Chicago,IL,11/5/2024,,active
STRM-102077,Victoria,Bennett,Omaha,NE,4/2/2024,,active
STRM-102078,Kenneth,Cox,Raleigh,NC,5/26/2024,,active
STRM-102079,Anthony,Cooper,Tucson,AZ,12/4/2024,,active
STRM-102080,Angela,Martin,Cleveland,OH,1/2/2024,6/17/2024,in-active
STRM-102081,Denise,Nguyen,Nashville,TN,3/16/2024,,active
STRM-102082,Walter,Moore,San Diego,CA,10/22/2024,,active
STRM-102083,Anna,Nguyen,Philadelphia,PA,6/14/2024,1/1/2025,in-active
STRM-102084,Jerry,Price,Nashville,TN,9/10/2024,,active
STRM-102085,Julie,Bennett,Dallas,TX,11/30/2024,12/31/2025,in-active
STRM-102086,Joyce,Bryant,Mesa,AZ,9/30/2024,,active
STRM-102087,Frances,Collins,Portland,OR,2/12/2024,,active
STRM-102088,Joyce,Cruz,Minneapolis,MN,2/14/2024,,active
STRM-102089,James,Evans,Los Angeles,CA,7/4/2024,,active
STRM-102090,Steven,Lewis,Houston,TX,6/27/2024,,active
STRM-102091,Emily,Ramos,Milwaukee,WI,3/14/2024,10/14/2025,in-active
STRM-102092,Joyce,Morales,Columbus,OH,4/24/2024,,active
STRM-102093,Emily,Walker,Minneapolis,MN,12/26/2024,,active
STRM-102094,Michael,Henderson,Boston,MA,1/28/2024,,active
STRM-102095,Amber,Jackson,Albuquerque,NM,10/31/2024,12/15/2024,in-active
STRM-102096,Donna,Sanders,San Jose,CA,2/10/2024,,active
STRM-102097,Patricia,Coleman,San Jose,CA,4/3/2024,,active
STRM-102098,Emily,Kim,Albuquerque,NM,7/29/2024,11/10/2025,in-active
STRM-102099,Grace,Brown,Denver,CO,2/26/2024,,active
STRM-102100,Gabriel,Rodriguez,Omaha,NE,3/29/2024,,active
STRM-102101,John,Jenkins,Detroit,MI,12/14/2024,12/31/2025,in-active
STRM-102102,Ann,Gutierrez,Kansas City,MO,9/13/2024,,active
STRM-102103,Ryan,Henderson,Austin,TX,5/19/2024,11/19/2025,in-active
STRM-102104,Dennis,Allen,Arlington,TX,4/18/2024,,active
STRM-102105,Joseph,Cruz,Las Vegas,NV,4/4/2024,11/12/2025,in-active
STRM-102106,Jordan,Martin,Minneapolis,MN,8/27/2024,,active
STRM-102107,Denise,Russell,Portland,OR,3/25/2024,,active
STRM-102108,Ruth,Henderson,Fort Worth,TX,5/18/2024,,active
STRM-102109,Karen,Castillo,Omaha,NE,6/20/2024,,active
STRM-102110,Larry,Adams,Mesa,AZ,2/24/2024,,active
STRM-102111,Jesse,Williams,New Orleans,LA,6/7/2024,,active
STRM-102112,Stephanie,Rodriguez,Charlotte,NC,5/17/2024,,active
STRM-102113,Kathryn,Lopez,Kansas City,MO,9/4/2024,,active
STRM-102114,Benjamin,White,Washington,DC,1/5/2024,11/4/2024,in-active
STRM-102115,Diane,Roberts,Nashville,TN,7/19/2024,12/13/2024,in-active
STRM-102116,Alan,Harris,Oklahoma City,OK,7/27/2024,12/31/2025,in-active
STRM-102117,Betty,Hill,Los Angeles,CA,10/27/2024,12/31/2025,in-active
STRM-102118,Dylan,Martinez,Denver,CO,3/23/2024,,active
STRM-102119,Kyle,Lee,Miami,FL,2/17/2024,10/26/2024,in-active
STRM-102120,Sharon,Torres,Wichita,KS,3/23/2024,9/2/2025,in-active
STRM-102121,Roger,Mendoza,Baltimore,MD,3/8/2024,,active
STRM-102122,Raymond,Gonzales,Chicago,IL,12/30/2024,12/31/2025,in-active
STRM-102123,Kathleen,Turner,Raleigh,NC,11/6/2024,,active
STRM-102124,Michelle,Bryant,San Antonio,TX,1/8/2024,,active
STRM-102125,Samantha,Thompson,Tucson,AZ,2/18/2024,,active
STRM-102126,Amanda,Ramos,Austin,TX,2/4/2024,,active
STRM-102127,Janet,Price,Philadelphia,PA,2/6/2024,,active
STRM-102128,Lauren,Gutierrez,Albuquerque,NM,5/11/2024,8/21/2025,in-active
STRM-102129,Logan,Scott,San Diego,CA,10/18/2024,,active
STRM-102130,Janet,Kelly,Las Vegas,NV,7/28/2024,12/31/2025,in-active
STRM-102131,Kimberly,Vasquez,Boston,MA,9/19/2024,8/21/2025,in-active
STRM-102132,Ruth,Perez,Oakland,CA,7/30/2024,,active
STRM-102133,Angela,Hernandez,Raleigh,NC,11/25/2024,,active
STRM-102134,Gary,Williams,San Jose,CA,2/23/2024,,active
STRM-102135,Joshua,Perry,Phoenix,AZ,4/24/2024,,active
STRM-102136,Kyle,White,El Paso,TX,8/26/2024,,active
STRM-102137,Gerald,Graham,San Antonio,TX,2/13/2024,,active
STRM-102138,Margaret,Jenkins,Wichita,KS,8/9/2024,,active
STRM-102139,Gregory,Taylor,Nashville,TN,6/24/2024,11/18/2025,in-active
STRM-102140,Jason,Griffin,San Diego,CA,5/22/2024,,active
STRM-102141,Gloria,Flores,Albuquerque,NM,3/15/2024,,active
STRM-102142,Katherine,Rodriguez,Omaha,NE,7/13/2024,,active
STRM-102143,Raymond,Gonzales,Albuquerque,NM,4/19/2024,,active
STRM-102144,Jennifer,Henderson,Seattle,WA,5/9/2024,,active
STRM-102145,Nancy,Torres,Phoenix,AZ,5/20/2024,,active
STRM-102146,Scott,Jordan,Memphis,TN,9/25/2024,,active
STRM-102147,Eric,Mitchell,Houston,TX,2/17/2024,5/15/2025,in-active
STRM-102148,Rachel,Kim,Austin,TX,4/11/2024,,active
STRM-102149,Joyce,Moreno,Albuquerque,NM,10/1/2024,,active
STRM-102150,Carol,Fisher,El Paso,TX,12/20/2024,,active
STRM-102151,John,Gomez,Phoenix,AZ,12/7/2024,,active
STRM-102152,Donna,Chavez,Virginia Beach,VA,6/11/2024,,active
STRM-102153,Lauren,Nguyen,Tucson,AZ,6/11/2024,,active
STRM-102154,Alan,Sullivan,San Francisco,CA,9/23/2024,12/31/2025,in-active
STRM-102155,Paul,Jordan,Miami,FL,10/23/2024,,active
STRM-102156,Sharon,Carter,Memphis,TN,12/22/2024,,active
STRM-102157,Kevin,Long,Columbus,OH,6/27/2024,,active
STRM-102158,Edward,Brown,Boston,MA,7/5/2024,,active
STRM-102159,Brandon,Young,Minneapolis,MN,9/12/2024,,active
STRM-102160,Peter,Bell,Memphis,TN,6/29/2024,,active
STRM-102161,Harold,Barnes,Sacramento,CA,6/20/2024,,active
STRM-102162,Dorothy,Alexander,Detroit,MI,7/10/2024,,active
STRM-102163,Jesse,Adams,Mesa,AZ,8/11/2024,,active
STRM-102164,Albert,Fisher,Miami,FL,5/25/2024,,active
STRM-102165,Betty,Thompson,Bakersfield,CA,2/23/2024,,active
STRM-102166,Robert,Bell,San Antonio,TX,9/11/2024,12/31/2025,in-active
STRM-102167,Gloria,Sanchez,Miami,FL,8/15/2024,,active
STRM-102168,William,Howard,Memphis,TN,4/18/2024,,active
STRM-102169,Peter,Ross,San Diego,CA,4/10/2024,8/30/2024,in-active
STRM-102170,Catherine,Hamilton,Memphis,TN,11/26/2024,,active
STRM-102171,Diane,Johnson,Boston,MA,4/24/2024,,active
STRM-102172,Jonathan,Ortiz,Washington,DC,7/31/2024,,active
STRM-102173,Mary,Coleman,Chicago,IL,1/8/2024,,active
STRM-102174,Ruth,Brooks,Oklahoma City,OK,3/28/2024,6/26/2025,in-active
STRM-102175,Kathleen,Powell,Fort Worth,TX,11/11/2024,,active
STRM-102176,Susan,Barnes,Dallas,TX,11/21/2024,,active
STRM-102177,Brian,Russell,Nashville,TN,9/21/2024,,active
STRM-102178,Cynthia,Sanchez,Tulsa,OK,3/5/2024,,active
STRM-102179,Julia,Powell,New Orleans,LA,11/17/2024,12/31/2025,in-active
STRM-102180,Joshua,Chavez,Columbus,OH,2/17/2024,,active
STRM-102181,Olivia,Williams,Miami,FL,10/30/2024,,active
STRM-102182,Billy,Lee,Kansas City,MO,7/14/2024,,active
STRM-102183,Kimberly,Patterson,Miami,FL,11/19/2024,6/13/2025,in-active
STRM-102184,Kathleen,Cruz,Washington,DC,4/9/2024,,active
STRM-102185,Gary,Long,Wichita,KS,5/13/2024,,active
STRM-102186,Stephen,Perez,San Jose,CA,11/17/2024,,active
STRM-102187,Lawrence,Clark,San Diego,CA,8/23/2024,1/10/2025,in-active
STRM-102188,Margaret,Torres,Denver,CO,5/14/2024,9/1/2024,in-active
STRM-102189,Karen,Hayes,Boston,MA,4/16/2024,,active
STRM-102190,Megan,Garcia,Memphis,TN,2/7/2024,,active
STRM-102191,Joe,Martin,Columbus,OH,12/17/2024,,active
STRM-102192,Benjamin,Jordan,Bakersfield,CA,3/23/2024,,active
STRM-102193,John,Rivera,Virginia Beach,VA,10/17/2024,,active
STRM-102194,William,Walker,Oklahoma City,OK,6/26/2024,,active
STRM-102195,Doris,Johnson,Austin,TX,9/24/2024,2/10/2025,in-active
STRM-102196,Deborah,Davis,Mesa,AZ,1/12/2024,,active
STRM-102197,Michelle,Parker,Boston,MA,2/28/2024,4/13/2024,in-active
STRM-102198,Christine,Scott,Indianapolis,IN,2/12/2024,7/5/2024,in-active
STRM-102199,Jonathan,Peterson,Albuquerque,NM,4/12/2024,4/18/2025,in-active
STRM-102200,Ann,Ramos,Milwaukee,WI,9/10/2024,,active
STRM-102201,Aaron,Roberts,San Francisco,CA,3/29/2024,,active
STRM-102202,Anna,Powell,San Antonio,TX,10/25/2024,12/31/2025,in-active
STRM-102203,Samantha,Nelson,Cleveland,OH,4/15/2024,9/11/2025,in-active
STRM-102204,Henry,Romero,Detroit,MI,11/1/2024,10/8/2025,in-active
STRM-102205,Abigail,Ramirez,Omaha,NE,7/15/2024,,active
STRM-102206,Kathryn,Price,Boston,MA,11/19/2024,12/31/2025,in-active
STRM-102207,Kevin,Rodriguez,Fresno,CA,5/9/2024,,active
STRM-102208,Pamela,Price,Las Vegas,NV,1/16/2024,,active
STRM-102209,Samuel,Barnes,Cleveland,OH,4/5/2024,,active
STRM-102210,Charles,Parker,Virginia Beach,VA,7/9/2024,,active
STRM-102211,Benjamin,Young,New York,NY,6/12/2024,,active
STRM-102212,Gregory,Diaz,Milwaukee,WI,10/17/2024,6/27/2025,in-active
STRM-102213,Teresa,Taylor,Portland,OR,5/25/2024,,active
STRM-102214,Terry,Parker,San Antonio,TX,10/14/2024,,active
STRM-102215,Madison,Martin,Kansas City,MO,11/26/2024,,active
STRM-102216,Olivia,Brooks,Nashville,TN,4/11/2024,,active
STRM-102217,Jeremy,Bryant,Chicago,IL,5/20/2024,,active
STRM-102218,Ashley,Jordan,Austin,TX,11/3/2024,,active
STRM-102219,Jerry,Stewart,Kansas City,MO,1/11/2024,,active
STRM-102220,Gabriel,Johnson,Milwaukee,WI,5/25/2024,,active
STRM-102221,Virginia,Martinez,Mesa,AZ,9/27/2024,,active
STRM-102222,Grace,Jones,Phoenix,AZ,8/28/2024,,active
STRM-102223,Adam,Cox,Seattle,WA,6/11/2024,8/9/2025,in-active
STRM-102224,Christopher,Watson,Tucson,AZ,11/9/2024,,active
STRM-102225,Scott,Patterson,Tucson,AZ,11/24/2024,4/12/2025,in-active
STRM-102226,Ruth,Clark,Los Angeles,CA,4/24/2024,,active
STRM-102227,John,Scott,San Antonio,TX,6/14/2024,9/18/2025,in-active
STRM-102228,Laura,Baker,Philadelphia,PA,4/7/2024,5/4/2025,in-active
STRM-102229,Frances,Johnson,Minneapolis,MN,1/27/2024,,active
STRM-102230,Barbara,Lewis,Houston,TX,6/4/2024,,active
STRM-102231,Gregory,Ross,Seattle,WA,12/23/2024,,active
STRM-102232,Emily,Alexander,San Diego,CA,3/5/2024,,active
STRM-102233,Donna,Bell,Miami,FL,8/16/2024,,active
STRM-102234,Martha,Morris,Kansas City,MO,9/1/2024,,active
STRM-102235,Anna,Chavez,Wichita,KS,9/4/2024,,active
STRM-102236,Angela,Ramos,Tulsa,OK,2/12/2024,,active
STRM-102236,Angela,Ramos,Tulsa,OK,2/12/2024,,active
STRM-102237,Gary,Evans,Minneapolis,MN,2/9/2024,,active
STRM-102238,Jeremy,Thomas,Columbus,OH,1/7/2024,,active
STRM-102239,Joan,Foster,Fort Worth,TX,9/6/2024,,active
STRM-102240,Rebecca,Watson,New Orleans,LA,6/8/2024,,active
STRM-102241,Denise,Flores,Fresno,CA,2/24/2024,10/20/2024,in-active
STRM-102242,Janet,Foster,Baltimore,MD,11/13/2024,,active
STRM-102243,Aaron,Carter,Phoenix,AZ,5/22/2024,,active
STRM-102244,Danielle,Ward,Kansas City,MO,11/27/2024,,active
STRM-102245,Kyle,Ramirez,Arlington,TX,2/26/2024,,active
STRM-102246,Lauren,Mitchell,Seattle,WA,1/15/2024,,active
STRM-102247,Jacqueline,Jordan,El Paso,TX,5/15/2024,,active
STRM-102248,Sean,Perez,El Paso,TX,8/8/2024,,active
STRM-102249,Diane,Gonzales,Fresno,CA,6/19/2024,,active
STRM-102250,Helen,Patel,San Antonio,TX,1/26/2024,,active
STRM-102251,Nathan,Roberts,Denver,CO,4/6/2024,,active
STRM-102252,Jesse,Peterson,Sacramento,CA,11/7/2024,,active
STRM-102253,Henry,Ramirez,Oakland,CA,1/26/2024,,active
STRM-102254,Donald,Cruz,San Diego,CA,1/28/2024,9/23/2025,in-active
STRM-102255,Jonathan,Morris,Phoenix,AZ,9/29/2024,,active
STRM-102256,Laura,Russell,Las Vegas,NV,7/20/2024,,active
STRM-102257,Jonathan,Hayes,Columbus,OH,3/28/2024,4/2/2025,in-active
STRM-102258,Judy,Kelly,Tulsa,OK,11/1/2024,,active
STRM-102259,James,Harris,Jacksonville,FL,9/14/2024,12/31/2025,in-active
STRM-102260,Walter,Ward,Minneapolis,MN,5/2/2024,,active
STRM-102261,Juan,Moore,Austin,TX,4/5/2024,,active
STRM-102262,Peter,Torres,New York,NY,12/7/2024,,active
STRM-102263,Debra,Garcia,Jacksonville,FL,5/15/2024,11/20/2024,in-active
STRM-102264,Marilyn,Williams,Omaha,NE,6/29/2024,12/31/2025,in-active
STRM-102265,James,Cole,Charlotte,NC,8/29/2024,,active
STRM-102266,Robert,Howard,Indianapolis,IN,9/25/2024,,active
STRM-102267,Donna,Harris,San Antonio,TX,6/4/2024,5/28/2025,in-active
STRM-102268,Christina,Cole,Arlington,TX,6/28/2024,4/2/2025,in-active
STRM-102269,Amber,West,San Francisco,CA,7/5/2024,,active
STRM-102270,Patrick,Cox,Tulsa,OK,6/19/2024,12/31/2025,in-active
STRM-102271,Jesse,Moreno,San Diego,CA,5/18/2024,,active
STRM-102272,Judy,Garcia,San Jose,CA,7/29/2024,12/31/2025,in-active
STRM-102273,Andrew,Alvarez,Tucson,AZ,1/16/2024,,active
STRM-102274,Henry,Castillo,Columbus,OH,2/15/2024,,active
STRM-102275,Dennis,Ramirez,Seattle,WA,11/16/2024,,active
STRM-102276,Christina,Hall,San Francisco,CA,12/13/2024,,active
STRM-102277,Gregory,Powell,Colorado Springs,CO,8/1/2024,5/25/2025,in-active
STRM-102278,Samantha,Carter,Chicago,IL,10/23/2024,,active
STRM-102279,Rachel,Young,Detroit,MI,8/20/2024,,active
STRM-102280,Frank,Kelly,San Diego,CA,1/5/2024,,active
STRM-102281,Danielle,Nguyen,Milwaukee,WI,12/14/2024,,active
STRM-102282,Justin,Adams,Washington,DC,9/6/2024,,active
STRM-102283,Pamela,Brown,Milwaukee,WI,1/21/2024,,active
STRM-102284,Jean,Young,Houston,TX,9/7/2024,,active
STRM-102285,Henry,Price,Virginia Beach,VA,1/1/2024,,active
STRM-102286,Emily,Hughes,Denver,CO,9/14/2024,,active
STRM-102287,Teresa,Flores,Philadelphia,PA,12/31/2024,,active
STRM-102288,Ronald,Gonzales,Colorado Springs,CO,2/11/2024,,active
STRM-102289,William,Griffin,El Paso,TX,5/7/2024,12/31/2025,in-active
STRM-102290,Jerry,Henderson,Las Vegas,NV,2/20/2024,1/9/2025,in-active
STRM-102291,Jesse,Richardson,Jacksonville,FL,10/15/2024,,active
STRM-102292,Samuel,Scott,Oakland,CA,4/12/2024,,active
STRM-102293,Adam,Phillips,Washington,DC,6/5/2024,,active
STRM-102294,Kathryn,Hamilton,Mesa,AZ,4/3/2024,,active
STRM-102295,Olivia,Harris,Dallas,TX,9/26/2024,,active
STRM-102296,Benjamin,Alvarez,Milwaukee,WI,6/30/2024,,active
STRM-102297,Joyce,Bell,Milwaukee,WI,1/15/2024,2/26/2024,in-active
STRM-102298,Joyce,Thompson,New Orleans,LA,3/12/2024,,active
STRM-102299,Nicole,Morales,Colorado Springs,CO,9/19/2024,,active
STRM-102300,Billy,Ramos,Houston,TX,7/20/2024,,active
STRM-102301,Doris,Johnson,Milwaukee,WI,9/22/2024,,active
STRM-102302,Susan,Perez,Houston,TX,5/18/2024,12/31/2025,in-active
STRM-102303,Margaret,Bennett,Omaha,NE,2/19/2024,10/5/2025,in-active
STRM-102304,Judith,James,Houston,TX,3/3/2024,12/31/2025,in-active
STRM-102305,Keith,Wilson,Minneapolis,MN,4/14/2024,,active
STRM-102306,Teresa,Hayes,Dallas,TX,4/24/2024,12/31/2025,in-active
STRM-102307,Michelle,Cox,Miami,FL,6/8/2024,,active
STRM-102308,Mary,West,Raleigh,NC,12/18/2024,,active
STRM-102309,Sarah,Smith,San Jose,CA,11/5/2024,12/31/2025,in-active
STRM-102310,Matthew,Murphy,Columbus,OH,2/23/2024,,active
STRM-102311,Andrea,Simmons,Las Vegas,NV,1/29/2024,12/16/2024,in-active
STRM-102312,Virginia,Moreno,Jacksonville,FL,4/30/2024,11/25/2025,in-active
STRM-102313,Eric,Vasquez,Virginia Beach,VA,11/11/2024,,active
STRM-102314,Donna,Garcia,Jacksonville,FL,3/13/2024,12/31/2025,in-active
STRM-102315,Kathleen,Baker,Fresno,CA,12/24/2024,,active
STRM-102316,Evelyn,Wallace,Denver,CO,5/28/2024,,active
STRM-102317,Dylan,Hayes,Boston,MA,12/7/2024,,active
STRM-102318,Jerry,Ramirez,Milwaukee,WI,8/1/2024,1/14/2025,in-active
STRM-102319,Linda,Reed,Milwaukee,WI,3/2/2024,,active
STRM-102320,John,Cox,Chicago,IL,11/26/2024,,active
STRM-102321,Albert,Simmons,Chicago,IL,6/30/2024,11/6/2025,in-active
STRM-102322,Lauren,Peterson,New York,NY,3/22/2024,,active
STRM-102323,Christian,Turner,El Paso,TX,12/27/2024,,active
STRM-102324,Hannah,Taylor,Jacksonville,FL,12/1/2024,,active
STRM-102325,Denise,Gray,Milwaukee,WI,3/12/2024,,active
STRM-102326,Albert,Cox,Las Vegas,NV,2/4/2024,12/10/2025,in-active
STRM-102327,Judith,Long,Albuquerque,NM,11/6/2024,,active
STRM-102328,Sara,Gutierrez,Dallas,TX,12/23/2024,,active
STRM-102329,Lawrence,Hughes,Colorado Springs,CO,11/12/2024,2/4/2025,in-active
STRM-102330,Barbara,Davis,Tampa,FL,3/22/2024,,active
STRM-102331,Willie,Ramirez,Tucson,AZ,12/13/2024,,active
STRM-102332,Cynthia,Stewart,San Antonio,TX,3/30/2024,5/12/2025,in-active
STRM-102333,Joyce,Taylor,Houston,TX,11/9/2024,,active
STRM-102334,Elizabeth,Jackson,Baltimore,MD,7/10/2024,,active
STRM-102335,Linda,Hall,Nashville,TN,2/25/2024,,active
STRM-102336,Dennis,Wright,Miami,FL,10/20/2024,,active
STRM-102337,Ronald,Cook,Tucson,AZ,8/12/2024,,active
STRM-102338,Laura,Phillips,Arlington,TX,3/23/2024,,active
STRM-102339,Jacqueline,Roberts,Philadelphia,PA,10/25/2024,,active
STRM-102340,Doris,Harris,Columbus,OH,1/18/2024,2/7/2024,in-active
STRM-102341,Raymond,Sullivan,Kansas City,MO,10/6/2024,10/4/2025,in-active
STRM-102342,Melissa,Bryant,Fort Worth,TX,4/16/2024,,active
STRM-102343,Evelyn,Price,El Paso,TX,11/12/2024,4/17/2025,in-active
STRM-102344,Sarah,Vasquez,Detroit,MI,11/16/2024,,active
STRM-102345,Charles,Lee,Dallas,TX,9/21/2024,,active
STRM-102346,Mark,Bryant,Indianapolis,IN,1/27/2024,,active
STRM-102347,Gregory,Garcia,Indianapolis,IN,5/28/2024,2/24/2025,in-active
STRM-102348,Heather,Alvarez,Phoenix,AZ,3/21/2024,6/20/2024,in-active
STRM-102349,Gerald,Morris,Sacramento,CA,11/8/2024,,active
STRM-102350,Aaron,Anderson,Mesa,AZ,12/23/2024,12/31/2025,in-active
STRM-102351,Ethan,Ortiz,Long Beach,CA,1/16/2024,,active
STRM-102352,Joyce,Gutierrez,Fort Worth,TX,6/20/2024,9/3/2024,in-active
STRM-102353,Emily,Evans,Atlanta,GA,6/17/2024,12/31/2025,in-active
STRM-102354,Jessica,Stewart,Tucson,AZ,2/7/2024,9/21/2025,in-active
STRM-102355,Bryan,Martinez,El Paso,TX,2/6/2024,10/25/2025,in-active
STRM-102356,Bryan,Lee,Atlanta,GA,9/2/2024,6/21/2025,in-active
STRM-102357,David,Clark,Chicago,IL,9/11/2024,,active
STRM-102358,Logan,Hughes,Detroit,MI,9/1/2024,,active
STRM-102359,Ryan,Garcia,Houston,TX,1/14/2024,8/16/2024,in-active
STRM-102360,Gerald,Ross,Oakland,CA,12/16/2024,12/31/2025,in-active
STRM-102361,Judith,Wilson,Portland,OR,7/12/2024,,active
STRM-102362,Henry,Barnes,Atlanta,GA,3/11/2024,,active
STRM-102363,Mark,Patel,El Paso,TX,4/9/2024,,active
STRM-102364,Joseph,Stewart,Indianapolis,IN,2/17/2024,,active
STRM-102365,Ryan,Bell,Arlington,TX,10/1/2024,,active
STRM-102366,Patricia,Murphy,Houston,TX,2/9/2024,,active
STRM-102367,Douglas,Campbell,Denver,CO,1/23/2024,,active
STRM-102368,Jordan,Morales,Denver,CO,3/7/2024,,active
STRM-102369,Walter,Young,Virginia Beach,VA,2/9/2024,,active
STRM-102370,Gloria,Evans,Tucson,AZ,12/27/2024,12/31/2025,in-active
STRM-102371,Jeffrey,Simmons,Tulsa,OK,6/3/2024,31-12-2025,in-active
STRM-102372,Justin,Morales,Sacramento,CA,5/16/2024,,active
STRM-102373,Harold,Clark,Houston,TX,6/26/2024,12/31/2025,in-active
STRM-102374,Noah,Bailey,Philadelphia,PA,4/14/2024,10/14/2025,in-active
STRM-102375,Cynthia,Ward,Arlington,TX,10/10/2024,,active
STRM-102376,Ruth,Torres,Chicago,IL,4/30/2024,,active
STRM-102377,Logan,Patterson,San Diego,CA,1/11/2024,,active
STRM-102378,William,Cooper,Seattle,WA,10/28/2024,,active
STRM-102379,Nancy,Thomas,Seattle,WA,11/8/2024,,active
STRM-102380,Robert,Ross,Portland,OR,8/15/2024,,active
STRM-102381,Timothy,Ross,Jacksonville,FL,12/3/2024,,active
STRM-102382,Susan,Ward,Chicago,IL,10/4/2024,11/14/2024,in-active
STRM-102383,Madison,Gray,San Francisco,CA,10/29/2024,,active
STRM-102384,Linda,Mendoza,Tampa,FL,11/14/2024,,active
STRM-102385,Victoria,Anderson,Bakersfield,CA,2/25/2024,,active
STRM-102386,Marilyn,Kelly,Mesa,AZ,8/25/2024,,active
STRM-102387,Kathryn,Gutierrez,Austin,TX,7/14/2024,,active
STRM-102388,Jacob,King,New York,NY,5/23/2024,3/14/2025,in-active
STRM-102389,Nancy,Murphy,Wichita,KS,10/4/2024,,active
STRM-102390,Arthur,Jenkins,Chicago,IL,11/11/2024,,active
STRM-102391,Jonathan,Cook,Cleveland,OH,11/30/2024,12/31/2025,in-active
STRM-102392,Patricia,Young,Washington,DC,10/18/2024,,active
STRM-102393,Angela,Rivera,Baltimore,MD,8/24/2024,,active
STRM-102394,John,Graham,Chicago,IL,7/2/2024,,active
STRM-102395,Austin,Parker,Memphis,TN,1/30/2024,,active
STRM-102396,Christopher,Peterson,Raleigh,NC,10/9/2024,,active
STRM-102397,Thomas,Vasquez,Jacksonville,FL,5/12/2024,3/5/2025,in-active
STRM-102398,Eric,Hayes,Dallas,TX,4/26/2024,,active
STRM-102399,Donna,Gonzalez,Indianapolis,IN,2/28/2024,,active
STRM-102400,Melissa,Vasquez,Colorado Springs,CO,6/11/2024,,active
STRM-102401,Ryan,Thomas,Tulsa,OK,5/12/2024,6/12/2024,in-active
STRM-102402,Marilyn,Price,Mesa,AZ,1/23/2024,,active
STRM-102403,Catherine,Ramirez,Phoenix,AZ,9/16/2024,,active
STRM-102404,Keith,Martin,Charlotte,NC,4/14/2024,,active
STRM-102405,Ruth,Coleman,Phoenix,AZ,11/24/2024,,active
STRM-102406,Larry,Torres,Los Angeles,CA,6/16/2024,,active
STRM-102407,Raymond,Bennett,Memphis,TN,11/29/2024,,active
STRM-102408,Pamela,Davis,Austin,TX,7/7/2024,,active
STRM-102409,Kenneth,Miller,San Antonio,TX,11/7/2024,,active
STRM-102410,Benjamin,Ruiz,Columbus,OH,7/12/2024,8/29/2024,in-active
STRM-102411,Albert,Hill,Portland,OR,11/28/2024,,active
STRM-102412,Karen,Edwards,Kansas City,MO,9/14/2024,12/31/2025,in-active
STRM-102413,Sean,Butler,Mesa,AZ,3/3/2024,9/9/2025,in-active
STRM-102414,Susan,Reynolds,Virginia Beach,VA,9/25/2024,,active
STRM-102415,Katherine,Morgan,Fort Worth,TX,10/21/2024,,active
STRM-102416,Gary,James,Charlotte,NC,7/4/2024,,active
STRM-102417,Benjamin,Robinson,Minneapolis,MN,5/3/2024,,active
STRM-102418,Jose,Castillo,Philadelphia,PA,6/29/2024,,active
STRM-102419,Karen,Castillo,Long Beach,CA,9/4/2024,,active
STRM-102420,Zachary,Butler,Indianapolis,IN,10/18/2024,3/10/2025,in-active
STRM-102421,Frances,Morales,Wichita,KS,7/27/2024,,active
STRM-102422,Willie,Scott,Omaha,NE,5/13/2024,5/12/2025,in-active
STRM-102423,Benjamin,Walker,Philadelphia,PA,7/28/2024,,active
STRM-102424,Donna,Hayes,Miami,FL,4/11/2024,8/3/2025,in-active
STRM-102425,Patricia,Nelson,San Diego,CA,8/2/2024,,active
STRM-102426,Ann,Reynolds,Arlington,TX,2/21/2024,,active
STRM-102427,William,Gonzales,Los Angeles,CA,12/19/2024,,active
STRM-102428,Charles,King,Fresno,CA,9/28/2024,12/19/2025,in-active
STRM-102429,Patrick,Allen,Las Vegas,NV,12/22/2024,,active
STRM-102430,Pamela,Walker,Oklahoma City,OK,6/21/2024,,active
STRM-102431,Doris,Ramirez,Tampa,FL,1/24/2024,,active
STRM-102432,Patrick,Romero,Memphis,TN,11/18/2024,,active
STRM-102433,Olivia,Howard,New Orleans,LA,9/1/2024,,active
STRM-102434,George,Perez,San Jose,CA,1/4/2024,,active
STRM-102435,Jack,Patterson,Portland,OR,6/13/2024,,active
STRM-102436,Keith,Bailey,Wichita,KS,2/19/2024,,active
STRM-102437,Jeremy,Mendoza,Houston,TX,10/15/2024,,active
STRM-102438,Terry,Barnes,Denver,CO,6/14/2024,,active
STRM-102439,Dorothy,Torres,Chicago,IL,4/17/2024,,active
STRM-102440,Anna,Watson,San Antonio,TX,6/26/2024,,active
STRM-102441,Mark,Kelly,Seattle,WA,9/6/2024,,active
STRM-102442,Amanda,Kelly,San Francisco,CA,11/6/2024,7/16/2025,in-active
STRM-102443,Willie,Bailey,San Jose,CA,2/19/2024,,active
STRM-102444,Keith,Baker,Los Angeles,CA,11/2/2024,12/31/2025,in-active
STRM-102445,Frances,Roberts,New York,NY,9/7/2024,10/18/2024,in-active
STRM-102446,Jack,Evans,Denver,CO,10/19/2024,,active
STRM-102447,Kelly,Allen,Milwaukee,WI,5/31/2024,10/15/2024,in-active
STRM-102448,Kelly,Gonzales,Tucson,AZ,5/14/2024,,active
STRM-102449,Emily,Bailey,Tampa,FL,12/8/2024,,active
STRM-102450,Patrick,Lee,Arlington,TX,4/23/2024,4/7/2025,in-active
STRM-102451,Joshua,Bennett,Seattle,WA,8/20/2024,,active
STRM-102452,Hannah,Jackson,Tulsa,OK,12/18/2024,,active
STRM-102453,Elizabeth,Gonzales,San Antonio,TX,12/27/2024,12/2/2025,in-active
STRM-102454,Edward,Martinez,Miami,FL,11/17/2024,,active
STRM-102455,Emily,Long,Indianapolis,IN,12/10/2024,,active
STRM-102456,Ethan,Hill,Tucson,AZ,4/5/2024,2/3/2025,in-active
STRM-102457,Kimberly,Gomez,Miami,FL,2/15/2024,10/6/2024,in-active
STRM-102458,James,Fisher,Phoenix,AZ,9/8/2024,,active
STRM-102459,Rebecca,Rivera,Chicago,IL,8/2/2024,,active
STRM-102460,Doris,Ross,Miami,FL,10/25/2024,,active
STRM-102461,Catherine,Moreno,Sacramento,CA,12/2/2024,10/20/2025,in-active
STRM-102462,Cynthia,Howard,Virginia Beach,VA,9/5/2024,,active
STRM-102463,Julia,Powell,Omaha,NE,7/1/2024,,active
STRM-102464,Pamela,Harris,Indianapolis,IN,2/27/2024,1/1/2025,in-active
STRM-102465,Joyce,Romero,Nashville,TN,5/6/2024,,active
STRM-102466,Sandra,Rivera,Milwaukee,WI,6/12/2024,,active
STRM-102467,Frank,Jenkins,Tulsa,OK,3/6/2024,7/29/2025,in-active
STRM-102468,Megan,Bell,Oakland,CA,4/30/2024,,active
STRM-102469,Jonathan,Parker,Cleveland,OH,7/28/2024,,active
STRM-102470,Samuel,Gutierrez,Oakland,CA,6/11/2024,,active
STRM-102471,Kelly,Henderson,Las Vegas,NV,5/13/2024,2/26/2025,in-active
STRM-102472,Noah,Cruz,Oklahoma City,OK,11/21/2024,10/17/2025,in-active
STRM-102473,Zachary,Sullivan,Indianapolis,IN,10/20/2024,12/31/2025,in-active
STRM-102474,Timothy,Lewis,Raleigh,NC,11/8/2024,,active
STRM-102475,Jordan,Garcia,Tampa,FL,1/11/2024,4/27/2024,in-active
STRM-102476,Debra,Price,Wichita,KS,10/10/2024,,active
STRM-102477,Richard,Turner,Boston,MA,10/1/2024,,active
STRM-102478,Joshua,Jenkins,Tulsa,OK,4/27/2024,,active
STRM-102479,Carol,Myers,Oklahoma City,OK,7/30/2024,,active
STRM-102480,Amy,Brown,Chicago,IL,1/11/2024,7/18/2025,in-active
STRM-102481,Anthony,Jenkins,Cleveland,OH,9/5/2024,,active
STRM-102482,Larry,Cox,Los Angeles,CA,4/27/2024,,active
STRM-102483,Amy,Rodriguez,Seattle,WA,3/4/2024,4/9/2025,in-active
STRM-102484,Denise,Perry,Dallas,TX,5/18/2024,8/19/2024,in-active
STRM-102485,Charles,Coleman,Los Angeles,CA,1/8/2024,7/30/2025,in-active
STRM-102486,Jordan,Hill,San Antonio,TX,10/28/2024,5/29/2025,in-active
STRM-102487,Madison,Richardson,Cleveland,OH,6/14/2024,,active
STRM-102488,Jennifer,Cox,Seattle,WA,8/22/2024,,active
STRM-102489,Angela,Reynolds,Portland,OR,5/29/2024,,active
STRM-102490,Jeffrey,Sullivan,Atlanta,GA,5/22/2024,,active
STRM-102491,Gerald,Morales,Portland,OR,1/9/2024,3/2/2025,in-active
STRM-102492,Ruth,Ramirez,Baltimore,MD,4/24/2024,,active
STRM-102493,Michael,Jenkins,Wichita,KS,4/28/2024,,active
STRM-102494,Walter,Ramirez,Long Beach,CA,6/8/2024,,active
STRM-102495,Julia,Perez,San Antonio,TX,10/14/2024,,active
STRM-102496,Megan,Murphy,Philadelphia,PA,3/13/2024,,active
STRM-102497,Evelyn,Reyes,Houston,TX,9/9/2024,,active
STRM-102498,Samantha,Gray,San Jose,CA,1/19/2024,,active
STRM-102499,Carl,Sullivan,New York,NY,5/17/2024,,active
STRM-102500,Teresa,Cole,Mesa,AZ,9/12/2024,,active
STRM-102501,Logan,Stewart,Nashville,TN,8/24/2024,,active
STRM-102502,Hannah,Lee,San Antonio,TX,8/5/2024,,active
STRM-102503,Dennis,Allen,New Orleans,LA,1/7/2024,,active
STRM-102504,Ashley,Nelson,Fort Worth,TX,8/12/2024,12/21/2024,in-active
STRM-102505,Elizabeth,Henderson,Tucson,AZ,3/28/2024,,active
STRM-102506,Terry,West,Dallas,TX,10/7/2024,,active
STRM-102507,John,Ramos,San Diego,CA,8/10/2024,12/31/2025,in-active
STRM-102508,Helen,Chavez,Raleigh,NC,7/9/2024,,active
STRM-102509,Kevin,Torres,Denver,CO,9/24/2024,,active
STRM-102510,Doris,Myers,Sacramento,CA,11/5/2024,,active
STRM-102511,Kyle,Turner,Oklahoma City,OK,3/10/2024,,active
STRM-102512,Evelyn,Williams,Nashville,TN,8/1/2024,,active
STRM-102513,Ethan,Moore,New York,NY,6/8/2024,,active
STRM-102514,Stephanie,Harris,Mesa,AZ,8/22/2024,,active
STRM-102515,Jessica,Graham,Omaha,NE,3/21/2024,,active
STRM-102516,Bruce,Edwards,El Paso,TX,11/17/2024,,active
STRM-102517,Deborah,Peterson,Denver,CO,8/6/2024,,active
STRM-102518,Brandon,Patel,Raleigh,NC,7/25/2024,12/31/2025,in-active
STRM-102519,Harold,Phillips,Phoenix,AZ,10/30/2024,,active
STRM-102520,Sharon,Bailey,Jacksonville,FL,5/14/2024,,active
STRM-102521,Paul,Foster,Oklahoma City,OK,10/21/2024,12/31/2025,in-active
STRM-102522,Jordan,Peterson,Bakersfield,CA,11/11/2024,,active
STRM-102523,Evelyn,Turner,Austin,TX,1/2/2024,8/25/2024,in-active
STRM-102524,Lisa,Nguyen,San Jose,CA,3/25/2024,,active
STRM-102525,James,Chavez,Phoenix,AZ,1/27/2024,,active
STRM-102526,Douglas,Henderson,Virginia Beach,VA,8/29/2024,,active
STRM-102527,Christian,Walker,Charlotte,NC,10/13/2024,,active
STRM-102528,Jerry,Griffin,El Paso,TX,6/8/2024,5/13/2025,in-active
STRM-102529,Jacqueline,Lee,Omaha,NE,4/19/2024,12/31/2025,in-active
STRM-102530,Anna,Torres,Detroit,MI,10/13/2024,,active
STRM-102531,Nicholas,Walker,Atlanta,GA,8/10/2024,,active
STRM-102532,Dorothy,Miller,Boston,MA,8/26/2024,8/30/2025,in-active
STRM-102533,Nathan,Diaz,Raleigh,NC,10/13/2024,5/11/2025,in-active
STRM-102534,Maria,Myers,Jacksonville,FL,1/6/2024,,active
STRM-102535,Raymond,Roberts,New York,NY,10/27/2024,,active
STRM-102536,Matthew,Patel,San Francisco,CA,9/14/2024,12/31/2025,in-active
STRM-102537,Helen,Rodriguez,Long Beach,CA,5/20/2024,,active
STRM-102538,Diane,Lopez,Minneapolis,MN,12/26/2024,,active
STRM-102539,Joe,Anderson,Kansas City,MO,1/16/2024,5/27/2025,in-active
STRM-102540,Madison,Patterson,Tucson,AZ,3/29/2024,,active
STRM-102541,Grace,Clark,Chicago,IL,7/8/2024,,active
STRM-102542,Michelle,Rivera,Dallas,TX,2/12/2024,,active
STRM-102543,Mark,Anderson,Baltimore,MD,11/22/2024,,active
STRM-102544,Benjamin,Harris,Mesa,AZ,5/22/2024,12/21/2024,in-active
STRM-102545,Denise,Jones,Oklahoma City,OK,12/10/2024,11/14/2025,in-active
STRM-102546,Amanda,Sanders,Sacramento,CA,1/8/2024,3/10/2025,in-active
STRM-102547,Adam,Thomas,Phoenix,AZ,4/8/2024,9/18/2025,in-active
STRM-102548,Donna,Morgan,Philadelphia,PA,3/29/2024,,active
STRM-102549,Stephen,Gomez,Minneapolis,MN,9/15/2024,,active
STRM-102550,Bruce,Smith,Washington,DC,5/20/2024,,active
STRM-102551,Mark,Mendoza,Milwaukee,WI,10/17/2024,1/28/2025,in-active
STRM-102552,Carl,Hamilton,Philadelphia,PA,2/29/2024,9/17/2024,in-active
STRM-102553,Daniel,Mitchell,Nashville,TN,10/29/2024,,active
STRM-102554,Jennifer,Baker,Cleveland,OH,1/6/2024,,active
STRM-102555,Ruth,Alexander,Philadelphia,PA,5/6/2024,,active
STRM-102556,Juan,Carter,Arlington,TX,3/8/2024,,active
STRM-102557,Maria,Kelly,Jacksonville,FL,5/22/2024,,active
STRM-102558,Benjamin,Bell,Indianapolis,IN,4/6/2024,,active
STRM-102559,Stephanie,Rivera,Denver,CO,5/12/2024,,active
STRM-102560,Angela,White,Tucson,AZ,6/30/2024,,active
STRM-102561,Catherine,Jordan,Miami,FL,12/17/2024,2/7/2025,in-active
STRM-102562,Janice,Foster,San Jose,CA,10/2/2024,,active
STRM-102563,Olivia,Ruiz,Long Beach,CA,12/15/2024,7/30/2025,in-active
STRM-102564,Rachel,Morgan,Philadelphia,PA,9/19/2024,6/25/2025,in-active
STRM-102565,Sharon,Graham,San Francisco,CA,1/17/2024,7/14/2025,in-active
STRM-102566,Albert,Mitchell,Albuquerque,NM,3/12/2024,,active
STRM-102567,Samuel,Myers,Kansas City,MO,7/12/2024,,active
STRM-102568,William,Chavez,Minneapolis,MN,2/23/2024,,active
STRM-102569,John,Green,Memphis,TN,8/31/2024,,active
STRM-102570,Grace,Sanchez,Jacksonville,FL,7/2/2024,,active
STRM-102571,Joan,Mitchell,New Orleans,LA,1/12/2024,,active
STRM-102572,Doris,Patterson,Colorado Springs,CO,10/21/2024,,active
STRM-102573,Aaron,Griffin,Charlotte,NC,5/9/2024,12/31/2025,in-active
STRM-102574,Alexander,Moreno,Oakland,CA,7/24/2024,,active
STRM-102575,Cynthia,Ramirez,Memphis,TN,8/6/2024,12/31/2025,in-active
STRM-102576,Aaron,Davis,Austin,TX,9/19/2024,,active
STRM-102577,Scott,Gomez,Kansas City,MO,3/12/2024,,active
STRM-102578,Debra,Wilson,Philadelphia,PA,6/7/2024,11/13/2024,in-active
STRM-102579,Frank,Alexander,Las Vegas,NV,3/25/2024,,active
STRM-102580,Albert,Nguyen,Fort Worth,TX,3/29/2024,,active
STRM-102581,Christopher,Mitchell,Charlotte,NC,4/14/2024,,active
STRM-102582,Gary,Flores,Oakland,CA,10/11/2024,11/13/2025,in-active
STRM-102583,Mary,Wallace,Austin,TX,6/25/2024,,active
STRM-102584,Sean,Powell,Minneapolis,MN,4/18/2024,12/31/2025,in-active
STRM-102585,Dennis,Hamilton,Tulsa,OK,5/4/2024,8/25/2024,in-active
STRM-102586,Heather,Allen,Nashville,TN,3/9/2024,,active
STRM-102587,Christine,Reed,Oakland,CA,8/5/2024,,active
STRM-102588,Gerald,Jackson,El Paso,TX,9/7/2024,,active
STRM-102589,Dylan,Miller,Indianapolis,IN,11/7/2024,,active
STRM-102590,Jacob,Patel,Boston,MA,6/23/2024,,active
STRM-102591,James,Jenkins,Phoenix,AZ,11/26/2024,,active
STRM-102592,Cheryl,Carter,Chicago,IL,4/18/2024,,active
STRM-102593,Lisa,Gray,Portland,OR,11/30/2024,,active
STRM-102594,Kenneth,Reed,Washington,DC,7/17/2024,,active
STRM-102595,Judith,Rodriguez,San Francisco,CA,8/3/2024,,active
STRM-102596,Diane,Ramirez,Milwaukee,WI,2/12/2024,,active
STRM-102597,Betty,Russell,Bakersfield,CA,1/7/2024,,active
STRM-102598,Paul,Foster,Oakland,CA,8/20/2024,,active
STRM-102599,Denise,Perry,Detroit,MI,1/28/2024,,active
STRM-102600,Eric,Robinson,Omaha,NE,8/18/2024,,active
STRM-102601,Evelyn,Bennett,Mesa,AZ,7/5/2024,,active
STRM-102602,Dorothy,Henderson,Mesa,AZ,7/15/2024,10/19/2024,in-active
STRM-102603,Kenneth,Johnson,Oklahoma City,OK,12/28/2024,,active
STRM-102604,Ronald,Patterson,Detroit,MI,1/25/2024,,active
STRM-102605,David,Young,Tucson,AZ,8/23/2024,,active
STRM-102606,Alice,Patel,San Francisco,CA,8/5/2024,,active
STRM-102607,Pamela,Miller,Mesa,AZ,5/16/2024,,active
STRM-102608,Carolyn,Coleman,Los Angeles,CA,8/16/2024,,active
STRM-102609,Bruce,Martinez,Omaha,NE,2/27/2024,,active
STRM-102610,Elizabeth,Jenkins,Charlotte,NC,3/30/2024,,active
STRM-102611,Matthew,Allen,Tampa,FL,3/15/2024,,active
STRM-102612,Henry,Peterson,El Paso,TX,8/22/2024,,active
STRM-102613,Gary,Alexander,Chicago,IL,2/9/2024,,active
STRM-102614,Elizabeth,Nguyen,Omaha,NE,11/22/2024,3/20/2025,in-active
STRM-102615,Maria,Lee,Oklahoma City,OK,11/22/2024,12/31/2025,in-active
STRM-102616,Aaron,Garcia,Jacksonville,FL,5/11/2024,8/15/2024,in-active
STRM-102617,Henry,Robinson,Cleveland,OH,4/8/2024,,active
STRM-102618,Nicole,Morales,Minneapolis,MN,1/26/2024,,active
STRM-102619,Evelyn,Parker,New Orleans,LA,8/11/2024,,active
STRM-102620,Melissa,Peterson,Fresno,CA,12/9/2024,,active
STRM-102621,Aaron,Campbell,Oakland,CA,5/25/2024,,active
STRM-102622,Jose,Turner,Los Angeles,CA,7/31/2024,,active
STRM-102623,Stephen,Morgan,Milwaukee,WI,11/2/2024,12/31/2025,in-active
STRM-102624,Katherine,Harris,Indianapolis,IN,4/25/2024,,active
STRM-102625,Christine,Cruz,Phoenix,AZ,11/9/2024,,active
STRM-102626,Madison,Alexander,Colorado Springs,CO,8/3/2024,,active
STRM-102627,Gregory,Jimenez,Albuquerque,NM,10/12/2024,,active
STRM-102628,Rachel,Brooks,El Paso,TX,8/15/2024,,active
STRM-102629,Cheryl,Turner,Mesa,AZ,12/23/2024,,active
STRM-102630,Heather,Rogers,Las Vegas,NV,1/17/2024,,active
STRM-102631,Arthur,Lee,Miami,FL,9/6/2024,,active
STRM-102632,Frank,Perez,Columbus,OH,9/28/2024,,active
STRM-102633,Justin,Watson,Baltimore,MD,12/11/2024,,active
STRM-102634,Michelle,Nelson,Raleigh,NC,6/29/2024,,active
STRM-102635,Adam,Garcia,New Orleans,LA,5/25/2024,,active
STRM-102636,Megan,Stewart,Portland,OR,10/2/2024,,active
STRM-102637,Madison,Young,San Antonio,TX,7/21/2024,,active
STRM-102638,Donald,Howard,Jacksonville,FL,3/22/2024,5/21/2025,in-active
STRM-102639,Sean,Sullivan,El Paso,TX,4/21/2024,,active
STRM-102640,Alice,Bailey,Nashville,TN,7/4/2024,,active
STRM-102641,Willie,Brooks,Fresno,CA,10/1/2024,,active
STRM-102642,Laura,Russell,Tucson,AZ,8/25/2024,,active
STRM-102643,Christina,Green,Jacksonville,FL,7/23/2024,,active
STRM-102644,Gerald,Bennett,New Orleans,LA,8/25/2024,,active
STRM-102645,Juan,Sanchez,Portland,OR,10/24/2024,,active
STRM-102646,Joyce,Bell,Fort Worth,TX,11/21/2024,,active
STRM-102647,Laura,Scott,Raleigh,NC,11/13/2024,,active
STRM-102648,Christopher,Sullivan,Los Angeles,CA,6/15/2024,,active
STRM-102649,Kevin,Reynolds,Oakland,CA,2/16/2024,3/25/2024,in-active
STRM-102650,Alice,Jimenez,Atlanta,GA,9/18/2024,3/17/2025,in-active
STRM-102651,Lauren,Patel,Tampa,FL,5/2/2024,,active
STRM-102652,Stephanie,Chavez,Dallas,TX,5/30/2024,,active
STRM-102653,Linda,Evans,Kansas City,MO,8/24/2024,,active
STRM-102654,Danielle,Simmons,Charlotte,NC,3/31/2024,9/9/2025,in-active
STRM-102655,Gabriel,Lewis,Bakersfield,CA,11/5/2024,5/2/2025,in-active
STRM-102656,Gary,Hamilton,Tampa,FL,2/5/2024,,active
STRM-102657,William,Sullivan,Sacramento,CA,8/28/2024,11/23/2024,in-active
STRM-102658,Adam,Gutierrez,Tulsa,OK,10/2/2024,,active
STRM-102659,Madison,Miller,Baltimore,MD,9/3/2024,11/18/2024,in-active
STRM-102660,Justin,Jenkins,Tampa,FL,1/21/2024,,active
STRM-102661,Keith,Vasquez,Detroit,MI,3/4/2024,,active
STRM-102662,Angela,Lewis,Tampa,FL,3/27/2024,,active
STRM-102663,Albert,Gray,San Jose,CA,5/4/2024,12/20/2024,in-active
STRM-102664,Angela,Harris,Oklahoma City,OK,11/24/2024,,active
STRM-102665,Lauren,Cole,New Orleans,LA,5/5/2024,5/5/2025,in-active
STRM-102666,Pamela,Simmons,Oklahoma City,OK,8/18/2024,,active
STRM-102667,Kathryn,Peterson,Omaha,NE,1/19/2024,7/3/2024,in-active
STRM-102668,Martha,Kelly,Los Angeles,CA,4/23/2024,12/6/2025,in-active
STRM-102669,Raymond,Howard,Washington,DC,3/22/2024,,active
STRM-102670,Brandon,Griffin,Tulsa,OK,8/13/2024,,active
STRM-102671,Michelle,Allen,San Jose,CA,11/7/2024,,active
STRM-102672,Jerry,Rogers,Miami,FL,4/26/2024,,active
STRM-102673,Jason,Cox,San Jose,CA,10/26/2024,,active
STRM-102674,Janet,Russell,Albuquerque,NM,11/12/2024,11/14/2025,in-active
STRM-102675,Gabriel,Flores,Colorado Springs,CO,9/13/2024,,active
STRM-102676,Ruth,Long,Tucson,AZ,11/27/2024,,active
STRM-102677,Terry,Moreno,Jacksonville,FL,9/4/2024,10/3/2024,in-active
STRM-102678,Doris,Taylor,Oklahoma City,OK,4/25/2024,,active
STRM-102679,Laura,Hill,Seattle,WA,11/7/2024,3/24/2025,in-active
STRM-102680,Logan,Gomez,El Paso,TX,9/12/2024,,active
STRM-102681,Judy,Brown,Arlington,TX,9/25/2024,5/5/2025,in-active
STRM-102682,Janet,Rodriguez,Las Vegas,NV,11/16/2024,,active
STRM-102683,Gregory,Moore,Seattle,WA,10/10/2024,12/31/2025,in-active
STRM-102684,Christopher,Anderson,Baltimore,MD,10/17/2024,,active
STRM-102685,Gary,Rogers,Bakersfield,CA,4/3/2024,,active
STRM-102686,Logan,Morales,Indianapolis,IN,12/19/2024,,active
STRM-102687,Dorothy,Hernandez,Omaha,NE,5/16/2024,,active
STRM-102688,Lisa,Carter,Tampa,FL,2/2/2024,7/1/2024,in-active
STRM-102689,Martha,Cox,Houston,TX,4/16/2024,,active
STRM-102690,Janice,Wallace,Milwaukee,WI,2/20/2024,,active
STRM-102691,Susan,Brooks,Cleveland,OH,11/20/2024,,active
STRM-102692,Walter,Robinson,Baltimore,MD,2/12/2024,,active
STRM-102693,Betty,Parker,Omaha,NE,9/6/2024,,active
STRM-102694,John,Gonzales,San Diego,CA,8/14/2024,3/16/2025,in-active
STRM-102695,Dylan,Patterson,New York,NY,5/8/2024,12/31/2025,in-active
STRM-102696,Helen,Hayes,Miami,FL,3/31/2024,,active
STRM-102697,Judith,Reed,Long Beach,CA,6/2/2024,,active
STRM-102698,Gerald,Murphy,Oklahoma City,OK,5/20/2024,,active
STRM-102699,Christian,Richardson,Miami,FL,8/13/2024,,active
STRM-102700,George,West,New York,NY,6/12/2024,11/30/2025,in-active
STRM-102701,Ethan,Hayes,Austin,TX,4/1/2024,,active
STRM-102702,Henry,Cox,San Antonio,TX,8/14/2024,,active
STRM-102703,Danielle,Campbell,Fort Worth,TX,2/25/2024,10/15/2024,in-active
STRM-102704,Brandon,Ward,Nashville,TN,9/28/2024,,active
STRM-102705,Danielle,Kim,Raleigh,NC,4/17/2024,,active
STRM-102706,Michelle,Chavez,Austin,TX,4/8/2024,10/15/2024,in-active
STRM-102707,Joshua,Green,Nashville,TN,9/21/2024,12/31/2025,in-active
STRM-102708,Jesse,Coleman,Wichita,KS,5/17/2024,,active
STRM-102709,Angela,Reynolds,Washington,DC,7/8/2024,,active
STRM-102710,Debra,Price,Arlington,TX,6/10/2024,,active
STRM-102711,Nathan,Powell,New Orleans,LA,8/1/2024,,active
STRM-102712,Virginia,Anderson,Memphis,TN,6/30/2024,,active
STRM-102713,Emily,Patterson,Wichita,KS,5/20/2024,,active
STRM-102714,Stephanie,Turner,Virginia Beach,VA,5/11/2024,,active
STRM-102715,Ruth,Miller,Nashville,TN,8/6/2024,7/20/2025,in-active
STRM-102716,Austin,Phillips,Bakersfield,CA,4/20/2024,,active
STRM-102717,Douglas,Peterson,San Antonio,TX,2/8/2024,,active
STRM-102718,Christine,Wallace,Tampa,FL,10/30/2024,,active
STRM-102719,Barbara,Jimenez,Minneapolis,MN,12/27/2024,,active
STRM-102720,Anna,Long,Houston,TX,2/21/2024,,active
STRM-102721,Rachel,Peterson,Mesa,AZ,7/8/2024,,active
STRM-102722,Larry,Lewis,Albuquerque,NM,3/9/2024,6/7/2024,in-active
STRM-102723,Christine,Bell,San Jose,CA,3/18/2024,,active
STRM-102724,Arthur,Phillips,Atlanta,GA,2/15/2024,,active
STRM-102725,Christine,Gutierrez,Atlanta,GA,9/28/2024,12/31/2025,in-active
STRM-102726,Jennifer,Scott,Wichita,KS,2/4/2024,1/5/2025,in-active
STRM-102727,Raymond,Romero,Arlington,TX,4/19/2024,,active
STRM-102728,Joan,Collins,Milwaukee,WI,7/4/2024,,active
STRM-102729,Marilyn,Gutierrez,San Francisco,CA,11/5/2024,12/13/2024,in-active
STRM-102730,Emily,Walker,Long Beach,CA,7/29/2024,,active
STRM-102731,Noah,Gonzalez,Sacramento,CA,1/31/2024,7/23/2025,in-active
STRM-102732,Ruth,Jones,Kansas City,MO,8/11/2024,12/31/2025,in-active
STRM-102733,Christine,Cole,Denver,CO,10/21/2024,,active
STRM-102734,Sarah,Martin,Kansas City,MO,2/17/2024,6/26/2024,in-active
STRM-102735,Gerald,Green,Bakersfield,CA,9/19/2024,1/1/2025,in-active
STRM-102736,Arthur,Graham,Raleigh,NC,11/28/2024,2/25/2025,in-active
STRM-102737,Danielle,Gonzales,Seattle,WA,8/26/2024,,active
STRM-102738,Kenneth,James,Phoenix,AZ,4/3/2024,,active
STRM-102739,Alexander,Patterson,Sacramento,CA,12/20/2024,12/31/2025,in-active
STRM-102740,Jennifer,Perry,Kansas City,MO,5/30/2024,,active
STRM-102741,Heather,Jones,New York,NY,4/25/2024,,active
STRM-102742,Kenneth,Gutierrez,Indianapolis,IN,10/26/2024,,active
STRM-102743,Christine,Alexander,Long Beach,CA,12/6/2024,,active
STRM-102744,Sara,Price,Tulsa,OK,10/22/2024,,active
STRM-102745,Donna,Evans,Washington,DC,4/2/2024,,active
STRM-102746,Gerald,Hernandez,Wichita,KS,3/6/2024,,active
STRM-102747,Sarah,Wood,Nashville,TN,4/27/2024,,active
STRM-102748,Stephanie,Cox,Austin,TX,8/5/2024,4/15/2025,in-active
STRM-102749,Sharon,Price,Los Angeles,CA,3/11/2024,6/19/2025,in-active
STRM-102750,Ashley,Long,Los Angeles,CA,8/15/2024,3/31/2025,in-active
STRM-102751,Maria,Gonzalez,Baltimore,MD,8/12/2024,,active
STRM-102752,Timothy,Ross,Colorado Springs,CO,3/4/2024,,active
STRM-102753,Brian,Young,Austin,TX,4/17/2024,,active
STRM-102754,Megan,Alvarez,Arlington,TX,6/11/2024,,active
STRM-102755,Rebecca,White,Bakersfield,CA,9/16/2024,,active
STRM-102756,Shirley,Lewis,Milwaukee,WI,1/9/2024,,active
STRM-102757,Joyce,Perry,San Antonio,TX,6/30/2024,,active
STRM-102758,Samantha,Taylor,Detroit,MI,11/29/2024,,active
STRM-102759,Nancy,Jimenez,Albuquerque,NM,1/9/2024,10/31/2024,in-active
STRM-102760,Grace,Chavez,Chicago,IL,3/13/2024,9/25/2024,in-active
STRM-102761,Carl,Williams,Dallas,TX,9/22/2024,,active
STRM-102762,Ethan,Martinez,Houston,TX,11/1/2024,12/31/2025,in-active
STRM-102763,Pamela,Myers,Raleigh,NC,7/31/2024,10/18/2025,in-active
STRM-102764,Brian,Hall,Sacramento,CA,3/18/2024,12/31/2025,in-active
STRM-102765,George,Sanders,San Diego,CA,3/24/2024,,active
STRM-102766,Timothy,Ward,Las Vegas,NV,11/16/2024,,active
STRM-102767,Angela,Chavez,Los Angeles,CA,1/14/2024,,active
STRM-102768,Ethan,Rodriguez,Arlington,TX,3/14/2024,5/15/2024,in-active
STRM-102769,Harold,Long,New Orleans,LA,11/2/2024,5/9/2025,in-active
STRM-102770,Joshua,Sanchez,New York,NY,6/27/2024,10/14/2024,in-active
STRM-102771,Joyce,Taylor,San Diego,CA,8/31/2024,,active
STRM-102772,Adam,Vasquez,Dallas,TX,11/4/2024,11/19/2024,in-active
STRM-102773,Samantha,Griffin,Albuquerque,NM,5/11/2024,,active
STRM-102774,Albert,Sanders,Raleigh,NC,12/8/2024,,active
STRM-102775,Walter,Hayes,Arlington,TX,10/19/2024,,active
STRM-102776,Jeffrey,King,Bakersfield,CA,3/14/2024,,active
STRM-102777,Nancy,Harris,Tulsa,OK,7/25/2024,,active
STRM-102778,Doris,Clark,Charlotte,NC,4/25/2024,,active
STRM-102779,Albert,Cox,Oklahoma City,OK,12/29/2024,12/31/2025,in-active
STRM-102780,Jean,Morgan,New Orleans,LA,3/8/2024,,active
STRM-102781,Ruth,Nguyen,Colorado Springs,CO,1/18/2024,3/2/2025,in-active
STRM-102782,Julia,Gonzalez,Cleveland,OH,4/11/2024,5/10/2024,in-active
STRM-102783,Andrew,Rodriguez,Cleveland,OH,5/1/2024,,active
STRM-102784,Samuel,Williams,Kansas City,MO,9/3/2024,,active
STRM-102785,Frank,Carter,Miami,FL,10/22/2024,,active
STRM-102786,Jason,Patterson,Raleigh,NC,5/14/2024,,active
STRM-102787,Mark,Bailey,Long Beach,CA,9/20/2024,9/15/2025,in-active
STRM-102788,Melissa,Rogers,Oklahoma City,OK,9/6/2024,12/31/2025,in-active
STRM-102789,Amber,Harris,Virginia Beach,VA,6/24/2024,4/4/2025,in-active
STRM-102790,Thomas,Sanders,Detroit,MI,11/24/2024,,active
STRM-102791,Gloria,Allen,San Antonio,TX,4/26/2024,9/1/2024,in-active
STRM-102792,Mark,Ramos,Dallas,TX,6/26/2024,,active
STRM-102793,Olivia,Perez,Fresno,CA,4/3/2024,,active
STRM-102794,Keith,Roberts,San Jose,CA,12/14/2024,,active
STRM-102795,Robert,Gomez,Tampa,FL,6/30/2024,,active
STRM-102796,Kenneth,Gonzalez,Bakersfield,CA,9/29/2024,,active
STRM-102797,Ryan,Nelson,Boston,MA,3/22/2024,,active
STRM-102798,Kevin,Edwards,New Orleans,LA,3/18/2024,,active
STRM-102799,Bryan,Henderson,Fort Worth,TX,5/22/2024,,active
STRM-102800,Aaron,Ramos,Portland,OR,9/24/2024,12/31/2025,in-active
STRM-102801,Joan,Chavez,Dallas,TX,6/2/2024,,active
STRM-102802,Nicholas,Richardson,Columbus,OH,11/9/2024,,active
STRM-102803,Sarah,Thomas,New Orleans,LA,7/29/2024,,active
STRM-102804,Judith,Adams,New Orleans,LA,5/4/2024,,active
STRM-102805,Joshua,Butler,Las Vegas,NV,10/29/2024,,active
STRM-102806,Catherine,Jackson,Indianapolis,IN,5/21/2024,,active
STRM-102807,Aaron,Young,Tampa,FL,10/26/2024,4/14/2025,in-active
STRM-102808,Timothy,Simmons,San Jose,CA,12/10/2024,,active
STRM-102809,Christine,Williams,Miami,FL,3/1/2024,,active
STRM-102810,Terry,Clark,Wichita,KS,11/17/2024,,active
STRM-102811,Cynthia,Vasquez,Washington,DC,3/4/2024,,active
STRM-102812,Bryan,Patterson,San Jose,CA,2/6/2024,2/4/2025,in-active
STRM-102813,Helen,Hernandez,Portland,OR,5/10/2024,,active
STRM-102814,Joan,Barnes,Colorado Springs,CO,3/27/2024,12/31/2025,in-active
STRM-102815,Noah,Howard,Indianapolis,IN,9/24/2024,,active
STRM-102816,Jordan,Castillo,Charlotte,NC,12/6/2024,,active
STRM-102817,Henry,Butler,Houston,TX,11/22/2024,,active
STRM-102818,Anna,Peterson,San Francisco,CA,11/23/2024,,active
STRM-102819,Joyce,Cook,El Paso,TX,2/12/2024,,active
STRM-102820,Noah,Morales,Colorado Springs,CO,9/10/2024,,active
STRM-102821,Olivia,Morgan,San Antonio,TX,12/28/2024,,active
STRM-102822,Madison,Long,Omaha,NE,9/22/2024,12/31/2025,in-active
STRM-102823,Maria,Hernandez,Omaha,NE,2/25/2024,,active
STRM-102824,Gabriel,Sanchez,Kansas City,MO,2/18/2024,,active
STRM-102825,Kathleen,Castillo,Colorado Springs,CO,12/10/2024,,active
STRM-102826,Jordan,Butler,Las Vegas,NV,1/21/2024,,active
STRM-102827,Douglas,Alexander,Kansas City,MO,9/24/2024,,active
STRM-102828,Aaron,Gonzales,Virginia Beach,VA,1/14/2024,,active
STRM-102829,George,Miller,Miami,FL,6/17/2024,,active
STRM-102830,Julie,Davis,Tampa,FL,8/21/2024,5/22/2025,in-active
STRM-102831,Carolyn,Ruiz,El Paso,TX,5/7/2024,,active
STRM-102832,Richard,Wood,Milwaukee,WI,12/23/2024,10/3/2025,in-active
STRM-102833,Carol,Turner,Atlanta,GA,10/7/2024,,active
STRM-102834,Aaron,Hughes,Wichita,KS,3/29/2024,7/13/2024,in-active
STRM-102835,Debra,Price,Raleigh,NC,10/2/2024,6/7/2025,in-active
STRM-102836,Katherine,Ward,San Antonio,TX,2/16/2024,,active
STRM-102837,Benjamin,Bryant,Miami,FL,4/5/2024,11/13/2024,in-active
STRM-102838,Angela,West,El Paso,TX,6/21/2024,7/11/2025,in-active
STRM-102839,Joshua,Baker,Nashville,TN,1/9/2024,,active
STRM-102840,Lawrence,Richardson,Fresno,CA,12/24/2024,,active
STRM-102841,Pamela,Rivera,Las Vegas,NV,11/12/2024,,active
STRM-102842,Ronald,White,Philadelphia,PA,12/30/2024,,active
STRM-102843,Amber,Russell,San Francisco,CA,3/15/2024,,active
STRM-102844,Gerald,Price,Las Vegas,NV,3/9/2024,7/8/2024,in-active
STRM-102845,Pamela,Perez,Nashville,TN,4/25/2024,,active
STRM-102846,David,Morales,Atlanta,GA,3/20/2024,,active
STRM-102847,Stephen,Miller,Tucson,AZ,4/24/2024,12/19/2024,in-active
STRM-102848,Gary,Edwards,Baltimore,MD,11/27/2024,5/9/2025,in-active
STRM-102849,Patricia,Ramos,Charlotte,NC,1/11/2024,6/3/2025,in-active
STRM-102850,Douglas,Coleman,Atlanta,GA,10/9/2024,5/8/2025,in-active
STRM-102851,Julie,Mitchell,Sacramento,CA,10/24/2024,,active
STRM-102852,Sara,Jimenez,Arlington,TX,5/13/2024,,active
STRM-102853,Janet,Ortiz,Detroit,MI,7/8/2024,,active
STRM-102854,Jacob,Brooks,Mesa,AZ,7/1/2024,,active
STRM-102855,Steven,Chavez,Minneapolis,MN,5/6/2024,12/31/2025,in-active
STRM-102856,Paul,Harris,Cleveland,OH,9/16/2024,,active
STRM-102857,Frances,Watson,San Antonio,TX,11/5/2024,,active
STRM-102858,Catherine,Edwards,Milwaukee,WI,5/17/2024,,active
STRM-102859,Susan,Alexander,Raleigh,NC,8/12/2024,,active
STRM-102860,Olivia,Taylor,Austin,TX,1/12/2024,,active
STRM-102861,Teresa,Anderson,El Paso,TX,9/1/2024,2/14/2025,in-active
STRM-102862,Thomas,Price,Phoenix,AZ,5/21/2024,,active
STRM-102863,Linda,Cole,Detroit,MI,12/26/2024,5/26/2025,in-active
STRM-102864,Diane,Parker,Virginia Beach,VA,8/19/2024,,active
STRM-102865,Alan,Cox,Oklahoma City,OK,4/29/2024,,active
STRM-102866,Keith,Sullivan,San Jose,CA,10/3/2024,12/31/2025,in-active
STRM-102867,Benjamin,Johnson,Raleigh,NC,1/28/2024,,active
STRM-102868,Carolyn,Walker,Wichita,KS,2/6/2024,,active
STRM-102869,Jacqueline,Bell,Tampa,FL,3/23/2024,12/17/2024,in-active
STRM-102870,Alice,Rivera,Jacksonville,FL,1/16/2024,,active
STRM-102871,Jeremy,Walker,Oklahoma City,OK,2/15/2024,,active
STRM-102872,Virginia,Jimenez,Bakersfield,CA,7/27/2024,,active
STRM-102873,Evelyn,Scott,Oklahoma City,OK,4/3/2024,,active
STRM-102874,Patrick,Rivera,Tulsa,OK,8/8/2024,12/31/2025,in-active
STRM-102875,Lisa,Mitchell,San Francisco,CA,7/24/2024,,active
STRM-102876,Catherine,Lee,Oklahoma City,OK,8/19/2024,12/31/2025,in-active
STRM-102877,Shirley,Garcia,Omaha,NE,2/1/2024,4/16/2024,in-active
STRM-102878,Juan,Myers,San Antonio,TX,3/27/2024,,active
STRM-102879,Jacqueline,Brown,New York,NY,6/16/2024,,active
STRM-102880,Linda,Myers,Phoenix,AZ,3/29/2024,,active
STRM-102881,Billy,Bryant,Jacksonville,FL,10/1/2024,,active
STRM-102882,Frank,Harris,Oakland,CA,3/20/2024,,active
STRM-102883,Arthur,Rivera,Baltimore,MD,12/27/2024,7/11/2025,in-active
STRM-102884,Andrea,Hill,Baltimore,MD,1/16/2024,,active
STRM-102885,Frances,Walker,Bakersfield,CA,6/8/2024,10/11/2024,in-active
STRM-102886,Catherine,Campbell,Colorado Springs,CO,9/22/2024,,active
STRM-102887,Betty,Bryant,Fort Worth,TX,11/4/2024,,active
STRM-102888,Bryan,Gray,Milwaukee,WI,12/3/2024,,active
STRM-102889,Heather,Romero,San Diego,CA,12/8/2024,,active
STRM-102890,Alexander,Murphy,Boston,MA,3/13/2024,,active
STRM-102891,Megan,Carter,Cleveland,OH,7/25/2024,,active
STRM-102892,Jessica,Wallace,Bakersfield,CA,12/3/2024,,active
STRM-102893,Jean,Sanchez,Sacramento,CA,2/16/2024,,active
STRM-102894,Samuel,Powell,New Orleans,LA,10/6/2024,,active
STRM-102895,Larry,Chavez,Dallas,TX,8/17/2024,6/27/2025,in-active
STRM-102896,Joe,Barnes,Las Vegas,NV,8/10/2024,,active
STRM-102897,Megan,Miller,Tucson,AZ,2/23/2024,,active
STRM-102898,Judith,Jimenez,Washington,DC,9/11/2024,7/17/2025,in-active
STRM-102899,Danielle,Anderson,Sacramento,CA,1/22/2024,,active
STRM-102900,Daniel,Ward,Colorado Springs,CO,10/19/2024,,active
STRM-102901,Gabriel,Watson,Arlington,TX,1/25/2024,,active
STRM-102902,Richard,Cox,Portland,OR,4/6/2024,,active
STRM-102903,Frances,Wilson,Oakland,CA,8/10/2024,12/31/2025,in-active
STRM-102904,Dorothy,Patel,Oakland,CA,12/23/2024,,active
STRM-102905,Jason,Sanchez,Milwaukee,WI,4/5/2024,3/13/2025,in-active
STRM-102906,Charles,Evans,Tucson,AZ,4/15/2024,,active
STRM-102907,Bryan,Brown,Chicago,IL,7/14/2024,,active
STRM-102908,Sandra,Howard,New York,NY,5/3/2024,,active
STRM-102909,Gregory,Rivera,Portland,OR,4/26/2024,,active
STRM-102910,Aaron,Lopez,San Jose,CA,3/13/2024,,active
STRM-102911,Abigail,Gutierrez,Detroit,MI,12/14/2024,,active
STRM-102912,Joe,Richardson,Columbus,OH,11/30/2024,9/20/2025,in-active
STRM-102913,Jose,Williams,Memphis,TN,7/30/2024,,active
STRM-102914,Edward,West,San Francisco,CA,11/3/2024,,active
STRM-102915,Diane,Hernandez,Minneapolis,MN,8/17/2024,,active
STRM-102916,Laura,Jackson,Miami,FL,2/28/2024,,active
STRM-102917,Megan,Moore,Jacksonville,FL,10/1/2024,,active
STRM-102918,Shirley,Jenkins,Denver,CO,10/1/2024,,active
STRM-102919,Kathryn,Gutierrez,San Antonio,TX,3/2/2024,,active
STRM-102920,Stephanie,Thompson,Atlanta,GA,9/11/2024,,active
STRM-102921,Roger,Martinez,Albuquerque,NM,9/2/2024,,active
STRM-102922,Ryan,Martinez,Portland,OR,4/4/2024,,active
STRM-102923,Sarah,Morris,Detroit,MI,11/11/2024,,active
STRM-102924,Andrew,Simmons,Omaha,NE,1/22/2024,,active
STRM-102925,Christian,Carter,Wichita,KS,4/17/2024,6/15/2024,in-active
STRM-102926,Kathryn,Brown,San Jose,CA,6/23/2024,3/21/2025,in-active
STRM-102927,Brian,Hughes,Milwaukee,WI,4/12/2024,6/23/2024,in-active
STRM-102928,Tyler,Ross,San Jose,CA,5/29/2024,,active
STRM-102929,Laura,Mitchell,Miami,FL,4/9/2024,,active
STRM-102930,Douglas,Miller,Baltimore,MD,2/5/2024,10/28/2025,in-active
STRM-102931,Jacqueline,Kelly,Atlanta,GA,3/23/2024,,active
STRM-102932,Katherine,Anderson,San Diego,CA,12/16/2024,,active
STRM-102933,Roger,Jones,Raleigh,NC,3/27/2024,3/6/2025,in-active
STRM-102934,Jack,Martinez,San Jose,CA,2/23/2024,,active
STRM-102935,Mary,Ross,New York,NY,10/15/2024,,active
STRM-102936,Heather,Walker,Indianapolis,IN,11/17/2024,,active
STRM-102937,Gloria,Jackson,Los Angeles,CA,11/28/2024,12/31/2025,in-active
STRM-102938,Arthur,Foster,Denver,CO,12/17/2024,,active
STRM-102939,Christina,Stewart,Oakland,CA,9/8/2024,,active
STRM-102940,Frank,Patterson,Albuquerque,NM,3/19/2024,,active
STRM-102941,Raymond,Edwards,San Jose,CA,5/26/2024,,active
STRM-102942,Brian,Jimenez,San Francisco,CA,3/23/2024,,active
STRM-102943,Jennifer,Gonzales,Bakersfield,CA,6/2/2024,,active
STRM-102944,Lauren,Bell,Tulsa,OK,10/4/2024,12/4/2025,in-active
STRM-102945,Paul,Price,Columbus,OH,7/26/2024,,active
STRM-102946,Adam,Alexander,Tampa,FL,8/19/2024,,active
STRM-102947,Heather,Hamilton,Boston,MA,6/21/2024,,active
STRM-102948,Aaron,Wright,Tampa,FL,9/28/2024,,active
STRM-102949,Sharon,Carter,Kansas City,MO,4/9/2024,12/31/2025,in-active
STRM-102950,Billy,Sanders,Milwaukee,WI,10/7/2024,12/14/2025,in-active
STRM-102951,Ruth,Ward,Columbus,OH,7/20/2024,,active
STRM-102952,Margaret,Jordan,Washington,DC,11/15/2024,,active
STRM-102953,Stephanie,Parker,Oklahoma City,OK,10/9/2024,12/31/2025,in-active
STRM-102954,Jerry,Gonzales,Jacksonville,FL,8/14/2024,,active
STRM-102955,Timothy,Foster,Kansas City,MO,12/7/2024,,active
STRM-102956,Juan,Flores,Long Beach,CA,7/24/2024,,active
STRM-102957,Ronald,Hill,Memphis,TN,6/11/2024,,active
STRM-102958,Kimberly,West,Nashville,TN,11/8/2024,12/31/2025,in-active
STRM-102959,Jacqueline,Martinez,Oakland,CA,2/19/2024,5/31/2024,in-active
STRM-102960,Jennifer,Williams,Houston,TX,6/18/2024,5/19/2025,in-active
STRM-102961,Carolyn,Phillips,Arlington,TX,3/18/2024,2/10/2025,in-active
STRM-102962,Thomas,Castillo,Raleigh,NC,6/10/2024,,active
STRM-102963,Zachary,Griffin,Oklahoma City,OK,12/26/2024,,active
STRM-102964,Nicole,Sanchez,Bakersfield,CA,10/14/2024,,active
STRM-102965,Kenneth,Adams,Memphis,TN,3/1/2024,,active
STRM-102966,Billy,Sullivan,Austin,TX,10/14/2024,,active
STRM-102967,Ethan,Bailey,Minneapolis,MN,5/7/2024,12/31/2025,in-active
STRM-102968,Donna,Simmons,San Antonio,TX,1/21/2024,,active
STRM-102969,Maria,Griffin,Portland,OR,9/1/2024,,active
STRM-102970,Jennifer,Castillo,Baltimore,MD,10/26/2024,,active
STRM-102971,Zachary,Garcia,Tucson,AZ,12/9/2024,,active
STRM-102972,Alexander,Perez,Boston,MA,2/5/2024,,active
STRM-102973,Abigail,Kim,Oakland,CA,7/20/2024,11/25/2024,in-active
STRM-102974,Doris,Gomez,Miami,FL,6/13/2024,,active
STRM-102975,Nancy,Price,Omaha,NE,9/10/2024,,active
STRM-102976,Jean,Coleman,Austin,TX,7/5/2024,2/1/2025,in-active
STRM-102977,Hannah,Bailey,Sacramento,CA,1/13/2024,,active
STRM-102978,Kevin,Wilson,Long Beach,CA,5/2/2024,,active
STRM-102979,Angela,Romero,Detroit,MI,6/21/2024,,active
STRM-102980,Albert,Alexander,Virginia Beach,VA,2/11/2024,,active
STRM-102981,William,King,Raleigh,NC,1/6/2024,2/9/2024,in-active
STRM-102982,Nicole,Ross,Fort Worth,TX,8/28/2024,,active
STRM-102983,Elizabeth,Cooper,Minneapolis,MN,7/11/2024,,active
STRM-102984,Hannah,Henderson,Memphis,TN,12/28/2024,,active
STRM-102985,Frank,Gutierrez,Atlanta,GA,4/8/2024,,active
STRM-102986,Jonathan,Perez,Baltimore,MD,12/9/2024,,active
STRM-102987,Willie,Brooks,Fresno,CA,2/28/2024,,active
STRM-102988,Paul,Ramirez,Charlotte,NC,2/8/2024,,active
STRM-102989,Thomas,Flores,Kansas City,MO,5/1/2024,8/1/2024,in-active
STRM-102990,John,Brown,Arlington,TX,6/23/2024,12/31/2025,in-active
STRM-102991,Charles,Flores,Colorado Springs,CO,11/16/2024,12/31/2025,in-active
STRM-102992,Julia,James,Cleveland,OH,12/6/2024,,active
STRM-102993,Ashley,Anderson,Tulsa,OK,3/12/2024,,active
STRM-102994,Christopher,Mitchell,Philadelphia,PA,2/16/2024,,active
STRM-102995,Danielle,Reyes,Columbus,OH,1/26/2024,,active
STRM-102996,Heather,Chavez,Miami,FL,9/28/2024,,active
STRM-102997,Ronald,Hayes,Omaha,NE,12/27/2024,,active
STRM-102998,Brenda,Thomas,Baltimore,MD,4/4/2024,,active
STRM-102999,Christopher,Rivera,Fort Worth,TX,5/14/2024,,active
STRM-103000,Harold,Carter,Minneapolis,MN,3/4/2024,,active
STRM-103001,Karen,Carter,Jacksonville,FL,6/13/2024,2/16/2025,in-active
STRM-103002,Carol,Jenkins,Miami,FL,10/30/2024,,active
STRM-103003,Julie,Kelly,Columbus,OH,8/6/2024,,active
STRM-103004,Frank,Morris,Sacramento,CA,1/4/2024,,active
STRM-103005,Juan,Cook,Denver,CO,3/23/2024,,active
STRM-103006,Thomas,Hayes,El Paso,TX,1/31/2024,,active
STRM-103007,Henry,Lee,Oakland,CA,8/16/2024,,active
STRM-103008,Alan,Thompson,Nashville,TN,10/28/2024,11/17/2025,in-active
STRM-103009,Juan,Taylor,Kansas City,MO,5/14/2024,4/20/2025,in-active
STRM-103010,Christina,Alvarez,Arlington,TX,9/2/2024,,active
STRM-103011,Scott,Cole,Nashville,TN,10/6/2024,5/3/2025,in-active
STRM-103012,Ryan,Baker,Chicago,IL,12/19/2024,,active
STRM-103013,Joan,Hamilton,Nashville,TN,7/25/2024,,active
STRM-103014,Kyle,Jordan,San Jose,CA,3/13/2024,4/26/2025,in-active
STRM-103015,Joyce,Miller,Dallas,TX,6/11/2024,,active
STRM-103016,Julia,Hill,Las Vegas,NV,7/6/2024,,active
STRM-103017,Amber,Hall,San Jose,CA,10/30/2024,6/24/2025,in-active
STRM-103018,Matthew,Jones,Las Vegas,NV,8/29/2024,,active
STRM-103019,Alexander,Gomez,Los Angeles,CA,9/11/2024,,active
STRM-103020,Nicole,Bailey,Indianapolis,IN,4/7/2024,,active
STRM-103021,Cheryl,Gonzales,Detroit,MI,3/22/2024,,active
STRM-103022,Willie,Thomas,El Paso,TX,2/24/2024,,active
STRM-103023,Samuel,Wallace,Omaha,NE,5/28/2024,,active
STRM-103024,Roger,Hayes,Bakersfield,CA,4/20/2024,,active
STRM-103025,Patricia,Ward,Miami,FL,3/22/2024,,active
STRM-103026,Samantha,Barnes,Raleigh,NC,3/3/2024,,active
STRM-103027,Jacqueline,Reed,Oklahoma City,OK,7/10/2024,12/3/2024,in-active
STRM-103028,Jack,Griffin,Phoenix,AZ,1/10/2024,,active
STRM-103029,Adam,Murphy,Columbus,OH,6/16/2024,,active
STRM-103030,Benjamin,Griffin,Cleveland,OH,5/23/2024,,active
STRM-103031,Sara,James,Minneapolis,MN,4/9/2024,3/19/2025,in-active
STRM-103032,Julia,Collins,Tulsa,OK,10/30/2024,,active
STRM-103033,Amy,Cole,Kansas City,MO,8/28/2024,7/29/2025,in-active
STRM-103034,Keith,Harris,Portland,OR,3/16/2024,,active
STRM-103035,Christopher,Cole,Milwaukee,WI,11/4/2024,8/18/2025,in-active
STRM-103036,Sarah,Jordan,Portland,OR,4/8/2024,1/30/2025,in-active
STRM-103037,Andrew,Sanders,Wichita,KS,1/31/2024,,active
STRM-103038,Laura,Smith,Nashville,TN,7/1/2024,11/22/2025,in-active
STRM-103039,Teresa,Nguyen,Cleveland,OH,5/19/2024,10/12/2025,in-active
STRM-103040,Benjamin,Phillips,Bakersfield,CA,11/26/2024,,active
STRM-103041,Jesse,Walker,Denver,CO,2/1/2024,9/2/2024,in-active
STRM-103042,Terry,Reed,Charlotte,NC,7/11/2024,,active
STRM-103043,John,Kim,San Francisco,CA,4/14/2024,,active
STRM-103044,Michael,Davis,Long Beach,CA,11/25/2024,2/28/2025,in-active
STRM-103045,Jack,Graham,Wichita,KS,3/16/2024,,active
STRM-103046,Maria,Green,Omaha,NE,8/15/2024,12/18/2024,in-active
STRM-103047,Stephen,Patterson,Seattle,WA,4/11/2024,,active
STRM-103048,Peter,Reed,Austin,TX,10/27/2024,,active
STRM-103049,Robert,Young,Houston,TX,6/16/2024,,active
STRM-103050,Jack,Torres,Nashville,TN,7/11/2024,,active
STRM-103051,Joe,Fisher,Long Beach,CA,6/14/2024,,active
STRM-103052,Christine,Rodriguez,Long Beach,CA,5/24/2024,,active
STRM-103053,Kathryn,Hernandez,Fresno,CA,1/29/2024,6/27/2024,in-active
STRM-103054,Cheryl,Taylor,Phoenix,AZ,3/12/2024,,active
STRM-103055,Martha,Adams,Tulsa,OK,4/30/2024,,active
STRM-103056,Raymond,Alvarez,Oklahoma City,OK,2/11/2024,,active
STRM-103057,Sarah,Hayes,Las Vegas,NV,10/6/2024,,active
STRM-103058,Adam,Jenkins,Minneapolis,MN,3/20/2024,,active
STRM-103059,Daniel,Turner,Baltimore,MD,3/22/2024,,active
STRM-103060,Eric,Collins,Charlotte,NC,1/29/2024,,active
STRM-103061,Austin,Miller,Houston,TX,11/25/2024,7/28/2025,in-active
STRM-103062,Walter,Hernandez,Chicago,IL,4/22/2024,10/10/2024,in-active
STRM-103063,Emily,Brooks,Nashville,TN,7/17/2024,12/31/2025,in-active
STRM-103064,Diane,Jones,Fresno,CA,5/28/2024,,active
STRM-103065,Doris,Coleman,Atlanta,GA,2/4/2024,,active
STRM-103066,Dylan,Martinez,Columbus,OH,4/27/2024,,active
STRM-103067,Mary,Hughes,Minneapolis,MN,2/11/2024,,active
STRM-103068,Jack,Nelson,Las Vegas,NV,4/18/2024,,active
STRM-103069,Mary,Reed,Seattle,WA,10/11/2024,,active
STRM-103070,Heather,Green,Fort Worth,TX,11/7/2024,,active
STRM-103071,Ronald,Wood,San Francisco,CA,7/20/2024,,active
STRM-103072,Brenda,Jordan,Los Angeles,CA,8/16/2024,,active
STRM-103073,Logan,Russell,Columbus,OH,4/4/2024,,active
STRM-103074,Heather,Ramirez,Arlington,TX,4/15/2024,,active
STRM-103075,Kathryn,Kim,Minneapolis,MN,12/11/2024,,active
STRM-103076,Jean,Cox,Boston,MA,8/25/2024,,active
STRM-103077,Joe,Collins,Kansas City,MO,5/9/2024,,active
STRM-103078,Michael,Richardson,New York,NY,4/20/2024,4/11/2025,in-active
STRM-103079,Timothy,Bryant,Tampa,FL,7/17/2024,,active
STRM-103080,Lauren,Powell,Omaha,NE,3/25/2024,8/13/2025,in-active
STRM-103081,Teresa,Kelly,Cleveland,OH,12/7/2024,9/2/2025,in-active
STRM-103082,Karen,Ramirez,New York,NY,1/16/2024,,active
STRM-103083,John,Peterson,New York,NY,6/4/2024,,active
STRM-103084,Kathryn,Green,San Antonio,TX,1/28/2024,,active
STRM-103085,Grace,Carter,Detroit,MI,7/9/2024,,active
STRM-103086,Adam,Garcia,Washington,DC,1/18/2024,12/7/2024,in-active
STRM-103087,Andrew,Ortiz,Milwaukee,WI,4/14/2024,,active
STRM-103088,Bruce,Davis,Albuquerque,NM,3/30/2024,,active
STRM-103089,Daniel,Stewart,Milwaukee,WI,10/23/2024,,active
STRM-103090,Helen,Cooper,Los Angeles,CA,12/25/2024,,active
STRM-103091,Thomas,Flores,Columbus,OH,2/3/2024,,active
STRM-103092,Dennis,Davis,Chicago,IL,9/11/2024,,active
STRM-103093,Joan,Bell,Jacksonville,FL,1/7/2024,,active
STRM-103094,Barbara,Taylor,Wichita,KS,5/23/2024,,active
STRM-103095,Walter,Phillips,Bakersfield,CA,5/16/2024,,active
STRM-103096,Helen,Carter,Charlotte,NC,12/19/2024,,active
STRM-103097,James,Lopez,Kansas City,MO,8/10/2024,,active
STRM-103098,Megan,Reyes,Tulsa,OK,1/25/2024,,active
STRM-103099,Daniel,Patel,Milwaukee,WI,8/29/2024,,active
STRM-103100,Ruth,Myers,Tampa,FL,10/9/2024,,active
STRM-103101,Samuel,Ruiz,Memphis,TN,3/30/2024,,active
STRM-103102,Ruth,Graham,El Paso,TX,5/29/2024,,active
STRM-103103,Alan,Hayes,Oakland,CA,10/4/2024,,active
STRM-103104,Henry,Thompson,Omaha,NE,5/9/2024,4/29/2025,in-active
STRM-103105,Carolyn,Graham,Baltimore,MD,10/3/2024,4/4/2025,in-active
STRM-103106,David,Mendoza,Fresno,CA,11/16/2024,,active
STRM-103107,Rachel,Green,Bakersfield,CA,10/20/2024,,active
STRM-103108,Timothy,Jenkins,Philadelphia,PA,8/2/2024,12/31/2025,in-active
STRM-103109,Gloria,Hernandez,Sacramento,CA,2/23/2024,,active
STRM-103110,Shirley,Nelson,Arlington,TX,4/26/2024,,active
STRM-103111,Debra,Cole,San Diego,CA,6/15/2024,7/17/2025,in-active
STRM-103112,Sean,Jenkins,Sacramento,CA,12/2/2024,7/29/2025,in-active
STRM-103113,Sara,Hughes,Arlington,TX,7/27/2024,,active
STRM-103114,Margaret,Edwards,Miami,FL,11/25/2024,,active
STRM-103115,Edward,Smith,Cleveland,OH,9/15/2024,12/31/2025,in-active
STRM-103116,Andrew,Jackson,Minneapolis,MN,6/5/2024,,active
STRM-103117,Virginia,Cox,Columbus,OH,10/4/2024,,active
STRM-103118,Edward,Miller,Los Angeles,CA,1/16/2024,,active
STRM-103119,Rebecca,Mitchell,Wichita,KS,12/14/2024,,active
STRM-103120,Nicholas,Jordan,San Diego,CA,8/4/2024,12/31/2025,in-active
STRM-103121,Virginia,Williams,Minneapolis,MN,11/1/2024,,active
STRM-103122,Heather,Myers,Columbus,OH,6/4/2024,,active
STRM-103123,Dylan,Wallace,Miami,FL,11/10/2024,,active
STRM-103124,Marilyn,Cole,Chicago,IL,9/12/2024,,active
STRM-103125,Linda,Rogers,Minneapolis,MN,8/30/2024,10/11/2025,in-active
STRM-103126,Frances,Sanchez,Detroit,MI,12/18/2024,,active
STRM-103127,Catherine,Cole,Los Angeles,CA,7/13/2024,,active
STRM-103128,Noah,Thompson,Albuquerque,NM,5/9/2024,,active
STRM-103129,Nancy,Morales,Tampa,FL,11/19/2024,12/31/2025,in-active
STRM-103130,Maria,Gray,Charlotte,NC,11/5/2024,12/25/2024,in-active
STRM-103131,Samuel,Richardson,Atlanta,GA,12/26/2024,8/19/2025,in-active
STRM-103132,Doris,Bell,San Antonio,TX,1/6/2024,,active
STRM-103133,Jean,Davis,Fresno,CA,8/15/2024,,active
STRM-103134,George,Hamilton,Seattle,WA,12/22/2024,,active
STRM-103135,Frances,Gonzalez,San Francisco,CA,10/26/2024,,active
STRM-103136,Roger,Cole,Jacksonville,FL,8/19/2024,,active
STRM-103137,Carol,Hernandez,Denver,CO,11/3/2024,,active
STRM-103138,Donald,Flores,Phoenix,AZ,4/11/2024,,active
STRM-103139,Amy,Johnson,Portland,OR,11/30/2024,12/31/2025,in-active
STRM-103140,Barbara,Cox,Jacksonville,FL,4/24/2024,,active
STRM-103141,Juan,Hayes,Indianapolis,IN,12/31/2024,,active
STRM-103142,Sandra,Sanchez,Austin,TX,3/12/2024,,active
STRM-103143,Jordan,Miller,Baltimore,MD,9/11/2024,,active
STRM-103144,Henry,Garcia,Tulsa,OK,9/25/2024,10/22/2025,in-active
STRM-103145,Bruce,Ramirez,Memphis,TN,8/30/2024,,active
STRM-103146,Olivia,Henderson,Phoenix,AZ,2/3/2024,,active
STRM-103147,Willie,Alvarez,Albuquerque,NM,7/24/2024,,active
STRM-103148,Gary,Scott,San Diego,CA,1/13/2024,,active
STRM-103149,Arthur,Mitchell,Virginia Beach,VA,4/10/2024,,active
STRM-103150,Gloria,Myers,Atlanta,GA,5/14/2024,,active
STRM-103151,Albert,Mitchell,Colorado Springs,CO,7/30/2024,,active
STRM-103152,David,Reyes,Fort Worth,TX,3/16/2024,,active
STRM-103153,Tyler,Williams,Boston,MA,1/31/2024,,active
STRM-103154,Patricia,Lewis,Sacramento,CA,12/6/2024,,active
STRM-103155,Jacqueline,Williams,Washington,DC,3/11/2024,,active
STRM-103156,Gary,Wallace,Bakersfield,CA,4/19/2024,,active
STRM-103157,Evelyn,Wallace,Albuquerque,NM,4/19/2024,,active
STRM-103158,Heather,Jackson,San Jose,CA,12/7/2024,,active
STRM-103159,Keith,Nguyen,New Orleans,LA,2/4/2024,,active
STRM-103160,Charles,Nelson,Charlotte,NC,11/16/2024,12/31/2025,in-active
STRM-103161,Raymond,Edwards,San Francisco,CA,7/27/2024,,active
STRM-103162,Henry,Hernandez,Nashville,TN,7/21/2024,,active
STRM-103163,Doris,Myers,Las Vegas,NV,8/18/2024,,active
STRM-103164,Laura,Allen,Albuquerque,NM,11/10/2024,12/31/2025,in-active
STRM-103165,Jose,Green,Charlotte,NC,11/2/2024,,active
STRM-103166,Cheryl,Martin,Detroit,MI,11/3/2024,,active
STRM-103167,Thomas,Perez,Tulsa,OK,3/15/2024,5/9/2024,in-active
STRM-103168,Jack,Bailey,Las Vegas,NV,5/23/2024,,active
STRM-103169,Rachel,Cox,Mesa,AZ,11/5/2024,,active
STRM-103170,Brandon,Reynolds,Fresno,CA,9/6/2024,,active
STRM-103171,Dylan,Scott,Albuquerque,NM,6/21/2024,,active
STRM-103172,Megan,Mendoza,Mesa,AZ,9/21/2024,,active
STRM-103173,Thomas,Cook,Miami,FL,5/17/2024,3/23/2025,in-active
STRM-103174,Jesse,Collins,Nashville,TN,6/14/2024,12/31/2025,in-active
STRM-103175,Edward,Hughes,Washington,DC,4/8/2024,10/5/2025,in-active
STRM-103176,Marilyn,Bell,Seattle,WA,5/15/2024,,active
STRM-103177,Doris,Carter,Wichita,KS,11/9/2024,4/15/2025,in-active
STRM-103178,Pamela,Carter,Oakland,CA,12/17/2024,,active
STRM-103179,Harold,Chavez,Columbus,OH,8/24/2024,,active
STRM-103180,Brian,Walker,Tampa,FL,5/29/2024,,active
STRM-103181,Timothy,Gray,Jacksonville,FL,11/27/2024,12/30/2025,in-active
STRM-103182,Gary,Powell,Albuquerque,NM,5/18/2024,9/15/2025,in-active
STRM-103183,Frances,Mendoza,San Jose,CA,5/10/2024,,active
STRM-103184,Nicholas,Young,Portland,OR,10/8/2024,10/26/2024,in-active
STRM-103185,Sarah,Carter,Bakersfield,CA,5/10/2024,9/2/2025,in-active
STRM-103186,Sean,Peterson,Fresno,CA,10/17/2024,,active
STRM-103187,Jonathan,Wilson,Detroit,MI,11/17/2024,12/31/2025,in-active
STRM-103188,Margaret,Griffin,Detroit,MI,7/17/2024,,active
STRM-103189,Emily,Campbell,San Diego,CA,7/4/2024,9/12/2024,in-active
STRM-103190,David,Moore,Seattle,WA,2/25/2024,,active
STRM-103191,Jonathan,Allen,Cleveland,OH,2/19/2024,12/31/2025,in-active
STRM-103192,Nathan,Evans,Chicago,IL,12/4/2024,,active
STRM-103193,John,Lewis,Oklahoma City,OK,11/15/2024,,active
STRM-103194,Larry,Gonzales,Charlotte,NC,4/28/2024,,active
STRM-103195,Jordan,Morgan,Atlanta,GA,6/30/2024,12/17/2024,in-active
STRM-103196,Jennifer,Brooks,New Orleans,LA,4/22/2024,,active
STRM-103197,Jerry,Evans,Mesa,AZ,11/11/2024,,active
STRM-103198,Carol,White,Kansas City,MO,11/10/2024,8/28/2025,in-active
STRM-103199,Noah,Young,San Antonio,TX,5/6/2024,1/2/2025,in-active
STRM-103200,Kathleen,Alexander,Raleigh,NC,3/25/2024,11/20/2024,in-active
STRM-103201,Anna,Ramirez,New York,NY,5/2/2024,,active
STRM-103202,Olivia,Foster,Baltimore,MD,4/19/2024,,active
STRM-103203,Christopher,Sullivan,Tulsa,OK,8/15/2024,,active
STRM-103204,Jerry,Ross,Los Angeles,CA,10/4/2024,5/17/2025,in-active
STRM-103205,Alan,Cole,Detroit,MI,9/25/2024,,active
STRM-103206,Jennifer,Bryant,Fresno,CA,11/11/2024,,active
STRM-103207,Kelly,Evans,Boston,MA,3/14/2024,,active
STRM-103208,Alice,Long,Austin,TX,7/25/2024,,active
STRM-103209,Benjamin,Price,Las Vegas,NV,5/20/2024,,active
STRM-103210,Justin,Reyes,Portland,OR,11/3/2024,12/12/2024,in-active
STRM-103211,Danielle,Morales,Long Beach,CA,12/23/2024,,active
STRM-103212,Jennifer,Jimenez,Kansas City,MO,6/25/2024,,active
STRM-103213,Jennifer,Cole,Detroit,MI,8/16/2024,11/30/2024,in-active
STRM-103214,Olivia,Rogers,El Paso,TX,4/27/2024,,active
STRM-103215,Eric,Wallace,Austin,TX,3/27/2024,,active
STRM-103216,Janice,Gomez,Chicago,IL,7/14/2024,,active
STRM-103217,Ryan,White,Tulsa,OK,3/22/2024,,active
STRM-103218,Ann,Gonzalez,San Francisco,CA,2/10/2024,,active
STRM-103219,Shirley,Jordan,San Jose,CA,5/30/2024,,active
STRM-103220,Olivia,Bailey,Jacksonville,FL,4/27/2024,,active
STRM-103221,Kevin,Moore,Indianapolis,IN,2/17/2024,,active
STRM-103222,Arthur,Rivera,Denver,CO,10/7/2024,,active
STRM-103223,Nathan,Nelson,Charlotte,NC,1/9/2024,8/11/2024,in-active
STRM-103224,Jordan,Martin,Phoenix,AZ,2/21/2024,,active
STRM-103225,Dorothy,Young,Wichita,KS,8/24/2024,,active
STRM-103226,Jack,Rivera,San Jose,CA,9/30/2024,6/23/2025,in-active
STRM-103227,John,Wood,Austin,TX,5/19/2024,,active
STRM-103228,Jennifer,Anderson,Las Vegas,NV,3/10/2024,,active
STRM-103229,Ethan,Flores,Dallas,TX,5/3/2024,5/29/2025,in-active
STRM-103230,Arthur,Bailey,Milwaukee,WI,5/5/2024,,active
STRM-103231,Donald,Murphy,Austin,TX,11/23/2024,,active
STRM-103232,David,Moore,Portland,OR,3/10/2024,,active
STRM-103233,Lauren,Cole,Oakland,CA,7/21/2024,,active
STRM-103234,Virginia,Graham,Long Beach,CA,9/23/2024,,active
STRM-103235,Madison,Russell,New Orleans,LA,5/8/2024,,active
STRM-103236,Jose,Nelson,Fresno,CA,9/12/2024,,active
STRM-103237,Elizabeth,Evans,Phoenix,AZ,11/3/2024,9/19/2025,in-active
STRM-103238,Sandra,Bell,Portland,OR,7/11/2024,,active
STRM-103239,Michael,Watson,Tucson,AZ,4/11/2024,12/2/2024,in-active
STRM-103240,Olivia,Nguyen,Baltimore,MD,10/29/2024,4/5/2025,in-active
STRM-103241,Logan,Cox,Las Vegas,NV,5/5/2024,,active
STRM-103242,Ryan,Vasquez,San Francisco,CA,9/6/2024,,active
STRM-103243,Joan,Myers,Columbus,OH,8/25/2024,,active
STRM-103244,Susan,Morales,San Jose,CA,11/23/2024,10/6/2025,in-active
STRM-103245,Ruth,Wilson,El Paso,TX,8/26/2024,12/31/2025,in-active
STRM-103246,Henry,Martin,Omaha,NE,5/30/2024,,active
STRM-103247,Hannah,Wallace,Chicago,IL,9/2/2024,,active
STRM-103248,Gregory,Roberts,Washington,DC,9/16/2024,,active
STRM-103249,Betty,Nguyen,Arlington,TX,12/30/2024,,active
STRM-103250,Jessica,Miller,Fresno,CA,4/21/2024,,active
STRM-103251,Ruth,Miller,Baltimore,MD,7/25/2024,,active
STRM-103252,Bryan,Alexander,El Paso,TX,11/14/2024,,active
STRM-103253,Jack,Wilson,Bakersfield,CA,9/21/2024,,active
STRM-103254,Douglas,West,Detroit,MI,9/20/2024,,active
STRM-103255,Sean,Moore,San Jose,CA,7/12/2024,,active
STRM-103256,Douglas,Morgan,San Jose,CA,3/13/2024,10/15/2024,in-active
STRM-103257,Lisa,Foster,Seattle,WA,7/20/2024,,active
STRM-103258,Barbara,Cox,New York,NY,3/9/2024,,active
STRM-103259,Kathryn,Roberts,Memphis,TN,3/18/2024,,active
STRM-103260,Kathryn,Rogers,Columbus,OH,1/1/2024,7/1/2024,in-active
STRM-103261,Elizabeth,Ortiz,Tampa,FL,9/4/2024,5/1/2025,in-active
STRM-103262,Joan,Nelson,Oakland,CA,9/9/2024,,active
STRM-103263,Doris,Alexander,Bakersfield,CA,6/24/2024,,active
STRM-103264,Ruth,Reynolds,San Francisco,CA,10/22/2024,,active
STRM-103265,Gregory,Wood,Sacramento,CA,3/20/2024,,active
STRM-103266,Dylan,Bailey,Bakersfield,CA,10/31/2024,7/24/2025,in-active
STRM-103267,Laura,Garcia,Detroit,MI,9/4/2024,,active
STRM-103268,Keith,Kim,Tucson,AZ,7/26/2024,,active
STRM-103269,Jean,Kim,Bakersfield,CA,5/11/2024,,active
STRM-103270,Donna,Edwards,Cleveland,OH,4/22/2024,1/16/2025,in-active
STRM-103271,Kyle,Flores,San Antonio,TX,12/23/2024,,active
STRM-103272,Raymond,Bell,Arlington,TX,7/23/2024,,active
STRM-103273,Gregory,Kim,Philadelphia,PA,5/4/2024,,active
STRM-103274,Judith,Taylor,Wichita,KS,6/9/2024,8/21/2024,in-active
STRM-103275,Olivia,Russell,Detroit,MI,3/19/2024,,active
STRM-103276,Linda,Bennett,Boston,MA,3/1/2024,,active
STRM-103277,Noah,Cole,Las Vegas,NV,10/28/2024,,active
STRM-103278,Henry,Stewart,Denver,CO,5/4/2024,,active
STRM-103279,Kevin,Gray,Austin,TX,11/2/2024,,active
STRM-103280,Dennis,Perez,San Antonio,TX,2/12/2024,,active
STRM-103281,John,Hill,Mesa,AZ,8/7/2024,,active
STRM-103282,Lisa,Hill,Houston,TX,1/2/2024,,active
STRM-103283,William,Wright,Denver,CO,7/6/2024,,active
STRM-103284,Carolyn,Thompson,Chicago,IL,3/25/2024,3/13/2025,in-active
STRM-103285,Betty,Martinez,Colorado Springs,CO,2/12/2024,11/17/2025,in-active
STRM-103286,James,Roberts,Cleveland,OH,3/28/2024,8/27/2025,in-active
STRM-103287,Margaret,Morgan,Colorado Springs,CO,5/29/2024,,active
STRM-103288,Terry,Jackson,Raleigh,NC,5/25/2024,,active
STRM-103289,Kyle,Gutierrez,Austin,TX,11/25/2024,12/31/2025,in-active
STRM-103290,Matthew,Bryant,Omaha,NE,4/24/2024,,active
STRM-103291,William,Powell,Oklahoma City,OK,12/6/2024,,active
STRM-103292,Evelyn,Jordan,El Paso,TX,9/17/2024,,active
STRM-103293,Denise,Perry,Memphis,TN,4/30/2024,3/27/2025,in-active
STRM-103294,Willie,Wood,Columbus,OH,5/3/2024,,active
STRM-103295,Michelle,Martinez,Philadelphia,PA,1/31/2024,,active
STRM-103296,Mark,Nguyen,San Antonio,TX,8/17/2024,,active
STRM-103297,Charles,Reed,Wichita,KS,6/19/2024,,active
STRM-103298,Lawrence,Morris,Tulsa,OK,9/3/2024,,active
STRM-103299,Ashley,Cox,Tulsa,OK,4/17/2024,12/31/2025,in-active
STRM-103300,William,Sanders,Austin,TX,7/19/2024,,active
STRM-103301,Thomas,Gonzalez,Chicago,IL,5/9/2024,,active
STRM-103302,Cheryl,Hamilton,Virginia Beach,VA,7/22/2024,7/3/2025,in-active
STRM-103303,Christina,Wright,Nashville,TN,12/28/2024,,active
STRM-103304,Benjamin,Mitchell,New York,NY,3/25/2024,6/8/2025,in-active
STRM-103305,Lisa,West,Oklahoma City,OK,3/16/2024,,active
STRM-103306,Emily,Morris,Fresno,CA,11/5/2024,,active
STRM-103307,Anna,Phillips,Tampa,FL,4/2/2024,,active
STRM-103308,John,Castillo,Tulsa,OK,6/24/2024,7/25/2025,in-active
STRM-103309,Alexander,Smith,San Antonio,TX,9/4/2024,12/31/2025,in-active
STRM-103310,Stephanie,Diaz,San Jose,CA,6/19/2024,,active
STRM-103311,Andrea,Peterson,Sacramento,CA,7/19/2024,12/31/2025,in-active
STRM-103312,Bryan,Gomez,Detroit,MI,1/21/2024,,active
STRM-103313,Jean,Howard,Mesa,AZ,8/21/2024,,active
STRM-103314,Debra,Jones,Memphis,TN,10/28/2024,,active
STRM-103315,Thomas,Griffin,Memphis,TN,8/25/2024,12/31/2025,in-active
STRM-103316,Arthur,Reyes,Nashville,TN,10/29/2024,,active
STRM-103317,Angela,Kim,Long Beach,CA,1/20/2024,12/19/2025,in-active
STRM-103318,Lawrence,Rogers,Las Vegas,NV,5/15/2024,,active
STRM-103319,Ryan,Hernandez,Indianapolis,IN,8/18/2024,,active
STRM-103320,James,Gonzales,Houston,TX,2/8/2024,11/29/2024,in-active
STRM-103321,Frances,Coleman,Los Angeles,CA,9/13/2024,12/31/2025,in-active
STRM-103322,Brandon,Wilson,Tucson,AZ,10/24/2024,,active
STRM-103323,Amber,Kelly,Wichita,KS,2/29/2024,4/17/2025,in-active
STRM-103324,Teresa,James,Jacksonville,FL,10/6/2024,,active
STRM-103325,Patricia,Barnes,Philadelphia,PA,6/17/2024,,active
STRM-103326,Walter,Garcia,San Antonio,TX,3/7/2024,12/11/2024,in-active
STRM-103327,Amanda,Howard,Virginia Beach,VA,5/11/2024,,active
STRM-103328,Victoria,Evans,Tampa,FL,3/24/2024,,active
STRM-103329,Brenda,Richardson,Mesa,AZ,12/20/2024,,active
STRM-103330,Sarah,Martin,San Jose,CA,3/3/2024,3/21/2024,in-active
STRM-103331,Kathleen,Taylor,Wichita,KS,5/18/2024,9/26/2024,in-active
STRM-103332,Christina,Gray,San Diego,CA,9/13/2024,12/31/2025,in-active
STRM-103333,Joan,Young,Albuquerque,NM,12/8/2024,,active
STRM-103334,Nancy,Alvarez,Cleveland,OH,2/17/2024,,active
STRM-103335,Heather,Carter,Mesa,AZ,5/8/2024,12/31/2025,in-active
STRM-103336,Daniel,Taylor,Austin,TX,3/15/2024,,active
STRM-103337,Martha,Roberts,Albuquerque,NM,11/19/2024,,active
STRM-103338,Rachel,Jimenez,Cleveland,OH,8/9/2024,,active
STRM-103339,Hannah,Russell,Columbus,OH,3/26/2024,,active
STRM-103340,Judy,Moreno,Wichita,KS,10/27/2024,1/18/2025,in-active
STRM-103341,Ryan,Hayes,Atlanta,GA,8/22/2024,,active
STRM-103342,Gabriel,Patel,Fort Worth,TX,1/22/2024,,active
STRM-103343,Edward,Smith,Kansas City,MO,6/30/2024,,active
STRM-103344,Willie,Myers,Long Beach,CA,6/22/2024,,active
STRM-103345,Mary,Watson,Milwaukee,WI,2/13/2024,,active
STRM-103346,Matthew,Robinson,Colorado Springs,CO,3/10/2024,,active
STRM-103347,Ann,Mendoza,San Diego,CA,11/15/2024,12/31/2025,in-active
STRM-103348,Katherine,Morales,Washington,DC,10/1/2024,8/12/2025,in-active
STRM-103349,Elizabeth,Ramirez,Houston,TX,6/2/2024,,active
STRM-103350,Emily,Gutierrez,Portland,OR,3/19/2024,,active
STRM-103351,Julie,Martin,Sacramento,CA,7/5/2024,,active
STRM-103352,Brandon,Kim,Memphis,TN,1/12/2024,,active
STRM-103353,Larry,Wood,Jacksonville,FL,12/30/2024,,active
STRM-103354,Emily,Sanchez,Boston,MA,2/28/2024,,active
STRM-103355,Angela,Bennett,Nashville,TN,3/4/2024,,active
STRM-103356,Jason,Lee,Indianapolis,IN,1/26/2024,,active
STRM-103357,Sean,Lee,Bakersfield,CA,12/30/2024,,active
STRM-103358,Sara,Kim,Atlanta,GA,12/2/2024,,active
STRM-103359,Virginia,Hernandez,Washington,DC,8/3/2024,,active
STRM-103360,Debra,Morgan,Arlington,TX,1/27/2024,,active
STRM-103361,Matthew,Johnson,San Antonio,TX,9/1/2024,,active
STRM-103362,Raymond,Russell,Mesa,AZ,2/24/2024,,active
STRM-103363,Jean,Murphy,Philadelphia,PA,6/20/2024,,active
STRM-103364,Logan,Clark,Miami,FL,1/9/2024,,active
STRM-103365,Paul,Baker,Arlington,TX,12/15/2024,,active
STRM-103366,Jose,Johnson,Oakland,CA,9/24/2024,12/31/2025,in-active
STRM-103367,Edward,Hayes,Atlanta,GA,5/1/2024,,active
STRM-103368,Jason,Jimenez,Fort Worth,TX,9/27/2024,,active
STRM-103369,Steven,Russell,Colorado Springs,CO,7/29/2024,6/3/2025,in-active
STRM-103370,Jonathan,Murphy,Raleigh,NC,3/4/2024,,active
STRM-103371,Shirley,Bryant,New York,NY,2/28/2024,,active
STRM-103372,Edward,Cook,Minneapolis,MN,3/6/2024,,active
STRM-103373,Gabriel,Walker,Virginia Beach,VA,5/7/2024,,active
STRM-103374,David,Reyes,Charlotte,NC,1/24/2024,12/31/2025,in-active
STRM-103375,Diane,Wright,Columbus,OH,5/21/2024,12/31/2025,in-active
STRM-103376,James,Turner,Tulsa,OK,2/26/2024,3/26/2024,in-active
STRM-103377,Julie,Ramirez,Oklahoma City,OK,4/15/2024,,active
STRM-103378,Donna,Young,Boston,MA,6/15/2024,7/22/2025,in-active
STRM-103379,Albert,Peterson,Baltimore,MD,12/5/2024,,active
STRM-103380,Bruce,Nguyen,Columbus,OH,7/18/2024,,active
STRM-103381,Willie,Morales,Tucson,AZ,9/7/2024,12/13/2025,in-active
STRM-103382,Richard,Cook,New York,NY,8/9/2024,,active
STRM-103383,Jessica,Thomas,Arlington,TX,8/22/2024,,active
STRM-103384,Timothy,Bell,San Diego,CA,5/27/2024,,active
STRM-103385,Anna,Rivera,Detroit,MI,1/8/2024,,active
STRM-103386,Jacqueline,Taylor,Colorado Springs,CO,8/20/2024,,active
STRM-103387,Gabriel,Edwards,Baltimore,MD,4/12/2024,,active
STRM-103388,Stephen,Wallace,Portland,OR,5/18/2024,,active
STRM-103389,Jeffrey,Vasquez,Dallas,TX,1/9/2024,11/14/2025,in-active
STRM-103390,Noah,Foster,Indianapolis,IN,10/9/2024,,active
STRM-103391,Donna,Lewis,Seattle,WA,7/8/2024,,active
STRM-103392,Betty,Cooper,Virginia Beach,VA,9/21/2024,11/23/2025,in-active
STRM-103393,Jennifer,Taylor,Kansas City,MO,2/24/2024,,active
STRM-103394,Larry,Cook,Bakersfield,CA,5/5/2024,12/31/2025,in-active
STRM-103395,Austin,Campbell,Miami,FL,9/11/2024,9/29/2024,in-active
STRM-103396,Kenneth,Garcia,Nashville,TN,12/19/2024,12/31/2025,in-active
STRM-103397,Kathryn,Mendoza,New York,NY,9/3/2024,,active
STRM-103398,Margaret,Ward,Tampa,FL,8/5/2024,,active
STRM-103399,Helen,Phillips,Miami,FL,7/24/2024,,active
STRM-103400,Jordan,Alvarez,San Antonio,TX,7/13/2024,,active
STRM-103401,Ronald,Morales,Nashville,TN,1/24/2024,2/7/2025,in-active
STRM-103402,Ethan,Morris,Mesa,AZ,6/19/2024,,active
STRM-103403,Henry,Jones,Minneapolis,MN,2/9/2024,,active
STRM-103404,Emily,Reyes,Memphis,TN,1/23/2024,,active
STRM-103405,Julie,Jackson,San Antonio,TX,12/14/2024,12/31/2025,in-active
STRM-103406,Douglas,Wright,Indianapolis,IN,4/19/2024,,active
STRM-103407,Matthew,Martinez,San Francisco,CA,1/6/2024,3/14/2025,in-active
STRM-103408,Mark,Bailey,Long Beach,CA,10/28/2024,6/14/2025,in-active
STRM-103409,Lisa,Mendoza,Charlotte,NC,11/9/2024,,active
STRM-103410,Nicholas,Morris,Chicago,IL,8/31/2024,,active
STRM-103411,Harold,Nelson,Virginia Beach,VA,12/22/2024,12/31/2025,in-active
STRM-103412,Sharon,Bell,Oklahoma City,OK,2/21/2024,,active
STRM-103413,Janice,Collins,Kansas City,MO,5/22/2024,,active
STRM-103414,Catherine,Alvarez,New Orleans,LA,8/19/2024,,active
STRM-103415,Kevin,Miller,Arlington,TX,2/19/2024,10/11/2025,in-active
STRM-103416,Jennifer,Peterson,Fort Worth,TX,3/29/2024,12/8/2024,in-active
STRM-103417,Barbara,Rivera,Fort Worth,TX,4/17/2024,,active
STRM-103418,Pamela,Alexander,Houston,TX,12/4/2024,,active
STRM-103419,Billy,Wright,Chicago,IL,3/1/2024,10/11/2024,in-active
STRM-103420,Janet,Kim,Oakland,CA,8/9/2024,,active
STRM-103421,Thomas,Green,Albuquerque,NM,7/12/2024,,active
STRM-103422,Ruth,Rodriguez,Mesa,AZ,3/30/2024,,active
STRM-103423,Joyce,Ramirez,Philadelphia,PA,3/21/2024,,active
STRM-103424,Michelle,Coleman,San Antonio,TX,8/10/2024,,active
STRM-103425,Kevin,Morgan,Tulsa,OK,9/23/2024,,active
STRM-103426,Marilyn,James,Baltimore,MD,3/21/2024,12/4/2025,in-active
STRM-103427,Gerald,Parker,Baltimore,MD,8/5/2024,,active
STRM-103428,Kelly,Bailey,Nashville,TN,5/13/2024,,active
STRM-103429,Jennifer,Gomez,Las Vegas,NV,5/31/2024,,active
STRM-103430,Frances,Graham,Philadelphia,PA,10/24/2024,,active
STRM-103431,Paul,Wilson,Indianapolis,IN,12/24/2024,,active
STRM-103432,Donald,Wallace,Las Vegas,NV,11/28/2024,,active
STRM-103433,Steven,Wilson,Sacramento,CA,4/2/2024,,active
STRM-103434,Cynthia,Allen,Charlotte,NC,1/26/2024,,active
STRM-103435,Madison,Jackson,Charlotte,NC,10/2/2024,,active
STRM-103436,Alexander,White,San Francisco,CA,5/13/2024,,active
STRM-103437,Steven,Rivera,Chicago,IL,8/6/2024,,active
STRM-103438,Timothy,Scott,Bakersfield,CA,4/22/2024,,active
STRM-103439,Daniel,Nguyen,Raleigh,NC,8/14/2024,,active
STRM-103440,Bruce,Lee,Arlington,TX,6/13/2024,,active
STRM-103441,Juan,Peterson,Oklahoma City,OK,1/16/2024,,active
STRM-103442,John,Miller,Wichita,KS,12/6/2024,,active
STRM-103443,Linda,Perez,Nashville,TN,3/25/2024,12/31/2025,in-active
STRM-103444,Janice,Lee,Philadelphia,PA,12/18/2024,,active
STRM-103445,Betty,Vasquez,Cleveland,OH,10/2/2024,,active
STRM-103446,Joseph,Miller,Tampa,FL,3/17/2024,2/15/2025,in-active
STRM-103447,Maria,Robinson,Cleveland,OH,9/15/2024,,active
STRM-103448,Justin,Gutierrez,Austin,TX,2/13/2024,,active
STRM-103449,Donna,Wallace,Denver,CO,9/8/2024,,active
STRM-103450,Karen,Hill,Jacksonville,FL,5/27/2024,,active
STRM-103451,David,Watson,Portland,OR,8/28/2024,,active
STRM-103452,Olivia,Graham,Los Angeles,CA,1/23/2024,,active
STRM-103453,James,Gutierrez,Charlotte,NC,7/12/2024,,active
STRM-103454,Rachel,Thompson,Boston,MA,9/21/2024,,active
STRM-103455,Kenneth,Russell,Portland,OR,10/15/2024,,active
STRM-103456,Julie,Hill,Bakersfield,CA,5/17/2024,,active
STRM-103457,Samuel,Patel,Virginia Beach,VA,1/26/2024,,active
STRM-103458,Amanda,Long,Tampa,FL,1/22/2024,,active
STRM-103459,David,Reynolds,Houston,TX,7/27/2024,,active
STRM-103460,Julie,Alexander,Raleigh,NC,6/30/2024,8/1/2024,in-active
STRM-103461,Abigail,Mitchell,Dallas,TX,2/3/2024,,active
STRM-103462,Richard,Young,Las Vegas,NV,5/9/2024,9/28/2024,in-active
STRM-103463,Austin,Johnson,San Francisco,CA,11/16/2024,12/31/2025,in-active
STRM-103464,Dorothy,Griffin,Tucson,AZ,5/7/2024,,active
STRM-103465,Dennis,Carter,Sacramento,CA,11/27/2024,,active
STRM-103466,Jonathan,Morales,San Jose,CA,12/10/2024,,active
STRM-103467,Aaron,Ramos,Tampa,FL,3/28/2024,,active
STRM-103468,Grace,Ward,Memphis,TN,6/1/2024,,active
STRM-103469,Gary,Butler,New Orleans,LA,3/7/2024,,active
STRM-103470,Jacqueline,Gonzales,Columbus,OH,2/23/2024,,active
STRM-103471,Nicholas,Perez,Milwaukee,WI,1/21/2024,11/29/2024,in-active
STRM-103472,Julia,Jimenez,Austin,TX,6/30/2024,8/1/2025,in-active
STRM-103473,Justin,Hernandez,Jacksonville,FL,7/25/2024,12/31/2025,in-active
STRM-103474,Jack,Mendoza,Mesa,AZ,12/15/2024,,active
STRM-103475,Deborah,Garcia,Virginia Beach,VA,2/13/2024,,active
STRM-103476,Brandon,Bell,Cleveland,OH,5/23/2024,11/14/2025,in-active
STRM-103477,Sara,Garcia,Wichita,KS,4/25/2024,5/22/2025,in-active
STRM-103478,Kathleen,Rivera,Seattle,WA,6/18/2024,11/17/2024,in-active
STRM-103479,Joan,Thomas,Oakland,CA,12/18/2024,,active
STRM-103480,Justin,Anderson,Denver,CO,5/2/2024,,active
STRM-103481,Sharon,Turner,New Orleans,LA,6/30/2024,,active
STRM-103482,Terry,Rogers,Colorado Springs,CO,6/10/2024,10/28/2024,in-active
STRM-103483,Diane,Cruz,Bakersfield,CA,3/13/2024,6/28/2024,in-active
STRM-103484,Matthew,Patterson,Sacramento,CA,8/26/2024,1/14/2025,in-active
STRM-103485,Gloria,Gonzalez,Omaha,NE,4/11/2024,,active
STRM-103486,Lisa,Gomez,Tucson,AZ,4/20/2024,,active
STRM-103487,Gabriel,Chavez,Indianapolis,IN,1/21/2024,3/11/2024,in-active
STRM-103488,Karen,Perez,New Orleans,LA,11/9/2024,12/31/2025,in-active
STRM-103489,Christine,Jimenez,San Antonio,TX,8/24/2024,10/29/2025,in-active
STRM-103490,Ann,Williams,New York,NY,4/4/2024,,active
STRM-103491,Michael,Davis,Colorado Springs,CO,2/24/2024,,active
STRM-103492,Adam,Lewis,Atlanta,GA,3/6/2024,9/8/2025,in-active
STRM-103493,Patricia,Morales,Minneapolis,MN,7/12/2024,,active
STRM-103494,Judy,Bryant,San Francisco,CA,5/25/2024,12/31/2025,in-active
STRM-103495,Mark,Coleman,New York,NY,11/13/2024,,active
STRM-103496,Tyler,Patel,Raleigh,NC,6/26/2024,,active
STRM-103497,Joseph,Martin,Washington,DC,11/5/2024,,active
STRM-103498,Ashley,Kelly,San Antonio,TX,10/3/2024,,active
STRM-103499,Cynthia,Jenkins,Sacramento,CA,9/1/2024,,active
STRM-103500,Michael,Scott,New Orleans,LA,7/27/2024,,active
STRM-103501,Joshua,Parker,Omaha,NE,11/5/2025,,active
STRM-103502,Charles,Morris,Baltimore,MD,5/21/2025,,active
STRM-103503,Joyce,Martin,Philadelphia,PA,5/11/2025,12/31/2025,in-active
STRM-103504,Pamela,King,Sacramento,CA,10/2/2025,,active
STRM-103505,David,Sanders,Miami,FL,1/11/2025,12/31/2025,in-active
STRM-103506,Jacob,Hayes,Las Vegas,NV,8/8/2025,,active
STRM-103507,Barbara,Harris,San Diego,CA,3/7/2025,,active
STRM-103508,Robert,Hernandez,Fort Worth,TX,1/29/2025,,active
STRM-103509,Timothy,Castillo,Portland,OR,7/23/2025,11/5/2025,in-active
STRM-103510,Michael,Foster,San Jose,CA,12/17/2025,,active
STRM-103511,Samuel,Diaz,San Antonio,TX,3/31/2025,12/31/2025,in-active
STRM-103512,Rachel,Alvarez,Houston,TX,8/9/2025,,active
STRM-103513,George,Fisher,Kansas City,MO,2/25/2025,,active
STRM-103514,Noah,Henderson,New Orleans,LA,10/15/2025,,active
STRM-103515,Andrew,Turner,Sacramento,CA,5/16/2025,,active
STRM-103516,David,Robinson,Charlotte,NC,6/5/2025,6/25/2025,in-active
STRM-103517,Jacqueline,Romero,Wichita,KS,4/10/2025,,active
STRM-103518,Jacob,Wallace,Virginia Beach,VA,10/9/2025,12/31/2025,in-active
STRM-103519,Steven,Sullivan,Chicago,IL,4/19/2025,,active
STRM-103520,Ruth,Young,Houston,TX,2/22/2025,,active
STRM-103521,Christina,Jones,Omaha,NE,1/25/2025,,active
STRM-103522,Carl,Taylor,Bakersfield,CA,5/29/2025,,active
STRM-103523,George,Jones,Tulsa,OK,8/20/2025,12/31/2025,in-active
STRM-103524,Kevin,Russell,New Orleans,LA,11/3/2025,,active
STRM-103525,Abigail,Butler,Wichita,KS,11/16/2025,,active
STRM-103526,Dennis,Ramos,Atlanta,GA,11/25/2025,,active
STRM-103527,Alice,Patterson,Philadelphia,PA,9/25/2025,,active
STRM-103528,Frances,Sanders,Colorado Springs,CO,7/16/2025,,active
STRM-103529,Kathryn,Murphy,San Jose,CA,6/19/2025,,active
STRM-103530,Pamela,Garcia,Wichita,KS,9/14/2025,12/31/2025,in-active
STRM-103531,Billy,Roberts,Jacksonville,FL,4/8/2025,,active
STRM-103532,Laura,Ramos,Wichita,KS,3/14/2025,12/31/2025,in-active
STRM-103533,Virginia,Anderson,Memphis,TN,11/15/2025,,active
STRM-103534,Austin,Griffin,San Jose,CA,7/23/2025,,active
STRM-103535,Lauren,Coleman,Los Angeles,CA,11/25/2025,,active
STRM-103536,Sharon,Richardson,Atlanta,GA,4/27/2025,,active
STRM-103537,Jeffrey,Wood,Virginia Beach,VA,12/6/2025,,active
STRM-103538,Raymond,Morales,Sacramento,CA,3/12/2025,,active
STRM-103539,Teresa,Jones,Denver,CO,1/2/2025,12/31/2025,in-active
STRM-103540,Amber,Walker,San Jose,CA,12/22/2025,,active
STRM-103541,Olivia,Mendoza,Los Angeles,CA,10/9/2025,12/31/2025,in-active
STRM-103542,Virginia,Alvarez,Mesa,AZ,12/13/2025,,active
STRM-103543,Amber,Morgan,Philadelphia,PA,10/9/2025,,active
STRM-103544,Dennis,Ruiz,Memphis,TN,11/19/2025,,active
STRM-103545,Sharon,Brown,Atlanta,GA,9/4/2025,12/28/2025,in-active
STRM-103546,Alan,Nguyen,Wichita,KS,4/8/2025,12/31/2025,in-active
STRM-103547,Arthur,Gray,New Orleans,LA,3/3/2025,,active
STRM-103548,Deborah,Morgan,Las Vegas,NV,10/5/2025,,active
STRM-103549,Dylan,Richardson,Fresno,CA,5/20/2025,,active
STRM-103550,David,Davis,Austin,TX,9/2/2025,9/18/2025,in-active
STRM-103551,Mary,Fisher,Omaha,NE,7/20/2025,12/31/2025,in-active
STRM-103552,Thomas,Anderson,San Diego,CA,7/18/2025,,active
STRM-103553,Karen,Lee,Virginia Beach,VA,4/9/2025,12/31/2025,in-active
STRM-103554,Michael,Gonzalez,Phoenix,AZ,7/12/2025,,active
STRM-103555,Bryan,Bailey,Philadelphia,PA,5/31/2025,,active
STRM-103556,Charles,Chavez,Houston,TX,8/21/2025,,active
STRM-103557,Dorothy,Gomez,Colorado Springs,CO,8/15/2025,,active
STRM-103558,Joe,Torres,Houston,TX,7/8/2025,,active
STRM-103559,Anna,Cooper,Los Angeles,CA,9/11/2025,,active
STRM-103560,Alice,Reed,Las Vegas,NV,3/25/2025,,active
STRM-103561,Zachary,Scott,Tampa,FL,7/26/2025,12/31/2025,in-active
STRM-103562,Doris,King,Omaha,NE,3/12/2025,,active
STRM-103563,Austin,White,Arlington,TX,9/9/2025,12/31/2025,in-active
STRM-103564,Jerry,Gonzalez,Austin,TX,10/17/2025,,active
STRM-103565,Jordan,Moore,Wichita,KS,5/15/2025,,active
STRM-103566,Terry,Ortiz,Phoenix,AZ,4/10/2025,,active
STRM-103567,Peter,Reyes,Philadelphia,PA,3/9/2025,12/31/2025,in-active
STRM-103568,Carolyn,Baker,Fort Worth,TX,6/26/2025,12/31/2025,in-active
STRM-103569,Margaret,Graham,Mesa,AZ,2/10/2025,,active
STRM-103570,Timothy,Nelson,Oakland,CA,2/22/2025,,active
STRM-103571,Carol,Smith,Portland,OR,2/27/2025,,active
STRM-103572,Nathan,Stewart,Fresno,CA,12/9/2025,,active
STRM-103573,Joan,Hayes,Mesa,AZ,10/21/2025,12/31/2025,in-active
STRM-103574,Ashley,Carter,Columbus,OH,8/18/2025,,active
STRM-103575,Willie,Ramos,Washington,DC,5/16/2025,,active
STRM-103576,Amanda,Chavez,Houston,TX,3/14/2025,12/31/2025,in-active
STRM-103577,Keith,Lopez,San Antonio,TX,8/9/2025,,active
STRM-103578,Susan,Stewart,Baltimore,MD,4/15/2025,,active
STRM-103579,Anthony,Jenkins,Albuquerque,NM,10/1/2025,,active
STRM-103580,Andrew,Hamilton,Arlington,TX,9/13/2025,,active
STRM-103581,Amanda,Mitchell,Phoenix,AZ,1/8/2025,12/31/2025,in-active
STRM-103582,Lisa,Cole,Colorado Springs,CO,10/2/2025,12/31/2025,in-active
STRM-103583,Joe,Roberts,San Francisco,CA,9/23/2025,12/31/2025,in-active
STRM-103584,Amanda,Mendoza,Arlington,TX,9/9/2025,12/31/2025,in-active
STRM-103585,Madison,Vasquez,Indianapolis,IN,8/7/2025,12/31/2025,in-active
STRM-103586,Harold,Morales,San Diego,CA,9/21/2025,,active
STRM-103587,Juan,Brooks,Memphis,TN,1/15/2025,,active
STRM-103588,Arthur,Jordan,Arlington,TX,1/12/2025,,active
STRM-103589,Dylan,Barnes,Las Vegas,NV,12/15/2025,12/31/2025,in-active
STRM-103590,Peter,Wallace,Minneapolis,MN,2/1/2025,,active
STRM-103591,Cheryl,Stewart,Las Vegas,NV,9/23/2025,12/31/2025,in-active
STRM-103592,Patricia,Sanders,New Orleans,LA,1/2/2025,,active
STRM-103593,Andrew,Perez,Virginia Beach,VA,3/29/2025,,active
STRM-103594,Julia,Hughes,Nashville,TN,12/12/2025,,active
STRM-103595,Tyler,Sanders,New York,NY,6/21/2025,,active
STRM-103596,Zachary,Clark,Oakland,CA,5/16/2025,,active
STRM-103597,Kenneth,Jackson,Sacramento,CA,11/30/2025,12/31/2025,in-active
STRM-103598,Charles,Scott,Nashville,TN,10/18/2025,,active
STRM-103599,Peter,Hernandez,Atlanta,GA,10/30/2025,,active
STRM-103600,Juan,Morgan,Charlotte,NC,8/9/2025,,active
STRM-103601,Harold,Kelly,Cleveland,OH,10/7/2025,12/31/2025,in-active
STRM-103602,Paul,Martinez,Oklahoma City,OK,1/18/2025,12/31/2025,in-active
STRM-103603,Ryan,Gonzales,Tampa,FL,11/3/2025,,active
STRM-103604,Nicholas,Howard,Long Beach,CA,3/8/2025,,active
STRM-103605,Madison,Gray,Arlington,TX,11/9/2025,,active
STRM-103606,Julia,Taylor,Long Beach,CA,2/13/2025,,active
STRM-103607,Christina,Alexander,Bakersfield,CA,1/19/2025,,active
STRM-103608,Douglas,White,El Paso,TX,4/2/2025,,active
STRM-103609,Gloria,Perry,Baltimore,MD,7/19/2025,,active
STRM-103610,Harold,Mitchell,Los Angeles,CA,11/12/2025,,active
STRM-103611,Maria,Martin,Raleigh,NC,2/2/2025,,active
STRM-103612,Amber,Hamilton,Tucson,AZ,11/9/2025,,active
STRM-103613,Jerry,Hill,Raleigh,NC,10/22/2025,12/31/2025,in-active
STRM-103614,Cheryl,Flores,Dallas,TX,6/13/2025,,active
STRM-103615,Ronald,Hayes,Arlington,TX,1/20/2025,12/31/2025,in-active
STRM-103616,Katherine,Smith,Las Vegas,NV,11/26/2025,,active
STRM-103617,Joe,Stewart,Boston,MA,1/27/2025,,active
STRM-103618,Linda,Castillo,New Orleans,LA,7/19/2025,,active
STRM-103619,Billy,James,Oakland,CA,8/22/2025,,active
STRM-103620,Linda,Young,Austin,TX,5/24/2025,12/5/2025,in-active
STRM-103621,Rachel,Myers,Seattle,WA,5/9/2025,,active
STRM-103622,Terry,Powell,Milwaukee,WI,10/31/2025,,active
STRM-103623,Emily,Price,Raleigh,NC,5/31/2025,,active
STRM-103624,Amy,Wright,Oakland,CA,9/30/2025,12/31/2025,in-active
STRM-103625,Tyler,Cruz,Fort Worth,TX,10/7/2025,12/31/2025,in-active
STRM-103626,Anthony,Mendoza,Las Vegas,NV,3/26/2025,,active
STRM-103627,Danielle,Wood,Jacksonville,FL,9/30/2025,12/31/2025,in-active
STRM-103628,Dorothy,Mendoza,Portland,OR,3/27/2025,10/3/2025,in-active
STRM-103629,Virginia,Cruz,Minneapolis,MN,4/24/2025,,active
STRM-103630,Madison,Patel,San Antonio,TX,4/25/2025,12/31/2025,in-active
STRM-103631,Margaret,Powell,Boston,MA,7/7/2025,,active
STRM-103632,Grace,Cole,Sacramento,CA,5/15/2025,12/31/2025,in-active
STRM-103633,Christine,Jones,Raleigh,NC,6/14/2025,12/31/2025,in-active
STRM-103634,Brenda,Gutierrez,Indianapolis,IN,1/4/2025,,active
STRM-103635,Joe,Walker,Oakland,CA,9/20/2025,12/20/2025,in-active
STRM-103636,Donald,Moreno,Omaha,NE,9/5/2025,,active
STRM-103637,Ronald,Bennett,Colorado Springs,CO,5/1/2025,,active
STRM-103638,Elizabeth,Thompson,Boston,MA,4/18/2025,,active
STRM-103639,Daniel,Wood,Denver,CO,8/21/2025,,active
STRM-103640,Christine,Phillips,San Antonio,TX,4/21/2025,12/31/2025,in-active
STRM-103641,Billy,Diaz,Memphis,TN,9/1/2025,12/31/2025,in-active
STRM-103642,Matthew,Stewart,Bakersfield,CA,8/7/2025,,active
STRM-103643,Katherine,Lopez,Los Angeles,CA,11/14/2025,,active
STRM-103644,Kenneth,Ramirez,Denver,CO,2/14/2025,,active
STRM-103645,Patrick,Rivera,Milwaukee,WI,7/16/2025,,active
STRM-103646,Ashley,Griffin,Atlanta,GA,1/31/2025,,active
STRM-103647,Kimberly,Wallace,New York,NY,5/20/2025,,active
STRM-103648,Jacob,Hughes,Las Vegas,NV,3/25/2025,12/31/2025,in-active
STRM-103649,Austin,Barnes,Memphis,TN,1/30/2025,12/31/2025,in-active
STRM-103650,Andrea,Coleman,Cleveland,OH,8/19/2025,,active
STRM-103651,Anna,Kim,Austin,TX,3/12/2025,,active
STRM-103652,Alexander,Gray,Arlington,TX,12/9/2025,,active
STRM-103653,Julia,Gray,Tampa,FL,10/29/2025,,active
STRM-103654,Janet,Brooks,Cleveland,OH,12/31/2025,12/31/2025,in-active
STRM-103655,Dorothy,Allen,Washington,DC,11/11/2025,12/31/2025,in-active
STRM-103656,Victoria,Bennett,Los Angeles,CA,3/11/2025,4/1/2025,in-active
STRM-103657,David,Hernandez,San Jose,CA,6/7/2025,,active
STRM-103658,Ryan,Reyes,Phoenix,AZ,5/2/2025,,active
STRM-103659,Sandra,Wood,Nashville,TN,2/5/2025,,active
STRM-103660,Samuel,Mendoza,Albuquerque,NM,1/18/2025,,active
STRM-103661,Bruce,Henderson,Atlanta,GA,4/4/2025,,active
STRM-103662,Larry,Cox,Denver,CO,9/24/2025,,active
STRM-103663,Jerry,Foster,Colorado Springs,CO,11/14/2025,12/31/2025,in-active
STRM-103664,Andrew,Bryant,Minneapolis,MN,4/24/2025,,active
STRM-103665,Judy,Vasquez,Tampa,FL,5/30/2025,,active
STRM-103666,Kenneth,Johnson,Dallas,TX,7/7/2025,12/31/2025,in-active
STRM-103667,Jack,Kelly,Columbus,OH,2/5/2025,,active
STRM-103668,Brian,Ramirez,Arlington,TX,3/10/2025,,active
STRM-103669,Thomas,Allen,Fort Worth,TX,11/7/2025,,active
STRM-103670,Grace,Johnson,Miami,FL,6/6/2025,,active
STRM-103671,Jessica,Long,Arlington,TX,1/5/2025,12/31/2025,in-active
STRM-103672,Gary,Coleman,San Francisco,CA,9/8/2025,,active
STRM-103673,Ann,Hamilton,El Paso,TX,1/13/2025,,active
STRM-103674,Ethan,Russell,Sacramento,CA,12/28/2025,,active
STRM-103675,Peter,Rivera,Cleveland,OH,4/3/2025,12/31/2025,in-active
STRM-103676,Kyle,Chavez,San Francisco,CA,7/5/2025,,active
STRM-103677,Jonathan,Moreno,Dallas,TX,7/14/2025,,active
STRM-103678,Arthur,Rodriguez,Nashville,TN,3/14/2025,,active
STRM-103679,Keith,Patterson,Portland,OR,12/3/2025,,active
STRM-103680,Anthony,Powell,Houston,TX,10/9/2025,12/31/2025,in-active
STRM-103681,Mark,Reynolds,Jacksonville,FL,2/2/2025,,active
STRM-103682,Sharon,Gomez,Baltimore,MD,4/22/2025,12/31/2025,in-active
STRM-103683,Janice,Mitchell,Los Angeles,CA,6/16/2025,,active
STRM-103684,Michelle,Diaz,Arlington,TX,7/30/2025,11/25/2025,in-active
STRM-103685,Victoria,Wood,Virginia Beach,VA,10/27/2025,,active
STRM-103686,Nicole,Stewart,Atlanta,GA,10/9/2025,,active
STRM-103687,Kevin,Wood,Long Beach,CA,7/6/2025,,active
STRM-103688,Gary,Evans,Nashville,TN,10/12/2025,12/31/2025,in-active
STRM-103689,Adam,Young,Tucson,AZ,11/27/2025,,active
STRM-103690,Jeremy,Cruz,Austin,TX,7/21/2025,,active
STRM-103691,Jennifer,Bennett,San Francisco,CA,5/10/2025,,active
STRM-103692,Cheryl,Robinson,Jacksonville,FL,8/17/2025,,active
STRM-103693,Janice,Vasquez,New York,NY,4/6/2025,,active
STRM-103694,Douglas,Moore,Austin,TX,1/29/2025,,active
STRM-103695,Willie,Graham,New Orleans,LA,9/27/2025,12/31/2025,in-active
STRM-103696,Jason,Cole,Tulsa,OK,6/17/2025,,active
STRM-103697,Austin,Morales,Dallas,TX,3/18/2025,,active
STRM-103698,Alan,Sanchez,Dallas,TX,7/6/2025,,active
STRM-103699,Susan,Carter,Jacksonville,FL,1/20/2025,11/2/2025,in-active
STRM-103700,Ann,Cole,Omaha,NE,12/18/2025,12/31/2025,in-active
STRM-103701,Christian,Vasquez,El Paso,TX,12/17/2025,,active
STRM-103702,Ruth,Alvarez,Jacksonville,FL,5/2/2025,,active
STRM-103703,Tyler,Thomas,Bakersfield,CA,1/21/2025,,active
STRM-103704,Anna,Cox,Charlotte,NC,7/18/2025,,active
STRM-103705,Arthur,Chavez,San Diego,CA,8/24/2025,,active
STRM-103706,Carol,Turner,Tampa,FL,10/20/2025,12/31/2025,in-active
STRM-103707,Jennifer,Hill,Long Beach,CA,10/23/2025,,active
STRM-103708,Dylan,Hughes,Virginia Beach,VA,1/13/2025,,active
STRM-103709,Ronald,Wallace,Seattle,WA,12/1/2025,12/31/2025,in-active
STRM-103710,Deborah,Anderson,Raleigh,NC,4/11/2025,12/31/2025,in-active
STRM-103711,Adam,Reynolds,Philadelphia,PA,4/18/2025,,active
STRM-103712,Cheryl,White,Omaha,NE,2/28/2025,,active
STRM-103713,Richard,Hill,Tampa,FL,3/19/2025,,active
STRM-103714,Joshua,Walker,Oakland,CA,12/25/2025,12/31/2025,in-active
STRM-103715,Joan,Scott,Houston,TX,2/28/2025,,active
STRM-103716,Alan,Thompson,San Diego,CA,2/27/2025,,active
STRM-103717,Anthony,King,Jacksonville,FL,1/22/2025,,active
STRM-103718,William,Romero,Dallas,TX,6/25/2025,,active
STRM-103719,Jacqueline,Vasquez,Charlotte,NC,4/12/2025,12/2/2025,in-active
STRM-103720,Elizabeth,Ramos,Kansas City,MO,4/9/2025,,active
STRM-103721,Alexander,Turner,Mesa,AZ,1/7/2025,,active
STRM-103722,Peter,Cox,Wichita,KS,9/24/2025,,active
STRM-103723,Larry,Rivera,San Antonio,TX,2/16/2025,,active
STRM-103724,Austin,Jenkins,Miami,FL,9/26/2025,,active
STRM-103725,Alexander,Williams,Kansas City,MO,12/7/2025,,active
STRM-103726,Steven,Hill,Omaha,NE,5/27/2025,,active
STRM-103727,Robert,Roberts,Minneapolis,MN,7/7/2025,12/31/2025,in-active
STRM-103728,Maria,Taylor,Bakersfield,CA,12/2/2025,,active
STRM-103729,Jason,Ruiz,Dallas,TX,12/22/2025,,active
STRM-103730,Robert,Harris,Indianapolis,IN,8/21/2025,,active
STRM-103731,Stephen,Carter,Detroit,MI,7/3/2025,,active
STRM-103732,Harold,Sanders,Portland,OR,6/7/2025,11/2/2025,in-active
STRM-103733,Jason,Miller,San Francisco,CA,2/8/2025,8/1/2025,in-active
STRM-103734,Michael,Torres,Albuquerque,NM,1/28/2025,,active
STRM-103735,Raymond,Adams,Albuquerque,NM,4/29/2025,,active
STRM-103736,Anna,Thomas,Austin,TX,11/3/2025,,active
STRM-103737,Kelly,Perez,Detroit,MI,8/7/2025,9/13/2025,in-active
STRM-103738,Julie,Collins,Dallas,TX,3/6/2025,12/31/2025,in-active
STRM-103739,Logan,Ramirez,Oklahoma City,OK,6/13/2025,,active
STRM-103740,Joshua,Johnson,Indianapolis,IN,12/26/2025,,active
STRM-103741,Brenda,Rodriguez,Charlotte,NC,1/31/2025,,active
STRM-103742,Doris,Castillo,Las Vegas,NV,9/12/2025,,active
STRM-103743,Judy,Jordan,Boston,MA,8/5/2025,12/31/2025,in-active
STRM-103744,Abigail,Taylor,Boston,MA,8/15/2025,,active
STRM-103745,Catherine,Myers,Denver,CO,8/6/2025,12/31/2025,in-active
STRM-103746,Nicholas,Wallace,San Antonio,TX,3/12/2025,12/9/2025,in-active
STRM-103747,Kyle,Fisher,New York,NY,2/26/2025,,active
STRM-103748,Jessica,Walker,Bakersfield,CA,9/21/2025,,active
STRM-103749,Rebecca,Miller,Bakersfield,CA,7/31/2025,,active
STRM-103750,Betty,Jordan,Las Vegas,NV,5/22/2025,9/6/2025,in-active
STRM-103751,Megan,Adams,Detroit,MI,9/22/2025,,active
STRM-103752,Patricia,Harris,Bakersfield,CA,12/10/2025,,active
STRM-103753,Margaret,Nguyen,Colorado Springs,CO,1/16/2025,5/21/2025,in-active
STRM-103754,Rachel,Thomas,Milwaukee,WI,2/13/2025,,active
STRM-103755,David,Sullivan,Baltimore,MD,2/22/2025,,active
STRM-103756,Kyle,Collins,Oklahoma City,OK,2/10/2025,12/16/2025,in-active
STRM-103757,Raymond,Peterson,Tucson,AZ,6/3/2025,,active
STRM-103758,Aaron,Hall,San Diego,CA,12/27/2025,,active
STRM-103759,Robert,Fisher,Jacksonville,FL,6/28/2025,,active
STRM-103760,Jacqueline,Price,Baltimore,MD,8/7/2025,,active
STRM-103761,Jesse,Cook,Tucson,AZ,1/16/2025,,active
STRM-103762,Teresa,Johnson,Oklahoma City,OK,4/12/2025,11/18/2025,in-active
STRM-103763,Madison,Russell,Austin,TX,8/14/2025,12/31/2025,in-active
STRM-103764,Tyler,Fisher,San Jose,CA,2/10/2025,,active
STRM-103765,Thomas,Morris,Dallas,TX,12/25/2025,12/31/2025,in-active
STRM-103766,William,Anderson,Seattle,WA,7/26/2025,,active
STRM-103767,Betty,Richardson,Oklahoma City,OK,11/17/2025,,active
STRM-103768,Sarah,Robinson,Houston,TX,8/17/2025,,active
STRM-103769,Willie,Graham,San Diego,CA,5/10/2025,,active
STRM-103770,Denise,Ortiz,Colorado Springs,CO,5/1/2025,,active
STRM-103771,Ann,Moore,Tulsa,OK,10/16/2025,12/31/2025,in-active
STRM-103772,Helen,Smith,Nashville,TN,5/8/2025,,active
STRM-103773,Thomas,Brooks,Cleveland,OH,3/30/2025,,active
STRM-103774,Bryan,Martinez,Bakersfield,CA,10/29/2025,,active
STRM-103775,Alice,Bryant,Las Vegas,NV,11/7/2025,,active
STRM-103776,Jeremy,Edwards,Long Beach,CA,2/3/2025,,active
STRM-103777,Jean,Vasquez,Oakland,CA,3/3/2025,12/31/2025,in-active
STRM-103778,Jordan,Howard,San Antonio,TX,7/30/2025,11/23/2025,in-active
STRM-103779,Kenneth,Parker,Tucson,AZ,5/27/2025,12/31/2025,in-active
STRM-103780,Walter,Morgan,Charlotte,NC,4/30/2025,12/31/2025,in-active
STRM-103781,Olivia,Campbell,Columbus,OH,12/19/2025,12/31/2025,in-active
STRM-103782,Jean,Howard,Colorado Springs,CO,10/19/2025,12/31/2025,in-active
STRM-103783,Zachary,Brown,Phoenix,AZ,12/31/2025,12/31/2025,in-active
STRM-103784,Kevin,Gonzales,Virginia Beach,VA,3/13/2025,,active
STRM-103785,Joan,Wilson,Fresno,CA,8/24/2025,12/31/2025,in-active
STRM-103786,Amanda,Ramirez,Philadelphia,PA,7/30/2025,,active
STRM-103787,Joshua,Davis,Miami,FL,12/5/2025,,active
STRM-103788,Matthew,Perez,Charlotte,NC,7/9/2025,,active
STRM-103789,Doris,Romero,San Jose,CA,2/27/2025,,active
STRM-103790,Kelly,Garcia,Tampa,FL,10/3/2025,,active
STRM-103791,Dylan,Howard,Virginia Beach,VA,9/18/2025,,active
STRM-103792,Charles,Perry,San Francisco,CA,6/5/2025,,active
STRM-103793,Carol,Walker,Baltimore,MD,7/2/2025,,active
STRM-103794,Cynthia,Vasquez,Fresno,CA,7/11/2025,,active
STRM-103795,John,Hall,Houston,TX,1/14/2025,,active
STRM-103796,Barbara,Butler,Albuquerque,NM,6/13/2025,,active
STRM-103797,Lisa,Campbell,Fort Worth,TX,7/14/2025,,active
STRM-103798,Scott,Russell,Philadelphia,PA,11/28/2025,,active
STRM-103799,Joshua,Bryant,Oakland,CA,10/30/2025,,active
STRM-103800,Kevin,Henderson,Atlanta,GA,9/16/2025,,active
STRM-103801,Tyler,Wallace,Virginia Beach,VA,11/22/2025,,active
STRM-103802,Barbara,Price,Indianapolis,IN,3/2/2025,,active
STRM-103803,Daniel,Henderson,San Diego,CA,7/1/2025,,active
STRM-103804,Jeremy,Murphy,Jacksonville,FL,9/7/2025,,active
STRM-103805,Ann,Edwards,Oklahoma City,OK,7/13/2025,,active
STRM-103806,Lauren,Jenkins,Jacksonville,FL,5/30/2025,,active
STRM-103807,Jordan,Butler,Minneapolis,MN,11/24/2025,,active
STRM-103808,Bryan,Long,Portland,OR,10/7/2025,,active
STRM-103809,Angela,Barnes,Los Angeles,CA,5/17/2025,,active
STRM-103810,Samantha,Hill,Phoenix,AZ,8/16/2025,,active
STRM-103811,Teresa,Gray,San Antonio,TX,7/17/2025,,active
STRM-103812,Carolyn,Morales,Miami,FL,7/28/2025,,active
STRM-103813,Gloria,Allen,New York,NY,9/15/2025,12/31/2025,in-active
STRM-103814,Jonathan,Perry,Mesa,AZ,12/23/2025,,active
STRM-103815,Doris,Hernandez,Detroit,MI,3/12/2025,12/31/2025,in-active
STRM-103816,Walter,Hill,New Orleans,LA,9/27/2025,,active
STRM-103817,Sara,Moore,Detroit,MI,1/12/2025,,active
STRM-103818,Thomas,Thompson,Washington,DC,2/7/2025,,active
STRM-103819,Donald,Murphy,El Paso,TX,12/5/2025,12/31/2025,in-active
STRM-103820,Judy,Adams,Columbus,OH,7/28/2025,,active
STRM-103821,Jason,Griffin,Tampa,FL,7/28/2025,12/31/2025,in-active
STRM-103822,Melissa,Murphy,Chicago,IL,11/5/2025,,active
STRM-103823,Keith,Harris,Las Vegas,NV,6/20/2025,7/27/2025,in-active
STRM-103824,Kevin,Castillo,Seattle,WA,6/4/2025,,active
STRM-103825,Angela,Young,Raleigh,NC,2/19/2025,,active
STRM-103826,Logan,Rodriguez,Fort Worth,TX,12/23/2025,,active
STRM-103827,Linda,Coleman,Las Vegas,NV,2/2/2025,,active
STRM-103828,Judith,Taylor,Wichita,KS,9/22/2025,,active
STRM-103829,Eric,Hernandez,Mesa,AZ,10/5/2025,10/22/2025,in-active
STRM-103830,Aaron,Hamilton,Atlanta,GA,3/16/2025,,active
STRM-103831,Christopher,Simmons,Seattle,WA,7/31/2025,,active
STRM-103832,Anthony,Edwards,Nashville,TN,11/15/2025,,active
STRM-103833,Tyler,Long,San Francisco,CA,10/7/2025,,active
STRM-103834,Amber,Murphy,Minneapolis,MN,10/25/2025,,active
STRM-103835,Billy,Vasquez,Washington,DC,9/17/2025,,active
STRM-103836,Samantha,White,Nashville,TN,6/24/2025,,active
STRM-103837,Benjamin,Gonzalez,San Diego,CA,3/5/2025,,active
STRM-103838,Alice,Campbell,Houston,TX,12/18/2025,12/31/2025,in-active
STRM-103839,Amy,Ross,Minneapolis,MN,1/23/2025,,active
STRM-103840,Charles,Griffin,Philadelphia,PA,8/5/2025,,active
STRM-103841,Jessica,Collins,Omaha,NE,10/3/2025,12/31/2025,in-active
STRM-103842,Diane,Turner,Memphis,TN,6/10/2025,,active
STRM-103843,Grace,Allen,San Antonio,TX,9/21/2025,,active
STRM-103844,Christine,Myers,Omaha,NE,1/29/2025,,active
STRM-103845,Mary,Gonzalez,Los Angeles,CA,11/1/2025,,active
STRM-103846,Arthur,Cox,Bakersfield,CA,3/11/2025,,active
STRM-103847,Lawrence,Cook,Jacksonville,FL,1/25/2025,,active
STRM-103848,Dennis,Long,Oakland,CA,5/21/2025,12/31/2025,in-active
STRM-103849,Doris,Fisher,Detroit,MI,9/12/2025,,active
STRM-103850,Christine,Fisher,San Francisco,CA,3/24/2025,,active
STRM-103851,Samantha,Watson,Detroit,MI,7/6/2025,,active
STRM-103851,Samantha,Watson,Detroit,MI,7/6/2025,,active
STRM-103852,Kelly,Mendoza,Mesa,AZ,1/15/2025,,active
STRM-103853,Brandon,Brooks,Indianapolis,IN,4/9/2025,12/31/2025,in-active
STRM-103854,Linda,Henderson,Dallas,TX,5/5/2025,12/31/2025,in-active
STRM-103855,Eric,Russell,Portland,OR,3/8/2025,9/27/2025,in-active
STRM-103856,Joyce,Gray,Minneapolis,MN,5/29/2025,,active
STRM-103857,Diane,Bennett,Omaha,NE,11/8/2025,,active
STRM-103858,Susan,Williams,Minneapolis,MN,12/12/2025,,active
STRM-103859,Melissa,Walker,Jacksonville,FL,3/19/2025,,active
STRM-103860,Christina,Barnes,Albuquerque,NM,12/22/2025,,active
STRM-103861,Samantha,Perry,Dallas,TX,6/11/2025,,active
STRM-103862,Heather,Davis,San Antonio,TX,2/10/2025,,active
STRM-103863,Betty,White,Boston,MA,9/15/2025,12/31/2025,in-active
STRM-103864,Gerald,Jimenez,Houston,TX,1/4/2025,12/31/2025,in-active
STRM-103865,Patricia,Ramirez,Albuquerque,NM,10/29/2025,,active
STRM-103866,Diane,Moreno,Tulsa,OK,9/11/2025,12/31/2025,in-active
STRM-103867,Ronald,Lee,Jacksonville,FL,10/23/2025,,active
STRM-103868,Carolyn,Simmons,Cleveland,OH,1/7/2025,10/28/2025,in-active
STRM-103869,Zachary,Wright,Tulsa,OK,7/29/2025,12/31/2025,in-active
STRM-103870,Judy,Henderson,Phoenix,AZ,3/17/2025,9/16/2025,in-active
STRM-103871,Susan,Evans,Sacramento,CA,5/9/2025,,active
STRM-103872,Walter,Mendoza,Indianapolis,IN,8/9/2025,,active
STRM-103873,Dylan,Foster,New Orleans,LA,9/30/2025,,active
STRM-103874,Ann,Hughes,Miami,FL,3/28/2025,,active
STRM-103875,Angela,Hall,Washington,DC,3/7/2025,,active
STRM-103876,Austin,Reyes,Fresno,CA,6/16/2025,12/31/2025,in-active
STRM-103877,Jonathan,Gonzalez,Chicago,IL,12/13/2025,12/31/2025,in-active
STRM-103878,Brandon,Patel,Denver,CO,11/30/2025,,active
STRM-103879,Donna,Gomez,Phoenix,AZ,2/27/2025,,active
STRM-103880,Deborah,Flores,Tulsa,OK,8/18/2025,,active
STRM-103881,Frances,Cole,Oakland,CA,11/14/2025,12/31/2025,in-active
STRM-103882,Christina,Vasquez,Wichita,KS,7/23/2025,12/31/2025,in-active
STRM-103883,Willie,Ramos,Long Beach,CA,11/25/2025,,active
STRM-103884,Kevin,Cole,Austin,TX,1/16/2025,,active
STRM-103885,Austin,Ross,Oakland,CA,3/28/2025,12/31/2025,in-active
STRM-103886,Patrick,Brown,Long Beach,CA,10/5/2025,,active
STRM-103887,Sarah,Jimenez,Charlotte,NC,1/22/2025,,active
STRM-103888,Bruce,Roberts,Chicago,IL,7/17/2025,,active
STRM-103889,Ryan,Wood,Tampa,FL,10/7/2025,,active
STRM-103890,Donna,Morgan,Raleigh,NC,4/28/2025,,active
STRM-103891,Ryan,Ward,New York,NY,1/19/2025,12/31/2025,in-active
STRM-103892,Anthony,Moore,Tulsa,OK,7/22/2025,,active
STRM-103893,Andrea,Kelly,Fresno,CA,2/4/2025,12/31/2025,in-active
STRM-103894,Brian,Bailey,San Francisco,CA,5/11/2025,12/31/2025,in-active
STRM-103895,Eric,Ortiz,Detroit,MI,1/28/2025,9/15/2025,in-active
STRM-103896,Gerald,Castillo,Minneapolis,MN,2/3/2025,,active
STRM-103897,Billy,Parker,Baltimore,MD,12/27/2025,12/31/2025,in-active
STRM-103898,Patricia,Chavez,Charlotte,NC,11/26/2025,,active
STRM-103899,Donna,Patterson,Fresno,CA,9/20/2025,,active
STRM-103900,Frances,Foster,Bakersfield,CA,11/15/2025,,active
STRM-103901,Nathan,Flores,New Orleans,LA,12/20/2025,,active
STRM-103902,Brandon,Watson,Albuquerque,NM,10/24/2025,,active
STRM-103903,Walter,Clark,Seattle,WA,8/19/2025,,active
STRM-103904,Nicholas,Long,Indianapolis,IN,1/19/2025,12/31/2025,in-active
STRM-103905,Harold,Ross,Tulsa,OK,5/10/2025,,active
STRM-103906,Kimberly,Evans,Atlanta,GA,11/29/2025,,active
STRM-103907,Christina,Adams,Sacramento,CA,5/1/2025,,active
STRM-103908,Anthony,Hill,San Diego,CA,11/27/2025,,active
STRM-103909,Cheryl,Davis,Las Vegas,NV,3/22/2025,12/31/2025,in-active
STRM-103910,Rebecca,Hall,Sacramento,CA,9/21/2025,12/31/2025,in-active
STRM-103911,Austin,Diaz,Austin,TX,3/16/2025,,active
STRM-103912,Sandra,Brown,Jacksonville,FL,4/28/2025,,active
STRM-103913,James,Jones,Phoenix,AZ,12/21/2025,,active
STRM-103914,Kyle,Fisher,Portland,OR,2/28/2025,,active
STRM-103915,Linda,Moreno,Tulsa,OK,7/17/2025,,active
STRM-103916,Sean,Perez,Denver,CO,4/7/2025,,active
STRM-103917,Lisa,Kelly,Houston,TX,5/1/2025,12/31/2025,in-active
STRM-103918,Katherine,Morales,Long Beach,CA,2/13/2025,,active
STRM-103919,Richard,Moreno,Seattle,WA,8/4/2025,12/31/2025,in-active
STRM-103920,Gabriel,Scott,Fort Worth,TX,6/11/2025,,active
STRM-103921,Dylan,Watson,Oakland,CA,2/20/2025,,active
STRM-103922,Ronald,Jones,Milwaukee,WI,7/26/2025,8/13/2025,in-active
STRM-103923,Jack,Bailey,Oklahoma City,OK,10/29/2025,,active
STRM-103924,Karen,James,Los Angeles,CA,12/19/2025,,active
STRM-103925,Henry,Jimenez,Detroit,MI,5/18/2025,,active
STRM-103926,Patricia,Powell,Boston,MA,6/3/2025,9/18/2025,in-active
STRM-103927,Laura,Reed,New York,NY,8/17/2025,,active
STRM-103928,Betty,Perry,Raleigh,NC,10/30/2025,,active
STRM-103929,Billy,Reynolds,Chicago,IL,9/25/2025,,active
STRM-103930,Jack,Roberts,Detroit,MI,8/3/2025,,active
STRM-103931,Pamela,Torres,Portland,OR,10/1/2025,12/31/2025,in-active
STRM-103932,Abigail,Russell,Austin,TX,7/18/2025,,active
STRM-103933,Patricia,Reyes,Mesa,AZ,8/10/2025,,active
STRM-103934,Martha,Walker,Albuquerque,NM,9/28/2025,12/31/2025,in-active
STRM-103935,Gabriel,West,Cleveland,OH,11/11/2025,,active
STRM-103936,Linda,Patel,Bakersfield,CA,10/30/2025,,active
STRM-103937,Raymond,Patterson,Phoenix,AZ,10/19/2025,,active
STRM-103938,Dennis,Garcia,Minneapolis,MN,11/1/2025,,active
STRM-103939,Jennifer,Thompson,Dallas,TX,8/9/2025,12/31/2025,in-active
STRM-103940,Peter,Mitchell,Portland,OR,1/8/2025,,active
STRM-103941,Christopher,Johnson,New Orleans,LA,10/20/2025,,active
STRM-103942,Emily,Jackson,Cleveland,OH,8/25/2025,,active
STRM-103943,Keith,Watson,San Diego,CA,8/24/2025,,active
STRM-103944,Justin,White,Virginia Beach,VA,3/12/2025,,active
STRM-103945,Jerry,Mitchell,Cleveland,OH,2/8/2025,,active
STRM-103946,Alan,Nguyen,Seattle,WA,2/17/2025,,active
STRM-103947,Jean,Russell,Dallas,TX,8/12/2025,,active
STRM-103948,Carol,Torres,Omaha,NE,9/2/2025,,active
STRM-103949,Dylan,Martin,Baltimore,MD,1/28/2025,11/9/2025,in-active
STRM-103950,Janet,Morgan,Dallas,TX,2/23/2025,12/31/2025,in-active
STRM-103951,Juan,Ramos,Boston,MA,9/6/2025,11/6/2025,in-active
STRM-103952,Katherine,Fisher,Wichita,KS,9/16/2025,,active
STRM-103953,Sara,Torres,Dallas,TX,7/7/2025,,active
STRM-103954,James,Jones,Tampa,FL,1/26/2025,,active
STRM-103955,Aaron,Cruz,Tulsa,OK,6/25/2025,,active
STRM-103956,Susan,Alexander,Austin,TX,4/19/2025,12/31/2025,in-active
STRM-103957,Ethan,Rivera,Fresno,CA,3/25/2025,12/31/2025,in-active
STRM-103958,Christine,Bailey,New York,NY,1/30/2025,,active
STRM-103959,Martha,Campbell,Austin,TX,12/19/2025,,active
STRM-103960,Christina,Morris,Philadelphia,PA,3/11/2025,6/8/2025,in-active
STRM-103961,Heather,Myers,New York,NY,9/4/2025,,active
STRM-103962,Catherine,Thomas,Philadelphia,PA,3/1/2025,,active
STRM-103963,James,Rivera,Milwaukee,WI,2/25/2025,12/31/2025,in-active
STRM-103964,Daniel,Watson,Jacksonville,FL,8/7/2025,,active
STRM-103965,Barbara,Castillo,Indianapolis,IN,8/14/2025,,active
STRM-103966,Kathryn,Wright,Fort Worth,TX,1/23/2025,,active
STRM-103967,Charles,Gonzales,Colorado Springs,CO,6/10/2025,,active
STRM-103968,Mary,Moreno,San Francisco,CA,12/25/2025,12/31/2025,in-active
STRM-103969,Daniel,Richardson,Atlanta,GA,12/31/2025,,active
STRM-103970,Pamela,Collins,Bakersfield,CA,11/27/2025,,active
STRM-103971,Kathryn,Graham,Memphis,TN,10/31/2025,,active
STRM-103972,Jason,Bell,El Paso,TX,3/9/2025,,active
STRM-103973,Anna,Reynolds,Wichita,KS,3/1/2025,,active
STRM-103974,Daniel,Torres,Albuquerque,NM,4/14/2025,12/31/2025,in-active
STRM-103975,Nancy,Diaz,Wichita,KS,2/6/2025,,active
STRM-103976,Debra,Lopez,San Jose,CA,6/30/2025,12/31/2025,in-active
STRM-103977,Bryan,Russell,Indianapolis,IN,12/17/2025,,active
STRM-103978,Joan,Ramos,Columbus,OH,7/4/2025,,active
STRM-103979,Terry,Morris,Oklahoma City,OK,3/19/2025,,active
STRM-103980,Jessica,Russell,Seattle,WA,10/7/2025,,active
STRM-103981,Victoria,Romero,Fort Worth,TX,10/29/2025,,active
STRM-103982,Nicholas,Kim,Mesa,AZ,9/15/2025,,active
STRM-103983,Nicole,Rivera,Nashville,TN,4/27/2025,,active
STRM-103984,Julia,Kim,Las Vegas,NV,3/12/2025,,active
STRM-103985,Gregory,Bennett,Houston,TX,8/17/2025,12/31/2025,in-active
STRM-103986,Richard,Powell,Boston,MA,8/18/2025,,active
STRM-103987,Patrick,Lee,Boston,MA,7/23/2025,,active
STRM-103988,Carl,Campbell,Tampa,FL,1/5/2025,,active
STRM-103989,Harold,Bennett,Wichita,KS,6/16/2025,,active
STRM-103990,Jeremy,Richardson,Tampa,FL,1/15/2025,,active
STRM-103991,Alice,Clark,Indianapolis,IN,2/21/2025,6/18/2025,in-active
STRM-103992,Kyle,Jimenez,San Antonio,TX,11/4/2025,12/8/2025,in-active
STRM-103993,Andrew,James,Bakersfield,CA,6/1/2025,,active
STRM-103994,Kelly,Jimenez,Houston,TX,12/18/2025,,active
STRM-103995,Amanda,Miller,Las Vegas,NV,11/14/2025,,active
STRM-103996,Cynthia,Watson,Seattle,WA,12/24/2025,12/31/2025,in-active
STRM-103997,Dorothy,Smith,Philadelphia,PA,12/8/2025,,active
STRM-103998,Douglas,Watson,Cleveland,OH,10/17/2025,,active
STRM-103999,Jessica,Williams,Austin,TX,8/2/2025,10/7/2025,in-active
STRM-104000,Christopher,Brooks,San Diego,CA,6/22/2025,,active
STRM-104001,George,Ruiz,Bakersfield,CA,12/2/2025,,active
STRM-104002,Dylan,Gutierrez,Baltimore,MD,11/21/2025,12/31/2025,in-active
STRM-104003,William,Vasquez,Denver,CO,1/23/2025,12/31/2025,in-active
STRM-104004,Betty,Simmons,Tulsa,OK,4/8/2025,12/31/2025,in-active
STRM-104005,Jesse,Gonzalez,El Paso,TX,12/29/2025,12/31/2025,in-active
STRM-104006,Janet,Davis,Indianapolis,IN,12/8/2025,12/31/2025,in-active
STRM-104007,Richard,Williams,Las Vegas,NV,5/28/2025,12/31/2025,in-active
STRM-104008,Sharon,Cox,Wichita,KS,1/7/2025,,active
STRM-104009,Lawrence,Walker,New York,NY,5/23/2025,,active
STRM-104010,William,Diaz,Detroit,MI,1/24/2025,,active
STRM-104011,Larry,Taylor,Phoenix,AZ,10/5/2025,,active
STRM-104012,Doris,Harris,Indianapolis,IN,12/1/2025,,active
STRM-104013,Doris,Hall,Mesa,AZ,7/3/2025,,active
STRM-104014,Gary,Myers,Oakland,CA,10/18/2025,,active
STRM-104015,Barbara,Castillo,Portland,OR,2/6/2025,,active
STRM-104016,Jose,West,Kansas City,MO,10/23/2025,,active
STRM-104017,Robert,Jenkins,Kansas City,MO,8/8/2025,12/31/2025,in-active
STRM-104018,Jessica,Jackson,Mesa,AZ,7/18/2025,,active
STRM-104019,Walter,Ortiz,Chicago,IL,12/23/2025,12/31/2025,in-active
STRM-104020,Christian,Morgan,Minneapolis,MN,12/15/2025,,active
STRM-104021,Sharon,Roberts,Kansas City,MO,5/28/2025,,active
STRM-104022,Ruth,Edwards,Los Angeles,CA,1/2/2025,,active
STRM-104023,Lauren,Long,New Orleans,LA,3/22/2025,,active
STRM-104024,John,Parker,Austin,TX,11/21/2025,,active
STRM-104025,John,Jackson,Tucson,AZ,4/19/2025,12/31/2025,in-active
STRM-104026,Shirley,King,Las Vegas,NV,4/5/2025,,active
STRM-104027,Lauren,Rogers,Jacksonville,FL,10/26/2025,,active
STRM-104028,Melissa,Hill,Indianapolis,IN,4/24/2025,,active
STRM-104029,Matthew,Moore,New York,NY,1/17/2025,,active
STRM-104030,Gabriel,Butler,Oakland,CA,1/24/2025,,active
STRM-104031,Mary,Bell,Fresno,CA,5/10/2025,,active
STRM-104032,Kenneth,Robinson,Philadelphia,PA,7/16/2025,,active
STRM-104033,Jeffrey,Wright,Raleigh,NC,1/4/2025,,active
STRM-104034,Marilyn,Bennett,Milwaukee,WI,6/21/2025,12/31/2025,in-active
STRM-104035,Austin,Jordan,Nashville,TN,10/17/2025,12/31/2025,in-active
STRM-104036,Amanda,Henderson,Washington,DC,3/27/2025,,active
STRM-104037,Cynthia,Morris,Memphis,TN,12/10/2025,12/31/2025,in-active
STRM-104038,John,Torres,Milwaukee,WI,7/9/2025,,active
STRM-104039,Melissa,Martin,San Francisco,CA,8/25/2025,10/4/2025,in-active
STRM-104040,Jesse,Allen,New York,NY,8/16/2025,,active
STRM-104041,Frank,Adams,Indianapolis,IN,10/9/2025,,active
STRM-104042,Edward,Gonzales,Minneapolis,MN,3/28/2025,,active
STRM-104043,Madison,Baker,Phoenix,AZ,6/30/2025,12/31/2025,in-active
STRM-104044,Ashley,Cole,Tampa,FL,1/3/2025,,active
STRM-104045,Carl,Harris,Detroit,MI,2/24/2025,12/31/2025,in-active
STRM-104046,Olivia,Diaz,Mesa,AZ,7/10/2025,,active
STRM-104047,Sean,Lee,Tampa,FL,10/29/2025,12/31/2025,in-active
STRM-104048,Kyle,Reynolds,Austin,TX,12/27/2025,,active
STRM-104049,Maria,Lopez,Tulsa,OK,1/26/2025,12/31/2025,in-active
STRM-104050,Jacob,Wallace,Mesa,AZ,12/25/2025,,active
STRM-104051,Sharon,Moore,Atlanta,GA,7/12/2025,,active
STRM-104052,Michelle,Wallace,Jacksonville,FL,9/18/2025,,active
STRM-104053,Samantha,Wilson,Virginia Beach,VA,2/19/2025,7/25/2025,in-active
STRM-104054,Amanda,Wallace,Austin,TX,1/1/2025,,active
STRM-104055,Ann,Diaz,Raleigh,NC,5/31/2025,,active
STRM-104056,Joe,Collins,Dallas,TX,12/6/2025,12/31/2025,in-active
STRM-104057,Nicholas,Thompson,Seattle,WA,5/23/2025,,active
STRM-104058,Anna,Diaz,Tampa,FL,3/9/2025,12/31/2025,in-active
STRM-104059,Donald,Taylor,Memphis,TN,7/4/2025,,active
STRM-104060,Ronald,Williams,Oakland,CA,3/6/2025,4/3/2025,in-active
STRM-104061,Paul,Martinez,Miami,FL,4/17/2025,12/31/2025,in-active
STRM-104062,Kenneth,Cruz,Dallas,TX,3/8/2025,,active
STRM-104063,Cheryl,Alvarez,Dallas,TX,12/23/2025,12/31/2025,in-active
STRM-104064,Ruth,Roberts,Chicago,IL,3/8/2025,,active
STRM-104065,Adam,Bennett,Houston,TX,7/28/2025,,active
STRM-104066,Ronald,Smith,Oakland,CA,1/30/2025,,active
STRM-104067,Jesse,Reyes,Baltimore,MD,8/22/2025,,active
STRM-104068,Diane,Harris,Raleigh,NC,10/3/2025,,active
STRM-104069,Charles,Garcia,Long Beach,CA,3/24/2025,7/8/2025,in-active
STRM-104070,Adam,Jackson,Albuquerque,NM,6/2/2025,,active
STRM-104071,Madison,Hernandez,Austin,TX,10/26/2025,12/31/2025,in-active
STRM-104072,Sharon,Walker,Cleveland,OH,1/15/2025,,active
STRM-104073,Harold,Peterson,Phoenix,AZ,11/14/2025,,active
STRM-104074,Carol,Hill,Kansas City,MO,2/11/2025,9/21/2025,in-active
STRM-104075,Mark,Butler,Tucson,AZ,1/8/2025,,active
STRM-104076,Janet,Russell,Atlanta,GA,7/8/2025,12/31/2025,in-active
STRM-104077,Tyler,Alexander,New Orleans,LA,1/21/2025,,active
STRM-104078,Tyler,Flores,Philadelphia,PA,10/20/2025,,active
STRM-104079,Tyler,Castillo,Boston,MA,1/31/2025,,active
STRM-104080,Brenda,Rogers,Washington,DC,12/2/2025,,active
STRM-104081,Henry,Powell,Fort Worth,TX,12/17/2025,,active
STRM-104082,Edward,Edwards,Kansas City,MO,8/2/2025,,active
STRM-104083,Nicole,Long,Austin,TX,8/21/2025,,active
STRM-104084,Amanda,Foster,Dallas,TX,8/11/2025,12/24/2025,in-active
STRM-104085,Daniel,Ramos,San Jose,CA,5/11/2025,,active
STRM-104086,Julie,Scott,Arlington,TX,6/25/2025,12/31/2025,in-active
STRM-104087,Samuel,Morgan,Oakland,CA,3/19/2025,,active
STRM-104088,Hannah,Hernandez,Mesa,AZ,9/10/2025,12/31/2025,in-active
STRM-104089,Danielle,Sanchez,Arlington,TX,11/15/2025,12/31/2025,in-active
STRM-104090,Judy,Morris,Tampa,FL,6/9/2025,9/18/2025,in-active
STRM-104091,Albert,Ross,San Francisco,CA,4/23/2025,,active
STRM-104092,Alexander,Morris,Dallas,TX,5/25/2025,12/17/2025,in-active
STRM-104093,Janet,Anderson,Boston,MA,9/30/2025,,active
STRM-104094,Gary,Gutierrez,Fort Worth,TX,1/18/2025,10/6/2025,in-active
STRM-104095,Karen,Lee,Tulsa,OK,7/7/2025,12/31/2025,in-active
STRM-104096,Cheryl,Russell,Los Angeles,CA,7/11/2025,12/31/2025,in-active
STRM-104097,Jack,Graham,Wichita,KS,7/19/2025,12/31/2025,in-active
STRM-104098,Alan,Morgan,Tucson,AZ,6/19/2025,12/31/2025,in-active
STRM-104099,Dylan,Morgan,Tampa,FL,11/22/2025,,active
STRM-104100,Stephanie,Castillo,Charlotte,NC,8/12/2025,,active
STRM-104101,Ethan,Cooper,Las Vegas,NV,7/17/2025,12/31/2025,in-active
STRM-104102,Christian,Ross,Bakersfield,CA,2/2/2025,,active
STRM-104103,Anna,Allen,Philadelphia,PA,4/1/2025,,active
STRM-104104,Jack,Garcia,Mesa,AZ,12/24/2025,12/31/2025,in-active
STRM-104105,Debra,Ward,Fresno,CA,2/14/2025,9/6/2025,in-active
STRM-104106,Aaron,Torres,Nashville,TN,7/10/2025,,active
STRM-104107,Diane,Cox,Baltimore,MD,4/4/2025,,active
STRM-104108,Kathleen,Brown,Milwaukee,WI,5/22/2025,,active
STRM-104109,Jack,Walker,Seattle,WA,4/3/2025,,active
STRM-104110,Brenda,Wilson,Virginia Beach,VA,5/16/2025,,active
STRM-104111,Janice,Gomez,Charlotte,NC,3/22/2025,8/3/2025,in-active
STRM-104112,Nicole,Brooks,Washington,DC,4/20/2025,,active
STRM-104113,Joseph,Jordan,Kansas City,MO,7/31/2025,,active
STRM-104114,Lauren,Edwards,San Antonio,TX,12/15/2025,12/31/2025,in-active
STRM-104115,Gerald,Young,Tucson,AZ,9/29/2025,12/31/2025,in-active
STRM-104116,Andrew,Walker,Philadelphia,PA,7/8/2025,12/31/2025,in-active
STRM-104117,Lisa,Bailey,Nashville,TN,3/22/2025,,active
STRM-104118,Albert,Bailey,Arlington,TX,4/1/2025,,active
STRM-104119,Andrea,Alexander,San Francisco,CA,5/17/2025,12/31/2025,in-active
STRM-104120,Marilyn,Bryant,Houston,TX,2/27/2025,,active
STRM-104121,Gabriel,Adams,Long Beach,CA,12/13/2025,,active
STRM-104122,Jacqueline,Bell,Cleveland,OH,6/24/2025,12/7/2025,in-active
STRM-104123,Jeffrey,Simmons,Milwaukee,WI,8/20/2025,,active
STRM-104124,Henry,Perry,Oakland,CA,6/15/2025,,active
STRM-104125,Deborah,Graham,New York,NY,2/27/2025,,active
STRM-104126,Jessica,Lopez,New Orleans,LA,11/19/2025,,active
STRM-104127,Michelle,Vasquez,Mesa,AZ,2/2/2025,,active
STRM-104128,Jack,Wood,Long Beach,CA,9/23/2025,,active
STRM-104129,Barbara,Martinez,Los Angeles,CA,3/19/2025,,active
STRM-104130,Juan,Rivera,Tampa,FL,3/7/2025,,active
STRM-104131,Melissa,Brooks,Milwaukee,WI,12/6/2025,12/31/2025,in-active
STRM-104132,Mark,Henderson,Los Angeles,CA,11/6/2025,,active
STRM-104133,Arthur,Young,Wichita,KS,4/22/2025,12/31/2025,in-active
STRM-104134,Joe,Thompson,Tucson,AZ,3/26/2025,10/30/2025,in-active
STRM-104135,Ashley,Gomez,Portland,OR,11/15/2025,,active
STRM-104136,Michelle,Powell,Jacksonville,FL,1/14/2025,,active
STRM-104137,Melissa,West,Cleveland,OH,5/7/2025,,active
STRM-104138,Ruth,Price,Virginia Beach,VA,12/16/2025,,active
STRM-104139,Jacob,Nguyen,Austin,TX,3/19/2025,,active
STRM-104140,Kelly,Collins,Minneapolis,MN,11/12/2025,,active
STRM-104141,Martha,Hall,New York,NY,5/28/2025,,active
STRM-104142,Evelyn,Cruz,Cleveland,OH,7/1/2025,,active
STRM-104143,Ryan,Henderson,Detroit,MI,2/14/2025,,active
STRM-104144,William,Reynolds,Las Vegas,NV,2/16/2025,12/31/2025,in-active
STRM-104145,Lauren,Lopez,Fresno,CA,4/6/2025,,active
STRM-104146,Cheryl,Walker,New Orleans,LA,9/16/2025,12/31/2025,in-active
STRM-104147,Maria,Martinez,San Antonio,TX,1/8/2025,,active
STRM-104148,Michelle,Jenkins,San Antonio,TX,7/1/2025,,active
STRM-104149,Ann,Cruz,Atlanta,GA,12/14/2025,,active
STRM-104150,George,Thompson,Tucson,AZ,12/8/2025,12/31/2025,in-active
STRM-104151,Olivia,Ortiz,Mesa,AZ,5/13/2025,12/31/2025,in-active
STRM-104152,Stephanie,Wood,Baltimore,MD,5/15/2025,,active
STRM-104153,Rebecca,Parker,Minneapolis,MN,3/20/2025,,active
STRM-104154,Carol,Jones,Miami,FL,2/24/2025,12/31/2025,in-active
STRM-104155,Nicholas,Flores,El Paso,TX,10/14/2025,12/31/2025,in-active
STRM-104156,Michelle,Mitchell,Jacksonville,FL,7/1/2025,,active
STRM-104157,Dennis,Campbell,Raleigh,NC,6/22/2025,,active
STRM-104158,Denise,Gonzalez,Portland,OR,5/5/2025,12/31/2025,in-active
STRM-104159,Walter,Morales,Phoenix,AZ,11/28/2025,,active
STRM-104160,Joseph,Cooper,Las Vegas,NV,12/17/2025,12/31/2025,in-active
STRM-104161,Anthony,Stewart,New York,NY,9/6/2025,,active
STRM-104162,Ryan,Ward,Wichita,KS,3/4/2025,,active
STRM-104163,Samuel,Hill,New York,NY,12/4/2025,,active
STRM-104164,Jerry,Hall,Las Vegas,NV,12/5/2025,,active
STRM-104165,Brenda,Perry,Indianapolis,IN,10/20/2025,12/31/2025,in-active
STRM-104166,Albert,Sanders,Portland,OR,2/2/2025,,active
STRM-104167,Stephen,Griffin,Chicago,IL,7/5/2025,,active
STRM-104168,Kathryn,Jackson,Bakersfield,CA,3/31/2025,12/31/2025,in-active
STRM-104169,Sarah,Patel,Philadelphia,PA,8/8/2025,12/31/2025,in-active
STRM-104170,Charles,Martin,Kansas City,MO,12/11/2025,,active
STRM-104171,Victoria,Cooper,Los Angeles,CA,10/19/2025,12/31/2025,in-active
STRM-104172,Sara,Long,Colorado Springs,CO,4/19/2025,,active
STRM-104173,Christina,Bryant,El Paso,TX,4/5/2025,,active
STRM-104174,James,Scott,Los Angeles,CA,5/10/2025,,active
STRM-104175,Joshua,Brown,Phoenix,AZ,11/15/2025,12/31/2025,in-active
STRM-104176,Matthew,Wright,Tampa,FL,12/5/2025,,active
STRM-104177,Brandon,Jackson,Fort Worth,TX,10/20/2025,,active
STRM-104178,Henry,Russell,Milwaukee,WI,9/30/2025,,active
STRM-104179,Peter,Russell,Chicago,IL,10/17/2025,12/31/2025,in-active
STRM-104180,Sharon,Jackson,Austin,TX,8/7/2025,,active
STRM-104181,Judith,Reyes,Philadelphia,PA,11/5/2025,12/31/2025,in-active
STRM-104182,Kimberly,Vasquez,Long Beach,CA,7/19/2025,,active
STRM-104183,Linda,Alexander,Oklahoma City,OK,12/23/2025,,active
STRM-104184,Jacqueline,Griffin,Long Beach,CA,10/6/2025,,active
STRM-104185,Jacob,Turner,Miami,FL,12/17/2025,,active
STRM-104186,Samantha,Phillips,San Diego,CA,11/5/2025,,active
STRM-104187,Maria,James,Washington,DC,4/7/2025,,active
STRM-104188,Hannah,Bennett,Jacksonville,FL,4/30/2025,,active
STRM-104189,Barbara,Green,San Diego,CA,10/28/2025,,active
STRM-104190,Michael,Hughes,Tucson,AZ,7/13/2025,,active
STRM-104191,Larry,Patterson,Bakersfield,CA,5/26/2025,,active
STRM-104192,Richard,Smith,Dallas,TX,8/4/2025,12/31/2025,in-active
STRM-104193,Diane,Ward,Washington,DC,10/6/2025,,active
STRM-104194,Olivia,Bryant,Las Vegas,NV,6/2/2025,,active
STRM-104195,Jean,Jordan,Washington,DC,2/15/2025,,active
STRM-104196,Stephanie,Foster,El Paso,TX,8/7/2025,,active
STRM-104197,William,Rogers,Oklahoma City,OK,1/17/2025,,active
STRM-104198,Gary,Price,Nashville,TN,12/24/2025,,active
STRM-104199,Ronald,Martinez,Colorado Springs,CO,7/17/2025,12/31/2025,in-active
STRM-104200,Victoria,Mitchell,Milwaukee,WI,8/14/2025,,active
STRM-104201,Bruce,Alvarez,Dallas,TX,10/19/2025,,active
STRM-104202,Laura,Chavez,Columbus,OH,1/26/2025,,active
STRM-104203,Jean,Graham,Tampa,FL,1/5/2025,,active
STRM-104204,Catherine,Lewis,Austin,TX,9/28/2025,,active
STRM-104205,Julie,Evans,Detroit,MI,6/3/2025,,active
STRM-104206,Christopher,Watson,Raleigh,NC,5/29/2025,12/31/2025,in-active
STRM-104207,Teresa,Bennett,Raleigh,NC,7/21/2025,,active
STRM-104208,Larry,Bell,Virginia Beach,VA,8/11/2025,,active
STRM-104209,Gregory,Ortiz,Denver,CO,4/24/2025,,active
STRM-104210,Shirley,Jackson,Cleveland,OH,6/6/2025,,active
STRM-104211,Diane,Morales,New Orleans,LA,11/8/2025,,active
STRM-104212,Eric,Peterson,Colorado Springs,CO,8/19/2025,,active
STRM-104213,Sara,Cooper,Memphis,TN,5/16/2025,,active
STRM-104214,Marilyn,Baker,San Jose,CA,4/25/2025,,active
STRM-104215,Gregory,Butler,Dallas,TX,11/6/2025,12/31/2025,in-active
STRM-104216,Sara,Cooper,San Antonio,TX,5/8/2025,,active
STRM-104217,John,Romero,Dallas,TX,2/1/2025,,active
STRM-104218,Sandra,Wallace,New Orleans,LA,1/23/2025,,active
STRM-104219,Nicole,Hughes,Fort Worth,TX,5/27/2025,,active
STRM-104220,Julie,Patel,Oklahoma City,OK,8/30/2025,12/31/2025,in-active
STRM-104221,Paul,Martinez,Charlotte,NC,1/6/2025,,active
STRM-104222,Anna,Gonzales,Washington,DC,7/15/2025,12/28/2025,in-active
STRM-104223,Bryan,Edwards,Kansas City,MO,1/28/2025,7/6/2025,in-active
STRM-104224,Carolyn,Ramirez,Dallas,TX,2/28/2025,,active
STRM-104225,Kyle,Bennett,Las Vegas,NV,7/2/2025,,active
STRM-104226,Jesse,Powell,Fort Worth,TX,6/19/2025,,active
STRM-104227,Joe,Reynolds,New York,NY,10/12/2025,12/31/2025,in-active
STRM-104228,Arthur,Parker,Phoenix,AZ,5/14/2025,,active
STRM-104229,Ann,Kim,Fort Worth,TX,5/13/2025,,active
STRM-104230,Diane,Jimenez,Indianapolis,IN,2/13/2025,,active
STRM-104231,Harold,Patel,Houston,TX,4/15/2025,,active
STRM-104232,George,Carter,Memphis,TN,3/22/2025,8/22/2025,in-active
STRM-104233,William,Murphy,Fort Worth,TX,6/8/2025,,active
STRM-104234,George,Ortiz,Memphis,TN,4/17/2025,,active
STRM-104235,Robert,Cox,Indianapolis,IN,12/6/2025,,active
STRM-104236,Lawrence,Coleman,Fresno,CA,12/21/2025,,active
STRM-104237,Albert,Jenkins,Cleveland,OH,10/4/2025,11/21/2025,in-active
STRM-104238,Ann,Watson,Tulsa,OK,12/29/2025,12/31/2025,in-active
STRM-104239,Anna,Ross,New Orleans,LA,10/26/2025,12/31/2025,in-active
STRM-104240,Denise,Thompson,Long Beach,CA,12/6/2025,12/31/2025,in-active
STRM-104241,Brenda,Taylor,Milwaukee,WI,5/15/2025,,active
STRM-104242,Elizabeth,Cox,Columbus,OH,6/13/2025,,active
STRM-104243,Ryan,Sanders,Houston,TX,3/25/2025,,active
STRM-104244,Teresa,Bailey,Detroit,MI,7/20/2025,,active
STRM-104245,Zachary,Gray,Tampa,FL,3/23/2025,,active
STRM-104246,Steven,Flores,Raleigh,NC,4/30/2025,,active
STRM-104247,Robert,Wright,Oklahoma City,OK,7/25/2025,,active
STRM-104248,Margaret,Parker,Columbus,OH,1/6/2025,,active
STRM-104249,Jeffrey,Gomez,San Francisco,CA,7/29/2025,,active
STRM-104250,Sarah,Young,Virginia Beach,VA,8/8/2025,12/31/2025,in-active
STRM-104251,John,Vasquez,Detroit,MI,3/14/2025,12/31/2025,in-active
STRM-104252,Bryan,Ruiz,New Orleans,LA,6/11/2025,,active
STRM-104253,Joseph,Hall,Seattle,WA,11/25/2025,,active
STRM-104254,Joseph,Lee,Jacksonville,FL,4/29/2025,12/31/2025,in-active
STRM-104255,Eric,West,Austin,TX,5/1/2025,,active
STRM-104256,Helen,King,Chicago,IL,3/7/2025,,active
STRM-104257,Lauren,Moore,Bakersfield,CA,10/25/2025,11/25/2025,in-active
STRM-104258,Lisa,Patterson,Tulsa,OK,3/25/2025,12/31/2025,in-active
STRM-104259,Kimberly,Howard,Houston,TX,7/11/2025,,active
STRM-104260,Julie,Gutierrez,Virginia Beach,VA,10/7/2025,,active
STRM-104261,Anthony,Griffin,Long Beach,CA,11/22/2025,,active
STRM-104262,Samuel,Gutierrez,Memphis,TN,2/24/2025,,active
STRM-104263,Alice,Campbell,San Francisco,CA,1/26/2025,,active
STRM-104264,Judy,Collins,Mesa,AZ,8/14/2025,,active
STRM-104265,Marilyn,Reynolds,Miami,FL,3/17/2025,,active
STRM-104266,Thomas,Campbell,San Jose,CA,6/12/2025,,active
STRM-104267,Janice,Mendoza,Portland,OR,7/21/2025,12/31/2025,in-active
STRM-104268,Shirley,Nguyen,Charlotte,NC,9/6/2025,,active
STRM-104269,Edward,Jordan,Kansas City,MO,2/9/2025,6/6/2025,in-active
STRM-104270,Kimberly,Perez,Philadelphia,PA,1/25/2025,,active
STRM-104271,Lauren,Hernandez,Charlotte,NC,12/23/2025,,active
STRM-104272,Ann,Coleman,Bakersfield,CA,11/11/2025,,active
STRM-104273,Charles,Patterson,Houston,TX,9/6/2025,,active
STRM-104274,Elizabeth,Edwards,Omaha,NE,3/19/2025,,active
STRM-104275,Dylan,Cook,Minneapolis,MN,7/1/2025,,active
STRM-104276,Katherine,Lewis,Tucson,AZ,2/22/2025,,active
STRM-104277,Andrew,Hayes,Portland,OR,5/11/2025,,active
STRM-104278,Austin,Patterson,Jacksonville,FL,3/25/2025,,active
STRM-104279,Justin,Hill,San Jose,CA,2/27/2025,,active
STRM-104280,Dennis,Chavez,Oakland,CA,5/14/2025,,active
STRM-104281,Grace,Ross,Fort Worth,TX,4/10/2025,4/26/2025,in-active
STRM-104282,Harold,Gomez,Fort Worth,TX,5/29/2025,,active
STRM-104283,Kelly,Jones,Washington,DC,9/15/2025,12/31/2025,in-active
STRM-104284,Keith,James,New York,NY,5/19/2025,,active
STRM-104285,Kevin,Williams,Boston,MA,11/11/2025,,active
STRM-104286,Andrea,Hughes,Phoenix,AZ,11/10/2025,12/31/2025,in-active
STRM-104287,Edward,Romero,Tucson,AZ,5/12/2025,,active
STRM-104288,George,Jenkins,Detroit,MI,11/21/2025,,active
STRM-104289,Joshua,Brooks,Memphis,TN,4/30/2025,,active
STRM-104290,Christina,Bryant,Albuquerque,NM,6/13/2025,12/8/2025,in-active
STRM-104291,Carolyn,Flores,Los Angeles,CA,8/3/2025,,active
STRM-104292,Aaron,Hughes,Mesa,AZ,2/12/2025,,active
STRM-104293,Jordan,Wright,Los Angeles,CA,12/1/2025,,active
STRM-104294,Joshua,Hill,Colorado Springs,CO,5/27/2025,,active
STRM-104295,Samuel,Bell,Columbus,OH,1/22/2025,,active
STRM-104296,Katherine,Watson,New Orleans,LA,12/7/2025,,active
STRM-104297,Aaron,Reyes,Detroit,MI,5/6/2025,,active
STRM-104298,Michelle,Sullivan,Jacksonville,FL,11/15/2025,12/31/2025,in-active
STRM-104299,George,Hernandez,Detroit,MI,7/13/2025,,active
STRM-104300,Amber,Gutierrez,Raleigh,NC,9/21/2025,,active
STRM-104301,Doris,Gray,San Antonio,TX,4/10/2025,,active
STRM-104302,Margaret,Edwards,Long Beach,CA,10/3/2025,11/28/2025,in-active
STRM-104303,Barbara,Cooper,Kansas City,MO,10/1/2025,12/31/2025,in-active
STRM-104304,Joshua,Taylor,Long Beach,CA,2/12/2025,,active
STRM-104305,Kenneth,Harris,Jacksonville,FL,2/9/2025,,active
STRM-104306,Pamela,Lewis,Tulsa,OK,7/10/2025,,active
STRM-104307,Olivia,Coleman,Mesa,AZ,9/13/2025,12/31/2025,in-active
STRM-104308,John,Clark,New Orleans,LA,10/26/2025,,active
STRM-104309,Christine,Ortiz,Atlanta,GA,10/3/2025,,active
STRM-104310,Samantha,Ward,New Orleans,LA,3/10/2025,12/31/2025,in-active
STRM-104311,James,Hernandez,Cleveland,OH,7/18/2025,,active
STRM-104312,Christian,Bryant,Baltimore,MD,11/23/2025,,active
STRM-104313,Gary,Watson,Sacramento,CA,6/17/2025,12/31/2025,in-active
STRM-104314,Judy,Perry,Denver,CO,7/24/2025,12/7/2025,in-active
STRM-104315,Jesse,Fisher,Tampa,FL,3/8/2025,,active
STRM-104316,Albert,Campbell,San Diego,CA,11/9/2025,,active
STRM-104317,Olivia,Nguyen,Jacksonville,FL,2/8/2025,,active
STRM-104318,Robert,Ward,Minneapolis,MN,2/2/2025,,active
STRM-104319,Carol,Cook,Mesa,AZ,4/22/2025,8/30/2025,in-active
STRM-104320,Larry,West,Fresno,CA,10/18/2025,12/31/2025,in-active
STRM-104321,Lisa,Reynolds,Raleigh,NC,8/17/2025,,active
STRM-104322,Jose,Bailey,Kansas City,MO,12/20/2025,,active
STRM-104323,Logan,Adams,Fresno,CA,12/24/2025,,active
STRM-104324,Sean,Garcia,Houston,TX,4/23/2025,12/31/2025,in-active
STRM-104325,Jose,Garcia,Arlington,TX,12/19/2025,12/31/2025,in-active
STRM-104326,Jessica,Johnson,El Paso,TX,4/11/2025,12/31/2025,in-active
STRM-104327,Alexander,Roberts,Mesa,AZ,7/22/2025,,active
STRM-104328,Matthew,Smith,Nashville,TN,11/20/2025,,active
STRM-104329,Dorothy,Cooper,Charlotte,NC,9/29/2025,12/31/2025,in-active
STRM-104330,James,Price,Atlanta,GA,12/19/2025,,active
STRM-104331,Adam,Baker,Virginia Beach,VA,10/17/2025,12/31/2025,in-active
STRM-104332,Jessica,Jordan,Las Vegas,NV,10/1/2025,,active
STRM-104333,Carol,Alexander,New Orleans,LA,8/12/2025,12/31/2025,in-active
STRM-104334,Dorothy,Evans,Fresno,CA,11/9/2025,12/31/2025,in-active
STRM-104334,Dorothy,Evans,Fresno,CA,11/9/2025,12/31/2025,in-active
STRM-104335,Timothy,Diaz,Albuquerque,NM,7/28/2025,11/5/2025,in-active
STRM-104336,Andrea,Gray,Miami,FL,2/28/2025,12/31/2025,in-active
STRM-104337,Virginia,Rivera,Las Vegas,NV,8/21/2025,,active
STRM-104338,Olivia,Ward,Wichita,KS,2/25/2025,,active
STRM-104339,Karen,Carter,San Jose,CA,12/6/2025,,active
STRM-104340,Joshua,Phillips,Indianapolis,IN,11/8/2025,,active
STRM-104341,Alan,Edwards,El Paso,TX,4/6/2025,,active
STRM-104342,Alice,Taylor,Sacramento,CA,9/2/2025,,active
STRM-104343,Jennifer,Russell,Albuquerque,NM,9/10/2025,,active
STRM-104344,Logan,Lopez,Detroit,MI,11/19/2025,12/31/2025,in-active
STRM-104345,Kevin,Johnson,Miami,FL,10/3/2025,,active
STRM-104346,Denise,Morgan,Charlotte,NC,2/8/2025,,active
STRM-104347,Joan,Simmons,Memphis,TN,3/1/2025,,active
STRM-104348,Christian,Lewis,El Paso,TX,10/31/2025,,active
STRM-104349,Gerald,Murphy,Mesa,AZ,12/21/2025,,active
STRM-104350,Amber,Bryant,Jacksonville,FL,12/12/2025,,active
STRM-104351,Kenneth,Powell,Portland,OR,7/8/2025,,active
STRM-104352,Aaron,Foster,New Orleans,LA,3/29/2025,,active
STRM-104353,Patrick,Harris,Dallas,TX,6/15/2025,,active
STRM-104354,Brandon,Adams,Oklahoma City,OK,6/16/2025,,active
STRM-104355,Helen,Fisher,Miami,FL,11/22/2025,,active
STRM-104356,Kelly,Kim,Dallas,TX,10/24/2025,12/1/2025,in-active
STRM-104357,Kelly,Morgan,Miami,FL,9/1/2025,,active
STRM-104358,Billy,Bell,Detroit,MI,10/30/2025,12/31/2025,in-active
STRM-104359,Thomas,Vasquez,Kansas City,MO,11/13/2025,,active
STRM-104360,Jennifer,Smith,Atlanta,GA,11/1/2025,,active
STRM-104361,Danielle,Bryant,San Francisco,CA,10/14/2025,,active
STRM-104362,Billy,Reed,Las Vegas,NV,5/22/2025,,active
STRM-104363,Keith,Roberts,Bakersfield,CA,11/8/2025,12/31/2025,in-active
STRM-104364,Donald,Bell,Milwaukee,WI,5/5/2025,,active
STRM-104365,Lauren,Mendoza,Columbus,OH,7/24/2025,12/31/2025,in-active
STRM-104366,Gerald,Ramirez,Portland,OR,5/30/2025,12/31/2025,in-active
STRM-104367,Linda,Ortiz,Denver,CO,6/11/2025,,active
STRM-104368,Jordan,Nelson,Virginia Beach,VA,11/24/2025,,active
STRM-104369,Tyler,Williams,Nashville,TN,3/29/2025,,active
STRM-104370,William,Adams,Las Vegas,NV,3/13/2025,5/7/2025,in-active
STRM-104371,Diane,Perry,Denver,CO,10/11/2025,,active
STRM-104372,Jessica,Jones,Mesa,AZ,4/2/2025,,active
STRM-104373,Nicholas,Alvarez,Sacramento,CA,2/23/2025,3/10/2025,in-active
STRM-104374,Austin,Carter,Virginia Beach,VA,1/22/2025,,active
STRM-104375,Brandon,Stewart,Raleigh,NC,11/1/2025,12/31/2025,in-active
STRM-104376,Margaret,Ruiz,Memphis,TN,5/2/2025,,active
STRM-104377,Zachary,Patel,New York,NY,1/25/2025,,active
STRM-104378,Barbara,Ruiz,Tampa,FL,7/19/2025,12/31/2025,in-active
STRM-104379,Anthony,Alvarez,Long Beach,CA,4/15/2025,,active
STRM-104380,Carolyn,Jimenez,Denver,CO,2/19/2025,,active
STRM-104381,Carl,Roberts,Baltimore,MD,10/5/2025,,active
STRM-104382,Pamela,Gonzales,Baltimore,MD,10/19/2025,,active
STRM-104383,Walter,Jones,Long Beach,CA,3/2/2025,,active
STRM-104384,Carol,Coleman,Long Beach,CA,1/18/2025,,active
STRM-104385,Julia,Evans,Detroit,MI,7/10/2025,11/27/2025,in-active
STRM-104386,Richard,Reyes,Seattle,WA,6/1/2025,,active
STRM-104387,Nicholas,King,Omaha,NE,11/1/2025,12/31/2025,in-active
STRM-104388,Judith,Peterson,Virginia Beach,VA,6/25/2025,12/31/2025,in-active
STRM-104389,Aaron,Myers,Austin,TX,6/4/2025,12/31/2025,in-active
STRM-104390,Andrew,Allen,San Diego,CA,6/15/2025,12/31/2025,in-active
STRM-104391,Jesse,Fisher,Albuquerque,NM,3/12/2025,,active
STRM-104392,Nathan,Rivera,Jacksonville,FL,4/3/2025,,active
STRM-104393,John,James,Charlotte,NC,4/21/2025,12/31/2025,in-active
STRM-104394,Albert,Ramos,Baltimore,MD,1/16/2025,,active
STRM-104395,Brandon,Wallace,Portland,OR,6/5/2025,,active
STRM-104396,Danielle,Wood,Boston,MA,11/2/2025,,active
STRM-104397,Olivia,Wood,Austin,TX,2/19/2025,10/29/2025,in-active
STRM-104398,Gerald,Edwards,Nashville,TN,1/4/2025,,active
STRM-104399,Christopher,Scott,Denver,CO,6/20/2025,12/31/2025,in-active
STRM-104400,Anthony,Nelson,Minneapolis,MN,11/2/2025,,active
STRM-104401,Amy,Powell,Dallas,TX,12/4/2025,,active
STRM-104402,Lisa,Moore,Tulsa,OK,8/30/2025,,active
STRM-104403,Judy,Torres,Miami,FL,8/26/2025,,active
STRM-104404,Nathan,Cooper,Mesa,AZ,11/25/2025,,active
STRM-104405,Amy,Ruiz,Atlanta,GA,6/14/2025,,active
STRM-104406,Samuel,Wood,Austin,TX,4/3/2025,,active
STRM-104407,Brandon,Baker,Oakland,CA,6/27/2025,,active
STRM-104407,Brandon,Baker,Oakland,CA,6/27/2025,,active
STRM-104408,Benjamin,Sanchez,Las Vegas,NV,3/1/2025,12/31/2025,in-active
STRM-104409,Megan,Patel,Raleigh,NC,2/13/2025,,active
STRM-104410,Joseph,Gray,Houston,TX,9/28/2025,11/30/2025,in-active
STRM-104411,Raymond,Ward,Omaha,NE,2/17/2025,,active
STRM-104412,Peter,Ward,Seattle,WA,8/30/2025,,active
STRM-104413,Janet,Diaz,El Paso,TX,3/14/2025,,active
STRM-104414,Jacqueline,Ramos,San Diego,CA,8/25/2025,,active
STRM-104415,Lawrence,Kim,Minneapolis,MN,10/20/2025,,active
STRM-104416,Eric,Howard,Omaha,NE,4/15/2025,,active
STRM-104417,Cynthia,Cole,Fresno,CA,10/1/2025,,active
STRM-104418,Deborah,Young,Sacramento,CA,4/22/2025,,active
STRM-104419,Sarah,Phillips,Charlotte,NC,11/26/2025,,active
STRM-104420,Alice,Campbell,Detroit,MI,1/20/2025,,active
STRM-104421,Andrea,Hall,Bakersfield,CA,10/13/2025,,active
STRM-104422,Brian,Wallace,Mesa,AZ,9/1/2025,,active
STRM-104423,Brenda,Fisher,Jacksonville,FL,6/11/2025,,active
STRM-104424,Benjamin,Campbell,San Diego,CA,8/16/2025,,active
STRM-104425,Jose,Wood,Virginia Beach,VA,4/19/2025,12/21/2025,in-active
STRM-104426,Judith,Gonzalez,San Antonio,TX,9/20/2025,,active
STRM-104427,Margaret,Alvarez,Detroit,MI,12/18/2025,,active
STRM-104428,Justin,Bailey,Portland,OR,9/12/2025,,active
STRM-104429,Walter,Simmons,Arlington,TX,7/13/2025,12/31/2025,in-active
STRM-104430,Diane,Taylor,Washington,DC,4/25/2025,,active
STRM-104431,Diane,Wright,Colorado Springs,CO,11/6/2025,,active
STRM-104432,Dennis,Gonzales,San Francisco,CA,6/24/2025,,active
STRM-104433,Dylan,Davis,Minneapolis,MN,1/19/2025,,active
STRM-104434,Gerald,Mendoza,Albuquerque,NM,4/27/2025,,active
STRM-104435,Gerald,Reyes,Oakland,CA,12/29/2025,,active
STRM-104436,Matthew,Perez,Mesa,AZ,11/1/2025,,active
STRM-104437,Martha,Howard,Denver,CO,3/29/2025,,active
STRM-104438,Heather,Peterson,Arlington,TX,9/21/2025,12/31/2025,in-active
STRM-104439,Billy,Alexander,Colorado Springs,CO,7/9/2025,,active
STRM-104440,Teresa,Patel,Wichita,KS,9/9/2025,,active
STRM-104441,Arthur,Hughes,New Orleans,LA,9/24/2025,,active
STRM-104442,Roger,Lewis,Colorado Springs,CO,1/27/2025,,active
STRM-104443,Charles,Vasquez,Arlington,TX,10/26/2025,,active
STRM-104444,Frances,Jackson,Dallas,TX,6/3/2025,,active
STRM-104445,Edward,Jordan,Philadelphia,PA,8/25/2025,,active
STRM-104446,Gregory,Kim,San Francisco,CA,6/18/2025,12/31/2025,in-active
STRM-104447,Timothy,Henderson,Tucson,AZ,3/23/2025,,active
STRM-104448,Tyler,Clark,Philadelphia,PA,4/4/2025,12/31/2025,in-active
STRM-104449,Linda,Turner,Sacramento,CA,9/15/2025,,active
STRM-104450,Olivia,Robinson,Wichita,KS,2/11/2025,,active
STRM-104451,Bryan,Cole,Mesa,AZ,2/10/2025,,active
STRM-104452,Alexander,Williams,Los Angeles,CA,11/13/2025,,active
STRM-104453,Arthur,Nelson,San Antonio,TX,8/16/2025,,active
STRM-104454,Richard,Patel,Nashville,TN,3/17/2025,,active
STRM-104455,Nathan,Henderson,Colorado Springs,CO,4/17/2025,,active
STRM-104456,Ruth,Thompson,Miami,FL,12/3/2025,,active
STRM-104457,Andrea,Garcia,New Orleans,LA,8/26/2025,9/22/2025,in-active
STRM-104458,Doris,Brooks,Fort Worth,TX,3/6/2025,,active
STRM-104459,Jennifer,Young,San Diego,CA,10/22/2025,,active
STRM-104460,Janice,Lee,New York,NY,5/8/2025,12/31/2025,in-active
STRM-104461,Paul,Griffin,Washington,DC,3/10/2025,,active
STRM-104462,Benjamin,Hughes,San Diego,CA,5/5/2025,7/2/2025,in-active
STRM-104463,Arthur,Thomas,Minneapolis,MN,9/29/2025,,active
STRM-104464,Gerald,Sanchez,Fresno,CA,3/4/2025,,active
STRM-104465,Christine,Thomas,Dallas,TX,6/3/2025,,active
STRM-104466,Kyle,Evans,Las Vegas,NV,2/5/2025,12/31/2025,in-active
STRM-104467,Jacqueline,Bryant,Columbus,OH,7/14/2025,12/19/2025,in-active
STRM-104468,Douglas,Lee,Columbus,OH,12/20/2025,,active
STRM-104469,Alice,Perry,Kansas City,MO,5/6/2025,,active
STRM-104470,Kathleen,Thomas,Tulsa,OK,1/4/2025,,active
STRM-104471,Gloria,Chavez,New Orleans,LA,8/9/2025,,active
STRM-104472,Bruce,Howard,Baltimore,MD,12/7/2025,,active
STRM-104473,Logan,Bennett,Portland,OR,7/12/2025,,active
STRM-104474,Noah,Mitchell,El Paso,TX,6/27/2025,11/7/2025,in-active
STRM-104475,Betty,Ross,Denver,CO,5/7/2025,,active
STRM-104476,Marilyn,Hernandez,Virginia Beach,VA,3/10/2025,11/25/2025,in-active
STRM-104477,Ethan,West,Jacksonville,FL,8/22/2025,,active
STRM-104478,Joshua,Butler,Wichita,KS,11/29/2025,,active
STRM-104479,Mary,Mendoza,Charlotte,NC,6/1/2025,,active
STRM-104480,Nancy,Long,Bakersfield,CA,5/11/2025,,active
STRM-104481,Juan,Bell,Phoenix,AZ,1/18/2025,12/31/2025,in-active
STRM-104482,Kyle,Chavez,Miami,FL,4/15/2025,,active
STRM-104483,Bruce,Kim,Memphis,TN,5/16/2025,,active
STRM-104484,Ruth,Young,Chicago,IL,4/7/2025,,active
STRM-104485,Gloria,Smith,Dallas,TX,9/9/2025,10/2/2025,in-active
STRM-104486,Angela,Torres,Tucson,AZ,8/3/2025,,active
STRM-104487,Steven,Clark,San Francisco,CA,11/21/2025,,active
STRM-104488,Helen,Patterson,San Diego,CA,9/28/2025,12/31/2025,in-active
STRM-104489,Jean,Brooks,Cleveland,OH,4/19/2025,12/31/2025,in-active
STRM-104490,Julie,Lopez,Memphis,TN,9/11/2025,,active
STRM-104491,Albert,Smith,Kansas City,MO,3/30/2025,,active
STRM-104492,Frances,Bailey,Raleigh,NC,9/18/2025,,active
STRM-104493,Helen,Brooks,New Orleans,LA,6/29/2025,,active
STRM-104494,Jacob,James,Mesa,AZ,8/21/2025,,active
STRM-104495,Megan,Young,Milwaukee,WI,5/17/2025,6/22/2025,in-active
STRM-104496,Gabriel,Henderson,Bakersfield,CA,10/11/2025,12/31/2025,in-active
STRM-104497,Margaret,Foster,Seattle,WA,1/18/2025,,active
STRM-104498,Rebecca,Taylor,Fresno,CA,9/10/2025,,active
STRM-104499,Ethan,Simmons,Long Beach,CA,7/3/2025,12/31/2025,in-active
STRM-104500,Cynthia,Diaz,Las Vegas,NV,5/26/2025,12/31/2025,in-active
STRM-104501,Patricia,Cook,San Antonio,TX,4/30/2025,,active
STRM-104502,Jordan,Brown,Raleigh,NC,2/27/2025,12/31/2025,in-active
STRM-104503,Deborah,Butler,Los Angeles,CA,4/6/2025,,active
STRM-104504,Diane,Wright,El Paso,TX,5/16/2025,7/10/2025,in-active
STRM-104505,Angela,Moore,Long Beach,CA,3/29/2025,12/7/2025,in-active
STRM-104506,Nancy,Rodriguez,Tampa,FL,12/1/2025,,active
STRM-104507,Kyle,Wright,New York,NY,5/18/2025,8/8/2025,in-active
STRM-104508,Jennifer,Anderson,Tulsa,OK,12/20/2025,,active
STRM-104509,Jean,Cooper,San Antonio,TX,10/17/2025,,active
STRM-104510,Helen,Myers,Wichita,KS,5/3/2025,12/31/2025,in-active
STRM-104511,Karen,Thomas,Raleigh,NC,9/5/2025,,active
STRM-104512,Samantha,Sanchez,Miami,FL,3/15/2025,,active
STRM-104513,Stephen,Graham,Los Angeles,CA,10/28/2025,12/31/2025,in-active
STRM-104514,Evelyn,Hill,Arlington,TX,7/19/2025,12/31/2025,in-active
STRM-104515,Jose,Evans,Jacksonville,FL,4/1/2025,,active
STRM-104516,Jeremy,Kim,Cleveland,OH,3/15/2025,,active
STRM-104517,Patricia,Ortiz,Minneapolis,MN,11/27/2025,,active
STRM-104518,Brian,Butler,San Antonio,TX,2/25/2025,,active
STRM-104519,Abigail,Wilson,Chicago,IL,4/9/2025,,active
STRM-104520,Terry,Gonzales,San Antonio,TX,12/19/2025,,active
STRM-104521,Richard,Griffin,New York,NY,3/18/2025,,active
STRM-104522,Zachary,Baker,Houston,TX,3/19/2025,5/5/2025,in-active
STRM-104523,Jesse,Bennett,Wichita,KS,5/2/2025,,active
STRM-104524,Adam,Wright,Phoenix,AZ,10/20/2025,,active
STRM-104525,Jose,Davis,New York,NY,6/23/2025,,active
STRM-104526,Jordan,Watson,Los Angeles,CA,1/31/2025,,active
STRM-104527,Gary,Wright,Oklahoma City,OK,10/16/2025,11/26/2025,in-active
STRM-104528,Kyle,Parker,Raleigh,NC,8/25/2025,,active
STRM-104529,William,Jordan,Austin,TX,3/24/2025,,active
STRM-104530,Timothy,Ross,Kansas City,MO,1/22/2025,12/31/2025,in-active
STRM-104531,Karen,Jimenez,Tucson,AZ,3/14/2025,,active
STRM-104532,Michael,Cook,Nashville,TN,12/30/2025,12/31/2025,in-active
STRM-104533,Donald,Hayes,San Diego,CA,10/19/2025,,active
STRM-104534,Sarah,Griffin,New York,NY,8/21/2025,,active
STRM-104535,Gary,Sullivan,Houston,TX,3/16/2025,12/31/2025,in-active
STRM-104536,Pamela,King,Jacksonville,FL,7/4/2025,,active
STRM-104537,Grace,Jenkins,New York,NY,3/15/2025,,active
STRM-104538,Jason,Cooper,New Orleans,LA,2/12/2025,,active
STRM-104539,Willie,Jones,Colorado Springs,CO,5/20/2025,,active
STRM-104540,Zachary,Griffin,Jacksonville,FL,7/12/2025,,active
STRM-104541,Rebecca,Campbell,Memphis,TN,11/25/2025,,active
STRM-104542,Benjamin,Harris,Indianapolis,IN,3/8/2025,,active
STRM-104543,Christopher,Graham,Omaha,NE,6/3/2025,7/12/2025,in-active
STRM-104544,Marilyn,Wright,Seattle,WA,6/26/2025,12/31/2025,in-active
STRM-104545,Janice,Hughes,San Diego,CA,7/15/2025,,active
STRM-104546,Margaret,Ramirez,Kansas City,MO,12/8/2025,,active
STRM-104547,Frances,White,Austin,TX,8/9/2025,,active
STRM-104548,Virginia,Kelly,Tampa,FL,11/7/2025,12/31/2025,in-active
STRM-104549,Shirley,Wallace,Atlanta,GA,8/8/2025,12/31/2025,in-active
STRM-104550,Alan,Butler,Dallas,TX,4/20/2025,,active
STRM-104551,Jessica,Williams,Fresno,CA,9/27/2025,,active
STRM-104552,Peter,Gutierrez,Los Angeles,CA,9/19/2025,12/31/2025,in-active
STRM-104553,Albert,Thompson,Kansas City,MO,2/26/2025,,active
STRM-104554,Megan,Howard,Raleigh,NC,10/18/2025,,active
STRM-104555,Olivia,Kim,Chicago,IL,1/26/2025,,active
STRM-104556,Jacqueline,Phillips,Las Vegas,NV,11/8/2025,12/31/2025,in-active
STRM-104557,Paul,Gomez,Cleveland,OH,6/16/2025,12/31/2025,in-active
STRM-104558,Harold,Morgan,Fresno,CA,8/12/2025,,active
STRM-104559,David,Green,San Diego,CA,4/25/2025,,active
STRM-104560,Jacqueline,Bell,Nashville,TN,5/21/2025,,active
STRM-104561,Donna,Williams,Austin,TX,2/3/2025,9/10/2025,in-active
STRM-104562,Megan,Nguyen,New York,NY,7/3/2025,7/19/2025,in-active
STRM-104563,Rebecca,Parker,New York,NY,2/1/2025,,active
STRM-104564,Sean,Long,Charlotte,NC,5/30/2025,12/31/2025,in-active
STRM-104565,Peter,Morris,Colorado Springs,CO,2/26/2025,,active
STRM-104566,James,White,San Diego,CA,5/10/2025,,active
STRM-104567,James,Garcia,Colorado Springs,CO,2/17/2025,,active
STRM-104568,Joe,Hill,Charlotte,NC,3/13/2025,,active
STRM-104569,Stephanie,Patterson,Arlington,TX,10/25/2025,,active
STRM-104570,Sara,Alexander,Arlington,TX,11/13/2025,,active
STRM-104571,John,Gray,Washington,DC,10/6/2025,12/31/2025,in-active
STRM-104572,Sean,Henderson,Albuquerque,NM,5/13/2025,,active
STRM-104573,David,Gonzalez,Los Angeles,CA,11/2/2025,12/31/2025,in-active
STRM-104574,Hannah,Peterson,Oakland,CA,4/23/2025,,active
STRM-104575,Mark,Harris,Tampa,FL,5/6/2025,8/13/2025,in-active
STRM-104576,Matthew,Perez,Nashville,TN,2/17/2025,,active
STRM-104577,Austin,Patel,Minneapolis,MN,5/13/2025,,active
STRM-104578,Andrew,Richardson,San Jose,CA,1/10/2025,,active
STRM-104579,Eric,Brown,Phoenix,AZ,7/5/2025,,active
STRM-104580,Kathleen,Bailey,Memphis,TN,7/30/2025,,active
STRM-104581,Samuel,Long,Kansas City,MO,11/7/2025,,active
STRM-104582,Larry,Cooper,Las Vegas,NV,8/10/2025,,active
STRM-104583,Susan,Harris,Houston,TX,10/9/2025,,active
STRM-104584,Gabriel,Jones,Bakersfield,CA,3/13/2025,,active
STRM-104585,Harold,White,Minneapolis,MN,9/17/2025,,active
STRM-104586,Emily,Cruz,Fresno,CA,8/17/2025,,active
STRM-104587,Brenda,Smith,San Jose,CA,7/20/2025,,active
STRM-104588,Jacqueline,Ruiz,Fresno,CA,2/5/2025,,active
STRM-104589,Christine,Wright,Milwaukee,WI,4/27/2025,12/31/2025,in-active
STRM-104590,Judy,Roberts,Memphis,TN,6/9/2025,,active
STRM-104591,Jeffrey,Ruiz,Milwaukee,WI,1/9/2025,,active
STRM-104592,Daniel,Green,Raleigh,NC,2/18/2025,12/31/2025,in-active
STRM-104593,Emily,James,San Antonio,TX,10/9/2025,,active
STRM-104594,Joyce,Moore,Miami,FL,4/1/2025,12/31/2025,in-active
STRM-104595,Frank,Jones,Denver,CO,12/7/2025,12/31/2025,in-active
STRM-104596,Sandra,Rodriguez,Houston,TX,8/26/2025,,active
STRM-104597,Jeffrey,Anderson,San Francisco,CA,8/7/2025,,active
STRM-104598,Susan,Perez,Dallas,TX,10/15/2025,,active
STRM-104599,Andrew,Alexander,Philadelphia,PA,1/16/2025,,active
STRM-104600,Brian,Phillips,Dallas,TX,10/18/2025,12/31/2025,in-active
STRM-104601,Victoria,Moore,El Paso,TX,2/15/2025,,active
STRM-104602,Denise,Ortiz,Mesa,AZ,7/11/2025,,active
STRM-104603,Victoria,Fisher,New Orleans,LA,6/16/2025,,active
STRM-104604,Eric,Richardson,Portland,OR,1/24/2025,12/17/2025,in-active
STRM-104605,Denise,Rivera,San Jose,CA,8/14/2025,,active
STRM-104606,Jeffrey,Kim,Portland,OR,1/13/2025,,active
STRM-104607,Daniel,Bennett,Charlotte,NC,1/4/2025,,active
STRM-104608,Joe,Evans,Tampa,FL,6/8/2025,,active
STRM-104609,Kenneth,Gutierrez,Charlotte,NC,6/29/2025,,active
STRM-104610,Joyce,Perez,Tucson,AZ,7/29/2025,,active
STRM-104611,Carol,Brooks,New Orleans,LA,2/21/2025,7/15/2025,in-active
STRM-104612,Lauren,Campbell,Las Vegas,NV,8/20/2025,12/31/2025,in-active
STRM-104613,Tyler,Butler,Tulsa,OK,7/18/2025,12/31/2025,in-active
STRM-104614,Aaron,Flores,Dallas,TX,5/22/2025,12/31/2025,in-active
STRM-104615,Kelly,Sullivan,Mesa,AZ,8/15/2025,,active
STRM-104616,Helen,Ramos,Albuquerque,NM,8/28/2025,12/31/2025,in-active
STRM-104617,Joshua,Thomas,Miami,FL,4/17/2025,,active
STRM-104618,Elizabeth,Bell,San Antonio,TX,9/19/2025,,active
STRM-104619,Carl,Moreno,Washington,DC,3/16/2025,,active
STRM-104620,Benjamin,Cooper,Bakersfield,CA,4/18/2025,,active
STRM-104621,Brandon,Butler,Arlington,TX,7/13/2025,,active
STRM-104622,Donald,Hill,Philadelphia,PA,6/22/2025,12/31/2025,in-active
STRM-104623,Nicholas,Alvarez,Austin,TX,7/2/2025,,active
STRM-104624,Brian,Jones,Las Vegas,NV,12/4/2025,,active
STRM-104625,Larry,Thompson,Wichita,KS,3/5/2025,,active
STRM-104626,Bryan,Hayes,Wichita,KS,4/11/2025,,active
STRM-104627,Christopher,Nguyen,Milwaukee,WI,5/8/2025,,active
STRM-104628,Doris,Barnes,Indianapolis,IN,6/7/2025,,active
STRM-104629,Marilyn,Kelly,Fresno,CA,9/15/2025,12/5/2025,in-active
STRM-104630,Jacqueline,Peterson,Colorado Springs,CO,8/3/2025,,active
STRM-104631,Virginia,Russell,San Francisco,CA,1/10/2025,,active
STRM-104632,Betty,Sanchez,Chicago,IL,4/4/2025,,active
STRM-104633,Jack,Richardson,Fort Worth,TX,12/3/2025,12/31/2025,in-active
STRM-104634,Melissa,Murphy,Los Angeles,CA,3/2/2025,,active
STRM-104635,Susan,Richardson,Raleigh,NC,9/28/2025,,active
STRM-104636,Kathleen,Bryant,San Jose,CA,2/21/2025,,active
STRM-104637,Gabriel,Foster,Houston,TX,1/30/2025,,active
STRM-104638,Jessica,Phillips,San Antonio,TX,11/1/2025,,active
STRM-104639,Jean,Gonzalez,Philadelphia,PA,2/15/2025,4/4/2025,in-active
STRM-104640,Patricia,Turner,Washington,DC,9/1/2025,12/31/2025,in-active
STRM-104641,Margaret,Bryant,Arlington,TX,2/20/2025,,active
STRM-104642,Joan,Coleman,Chicago,IL,2/23/2025,12/31/2025,in-active
STRM-104643,Michelle,Price,Oakland,CA,11/12/2025,12/31/2025,in-active
STRM-104644,Andrea,Gutierrez,San Antonio,TX,10/25/2025,,active
STRM-104645,Bruce,Graham,Sacramento,CA,6/18/2025,7/12/2025,in-active
STRM-104646,Joe,Walker,Phoenix,AZ,4/16/2025,12/31/2025,in-active
STRM-104647,Laura,Gray,Sacramento,CA,3/26/2025,,active
STRM-104648,Jennifer,Reynolds,Austin,TX,10/13/2025,,active
STRM-104649,Kelly,Smith,Albuquerque,NM,3/12/2025,12/31/2025,in-active
STRM-104650,Joseph,Collins,Milwaukee,WI,2/27/2025,6/30/2025,in-active
STRM-104651,Victoria,Davis,Atlanta,GA,12/20/2025,,active
STRM-104652,Doris,Reynolds,San Jose,CA,3/8/2025,12/31/2025,in-active
STRM-104653,Jesse,Foster,San Francisco,CA,9/4/2025,,active
STRM-104654,Mark,Gomez,Tucson,AZ,6/23/2025,8/18/2025,in-active
STRM-104655,Zachary,Butler,Atlanta,GA,2/24/2025,3/18/2025,in-active
STRM-104656,George,Kelly,Atlanta,GA,1/8/2025,,active
STRM-104657,Sean,Sanders,Cleveland,OH,6/30/2025,,active
STRM-104658,Christian,Rodriguez,New York,NY,3/28/2025,,active
STRM-104659,Doris,Ramos,Fort Worth,TX,3/11/2025,,active
STRM-104660,Diane,Mitchell,Austin,TX,3/4/2025,,active
STRM-104661,Elizabeth,Foster,Omaha,NE,12/9/2025,12/31/2025,in-active
STRM-104662,Patrick,Patterson,San Francisco,CA,7/23/2025,,active
STRM-104663,Jennifer,Jimenez,Bakersfield,CA,8/15/2025,,active
STRM-104664,Carolyn,Taylor,Detroit,MI,11/14/2025,,active
STRM-104665,Gary,Sanders,Minneapolis,MN,3/14/2025,,active
STRM-104666,Joseph,Robinson,Memphis,TN,6/2/2025,12/31/2025,in-active
STRM-104667,Charles,Johnson,Albuquerque,NM,1/5/2025,,active
STRM-104668,Janet,Lopez,Long Beach,CA,9/25/2025,12/31/2025,in-active
STRM-104669,Larry,Diaz,Minneapolis,MN,12/22/2025,,active
STRM-104670,Frances,Cruz,Kansas City,MO,3/12/2025,,active
STRM-104671,Justin,Taylor,Indianapolis,IN,1/13/2025,,active
STRM-104672,Margaret,Henderson,Omaha,NE,2/8/2025,12/31/2025,in-active
STRM-104673,Ryan,Lopez,San Jose,CA,2/21/2025,,active
STRM-104674,Charles,Long,Albuquerque,NM,7/6/2025,12/31/2025,in-active
STRM-104675,Heather,Howard,Las Vegas,NV,5/6/2025,,active
STRM-104676,Doris,James,Indianapolis,IN,6/8/2025,,active
STRM-104677,Lisa,Smith,Nashville,TN,1/9/2025,11/2/2025,in-active
STRM-104678,Cheryl,Butler,San Francisco,CA,3/21/2025,,active
STRM-104679,Janice,Henderson,San Diego,CA,6/13/2025,,active
STRM-104680,Ann,Gray,Nashville,TN,2/26/2025,,active
STRM-104681,Karen,Romero,Tucson,AZ,6/18/2025,11/17/2025,in-active
STRM-104682,Cynthia,Myers,New Orleans,LA,10/16/2025,,active
STRM-104683,Betty,Mendoza,Boston,MA,5/13/2025,,active
STRM-104684,Judy,Lopez,New Orleans,LA,12/10/2025,12/31/2025,in-active
STRM-104685,Carol,Collins,Tampa,FL,7/16/2025,,active
STRM-104686,Pamela,Howard,Detroit,MI,7/9/2025,12/31/2025,in-active
STRM-104687,Kyle,Graham,San Jose,CA,1/19/2025,,active
STRM-104688,Kelly,Clark,Los Angeles,CA,8/24/2025,,active
STRM-104689,Christian,Hamilton,San Diego,CA,7/5/2025,,active
STRM-104690,Angela,Moreno,Mesa,AZ,11/25/2025,12/31/2025,in-active
STRM-104691,Willie,Thomas,Columbus,OH,2/20/2025,,active
STRM-104692,Brandon,Collins,Sacramento,CA,1/9/2025,12/31/2025,in-active
STRM-104693,Pamela,Jackson,Washington,DC,9/15/2025,12/31/2025,in-active
STRM-104694,Doris,Campbell,Portland,OR,1/26/2025,,active
STRM-104695,Brian,Bennett,San Francisco,CA,7/21/2025,,active
STRM-104696,Virginia,Nguyen,Baltimore,MD,4/6/2025,,active
STRM-104697,Scott,Lopez,Baltimore,MD,8/2/2025,,active
STRM-104698,Steven,Williams,Baltimore,MD,12/1/2025,12/31/2025,in-active
STRM-104699,Timothy,Torres,Albuquerque,NM,2/4/2025,9/18/2025,in-active
STRM-104700,Alexander,Turner,Tampa,FL,10/8/2025,12/31/2025,in-active
STRM-104701,Evelyn,Coleman,Minneapolis,MN,3/12/2025,,active
STRM-104702,Paul,Parker,Sacramento,CA,8/9/2025,12/31/2025,in-active
STRM-104703,Madison,Wilson,Memphis,TN,12/10/2025,,active
STRM-104704,Angela,Powell,Colorado Springs,CO,12/14/2025,,active
STRM-104705,Joseph,Bennett,Wichita,KS,7/9/2025,12/31/2025,in-active
STRM-104706,Mary,Ruiz,Cleveland,OH,1/14/2025,,active
STRM-104707,Jordan,Nguyen,Albuquerque,NM,4/13/2025,,active
STRM-104708,Nancy,Wood,Omaha,NE,8/19/2025,,active
STRM-104709,Shirley,Williams,Nashville,TN,4/9/2025,,active
STRM-104710,Samuel,Bell,Baltimore,MD,1/30/2025,12/31/2025,in-active
STRM-104711,Jesse,Hamilton,Tucson,AZ,12/30/2025,,active
STRM-104712,Shirley,Green,Detroit,MI,2/9/2025,,active
STRM-104713,Linda,Morris,Cleveland,OH,9/27/2025,,active
STRM-104714,George,Wallace,Columbus,OH,7/26/2025,12/21/2025,in-active
STRM-104715,Peter,Evans,Jacksonville,FL,1/31/2025,,active
STRM-104716,Brian,Nguyen,Albuquerque,NM,2/22/2025,,active
STRM-104717,Karen,Hamilton,Boston,MA,11/30/2025,12/31/2025,in-active
STRM-104718,Madison,Walker,Tucson,AZ,2/24/2025,,active
STRM-104719,Joseph,Ramos,Austin,TX,11/12/2025,12/31/2025,in-active
STRM-104720,Sandra,Kelly,Seattle,WA,10/10/2025,,active
STRM-104721,Ann,Reyes,Chicago,IL,7/11/2025,,active
STRM-104722,Anthony,Henderson,Colorado Springs,CO,1/5/2025,,active
STRM-104723,Dorothy,Mitchell,Los Angeles,CA,4/3/2025,12/31/2025,in-active
STRM-104724,Sean,Brown,San Antonio,TX,5/17/2025,,active
STRM-104725,Diane,Morgan,Tucson,AZ,2/9/2025,,active
STRM-104726,Gloria,Miller,Phoenix,AZ,8/19/2025,,active
STRM-104727,Robert,Parker,Bakersfield,CA,2/11/2025,,active
STRM-104728,Deborah,Romero,Wichita,KS,1/21/2025,12/31/2025,in-active
STRM-104729,John,Rodriguez,Denver,CO,10/26/2025,,active
STRM-104730,Melissa,Bell,Milwaukee,WI,4/4/2025,,active
STRM-104731,Anna,Long,Kansas City,MO,4/25/2025,12/31/2025,in-active
STRM-104732,Joshua,Bailey,Cleveland,OH,8/16/2025,,active
STRM-104733,Kathleen,Johnson,Mesa,AZ,4/24/2025,6/11/2025,in-active
STRM-104734,Diane,Wood,San Francisco,CA,2/1/2025,,active
STRM-104735,Catherine,Wood,San Antonio,TX,12/24/2025,,active
STRM-104736,Jordan,Edwards,Dallas,TX,8/25/2025,,active
STRM-104737,Jeremy,Campbell,Mesa,AZ,2/14/2025,,active
STRM-104738,Arthur,Walker,Portland,OR,4/24/2025,,active
STRM-104739,Richard,Kim,Wichita,KS,10/16/2025,12/30/2025,in-active
STRM-104740,Paul,Gonzales,Tulsa,OK,8/3/2025,,active
STRM-104741,Grace,James,Austin,TX,8/21/2025,12/31/2025,in-active
STRM-104742,Gabriel,Cox,El Paso,TX,4/16/2025,,active
STRM-104743,Angela,Myers,Los Angeles,CA,8/20/2025,12/31/2025,in-active
STRM-104744,Gloria,Fisher,Washington,DC,1/2/2025,,active
STRM-104745,Jeremy,Sanders,New Orleans,LA,7/31/2025,9/6/2025,in-active
STRM-104746,Amanda,Lopez,Mesa,AZ,1/6/2025,,active
STRM-104747,Anthony,Baker,Omaha,NE,1/24/2025,,active
STRM-104748,Karen,Myers,Wichita,KS,6/3/2025,12/31/2025,in-active
STRM-104749,Billy,Rodriguez,Seattle,WA,5/13/2025,,active
STRM-104750,William,Edwards,Jacksonville,FL,3/22/2025,,active
STRM-104751,Deborah,Murphy,Columbus,OH,3/30/2025,,active
STRM-104752,Kevin,Morales,El Paso,TX,2/4/2025,,active
STRM-104753,Ruth,James,El Paso,TX,1/31/2025,,active
STRM-104754,Laura,Gray,Denver,CO,6/18/2025,12/31/2025,in-active
STRM-104755,William,Edwards,Las Vegas,NV,10/25/2025,,active
STRM-104756,Ann,Reed,Minneapolis,MN,4/17/2025,,active
STRM-104757,Gary,Roberts,Austin,TX,5/31/2025,12/31/2025,in-active
STRM-104758,Carol,Barnes,Dallas,TX,1/4/2025,2/15/2025,in-active
STRM-104759,Frank,Reyes,San Diego,CA,3/6/2025,12/21/2025,in-active
STRM-104760,Helen,White,Austin,TX,10/24/2025,,active
STRM-104761,Debra,Powell,Nashville,TN,11/10/2025,,active
STRM-104762,Steven,Anderson,San Diego,CA,3/15/2025,,active
STRM-104763,Cheryl,Perry,Fort Worth,TX,2/8/2025,,active
STRM-104764,Samantha,Myers,Seattle,WA,3/23/2025,,active
STRM-104765,Patricia,Foster,Jacksonville,FL,11/1/2025,12/31/2025,in-active
STRM-104766,Gabriel,White,Kansas City,MO,4/15/2025,12/31/2025,in-active
STRM-104767,Abigail,Sanchez,Colorado Springs,CO,3/9/2025,,active
STRM-104768,Zachary,Martin,Minneapolis,MN,4/28/2025,,active
STRM-104769,Ruth,Reyes,Tampa,FL,7/25/2025,,active
STRM-104770,Nathan,Peterson,Albuquerque,NM,6/13/2025,,active
STRM-104771,Keith,Perry,San Francisco,CA,7/16/2025,,active
STRM-104772,Andrew,Miller,Raleigh,NC,8/6/2025,,active
STRM-104773,Ryan,Miller,New York,NY,10/20/2025,,active
STRM-104774,Albert,Morgan,Nashville,TN,3/12/2025,,active
STRM-104775,Edward,Nelson,Tulsa,OK,2/24/2025,,active
STRM-104776,Ryan,James,El Paso,TX,1/6/2025,,active
STRM-104777,Helen,Turner,Tampa,FL,3/13/2025,,active
STRM-104778,Judy,Clark,Washington,DC,5/2/2025,,active
STRM-104779,Richard,Simmons,Tucson,AZ,10/30/2025,,active
STRM-104780,Emily,Gutierrez,Milwaukee,WI,11/6/2025,12/31/2025,in-active
STRM-104781,Nicholas,King,San Jose,CA,2/17/2025,,active
STRM-104782,Jacob,Rogers,Miami,FL,12/12/2025,,active
STRM-104783,Harold,Lewis,Colorado Springs,CO,4/3/2025,4/25/2025,in-active
STRM-104784,Nicole,Moreno,Tucson,AZ,1/22/2025,,active
STRM-104785,Bruce,Ross,Kansas City,MO,4/12/2025,12/23/2025,in-active
STRM-104786,Amanda,Gonzales,El Paso,TX,2/18/2025,,active
STRM-104787,Billy,Anderson,Austin,TX,6/24/2025,,active
STRM-104788,Harold,Howard,Detroit,MI,5/21/2025,,active
STRM-104789,Martha,Bennett,Miami,FL,9/15/2025,12/31/2025,in-active
STRM-104790,Terry,Roberts,Arlington,TX,10/5/2025,,active
STRM-104791,Samuel,Fisher,Tulsa,OK,9/2/2025,,active
STRM-104792,Brian,Jones,Arlington,TX,9/18/2025,,active
STRM-104793,Judith,Allen,Virginia Beach,VA,10/27/2025,12/31/2025,in-active
STRM-104794,Brandon,Parker,Wichita,KS,11/23/2025,12/31/2025,in-active
STRM-104795,Christopher,Powell,Austin,TX,10/12/2025,,active
STRM-104796,George,Hughes,New York,NY,2/24/2025,,active
STRM-104797,Patrick,Russell,Austin,TX,6/3/2025,,active
STRM-104798,Ann,Bell,Fort Worth,TX,10/29/2025,12/31/2025,in-active
STRM-104799,Grace,Brown,Philadelphia,PA,3/28/2025,12/19/2025,in-active
STRM-104800,Stephen,Thompson,Denver,CO,10/19/2025,,active
STRM-104801,Jesse,Williams,Cleveland,OH,1/7/2025,,active
STRM-104802,Denise,Coleman,Las Vegas,NV,3/29/2025,12/31/2025,in-active
STRM-104803,David,Wright,Memphis,TN,7/24/2025,,active
STRM-104804,Rachel,Wilson,Colorado Springs,CO,7/4/2025,,active
STRM-104805,Melissa,Moore,Albuquerque,NM,5/26/2025,,active
STRM-104806,Robert,Reyes,Raleigh,NC,2/8/2025,,active
STRM-104807,Nancy,Cruz,Charlotte,NC,7/9/2025,12/31/2025,in-active
STRM-104808,Billy,Rivera,Dallas,TX,3/24/2025,,active
STRM-104809,Kyle,White,Philadelphia,PA,10/31/2025,,active
STRM-104810,Mary,Lopez,Memphis,TN,1/11/2025,6/22/2025,in-active
STRM-104811,Kyle,West,Virginia Beach,VA,1/20/2025,,active
STRM-104812,Anna,Perry,San Diego,CA,12/17/2025,12/31/2025,in-active
STRM-104813,Evelyn,Fisher,Dallas,TX,7/20/2025,,active
STRM-104814,Terry,Price,New York,NY,1/8/2025,,active
STRM-104815,Ryan,Hamilton,Jacksonville,FL,4/13/2025,,active
STRM-104816,Lisa,Simmons,Detroit,MI,12/4/2025,,active
STRM-104817,Laura,Lewis,Columbus,OH,4/12/2025,8/22/2025,in-active
STRM-104818,Patricia,Gutierrez,Denver,CO,12/31/2025,,active
STRM-104819,Olivia,Kim,Dallas,TX,4/13/2025,,active
STRM-104820,Heather,Hughes,Seattle,WA,5/28/2025,,active
STRM-104821,Ronald,Alexander,Jacksonville,FL,8/26/2025,,active
STRM-104822,Heather,Castillo,Albuquerque,NM,8/4/2025,9/20/2025,in-active
STRM-104823,Nathan,Turner,Cleveland,OH,5/9/2025,,active
STRM-104824,George,Lopez,Seattle,WA,8/8/2025,12/31/2025,in-active
STRM-104825,Christine,Mendoza,San Antonio,TX,9/19/2025,,active
STRM-104826,Jennifer,Thompson,Tucson,AZ,11/14/2025,,active
STRM-104827,Edward,Hall,Washington,DC,24-12-2025,,active
STRM-104828,Amanda,Kelly,Atlanta,GA,4/23/2025,,active
STRM-104829,Jonathan,Morgan,Phoenix,AZ,9/12/2025,,active
STRM-104830,Jonathan,Ruiz,Detroit,MI,6/21/2025,12/31/2025,in-active
STRM-104831,Heather,Rogers,Baltimore,MD,10/19/2025,11/14/2025,in-active
STRM-104832,Kevin,Alvarez,Denver,CO,10/2/2025,,active
STRM-104833,Laura,Long,New Orleans,LA,3/12/2025,,active
STRM-104834,Kathryn,Hernandez,Seattle,WA,12/19/2025,,active
STRM-104835,Ronald,Fisher,Tampa,FL,12/28/2025,,active
STRM-104836,Denise,Brown,New York,NY,11/1/2025,,active
STRM-104837,Christian,Gray,Miami,FL,6/10/2025,,active
STRM-104838,Jonathan,Hall,Philadelphia,PA,7/20/2025,12/31/2025,in-active
STRM-104839,Samuel,Jones,Bakersfield,CA,1/17/2025,,active
STRM-104840,Jeffrey,Wallace,Mesa,AZ,2/9/2025,,active
STRM-104841,Victoria,Gonzalez,Washington,DC,9/8/2025,12/31/2025,in-active
STRM-104842,Julie,Harris,Denver,CO,4/24/2025,,active
STRM-104843,Martha,Ortiz,Seattle,WA,4/19/2025,,active
STRM-104844,Diane,Long,Philadelphia,PA,10/5/2025,12/31/2025,in-active
STRM-104845,Catherine,Coleman,San Francisco,CA,8/1/2025,12/28/2025,in-active
STRM-104846,Marilyn,Jimenez,New Orleans,LA,4/30/2025,,active
STRM-104847,Sarah,Patel,Virginia Beach,VA,6/2/2025,9/14/2025,in-active
STRM-104848,Roger,Myers,Sacramento,CA,11/8/2025,,active
STRM-104849,Jessica,Hill,Baltimore,MD,9/1/2025,12/31/2025,in-active
STRM-104850,Sara,Lewis,New York,NY,9/22/2025,,active
STRM-104851,David,Patterson,Long Beach,CA,10/15/2025,,active
STRM-104852,Justin,Stewart,Boston,MA,7/30/2025,12/31/2025,in-active
STRM-104853,William,Gray,Chicago,IL,4/27/2025,,active
STRM-104854,Kelly,Morgan,Detroit,MI,10/31/2025,,active
STRM-104855,Jason,Miller,Las Vegas,NV,9/5/2025,,active
STRM-104856,Willie,Diaz,Los Angeles,CA,7/27/2025,,active
STRM-104857,Mark,Wright,Jacksonville,FL,4/4/2025,,active
STRM-104858,Evelyn,Bailey,Wichita,KS,2/11/2025,,active
STRM-104859,Hannah,Jordan,Fresno,CA,11/28/2025,,active
STRM-104860,Gregory,Parker,Fresno,CA,6/18/2025,,active
STRM-104861,Barbara,Jimenez,Albuquerque,NM,4/16/2025,,active
STRM-104862,Timothy,Cox,Oakland,CA,3/28/2025,,active
STRM-104863,Billy,Moreno,Las Vegas,NV,1/13/2025,12/16/2025,in-active
STRM-104864,Judy,Chavez,Los Angeles,CA,12/10/2025,,active
STRM-104865,Arthur,Scott,Dallas,TX,3/2/2025,,active
STRM-104866,Jessica,Ortiz,Long Beach,CA,10/15/2025,,active
STRM-104867,Karen,Perry,Oakland,CA,8/15/2025,,active
STRM-104868,Tyler,Evans,Jacksonville,FL,2/1/2025,12/31/2025,in-active
STRM-104869,Carol,Brown,Albuquerque,NM,4/9/2025,12/31/2025,in-active
STRM-104870,Lawrence,Rivera,Wichita,KS,9/18/2025,12/24/2025,in-active
STRM-104871,Alan,Green,Tucson,AZ,3/3/2025,,active
STRM-104872,Joyce,Chavez,Wichita,KS,4/15/2025,12/24/2025,in-active
STRM-104873,Kyle,White,Milwaukee,WI,1/4/2025,,active
STRM-104874,Brandon,Ortiz,Austin,TX,7/27/2025,,active
STRM-104875,Joshua,Davis,Columbus,OH,12/23/2025,,active
STRM-104876,Danielle,Stewart,Philadelphia,PA,12/12/2025,12/31/2025,in-active
STRM-104877,Nicole,Jones,San Diego,CA,5/25/2025,,active
STRM-104878,Carl,Butler,Baltimore,MD,1/14/2025,12/31/2025,in-active
STRM-104879,Dorothy,Taylor,Raleigh,NC,6/24/2025,12/31/2025,in-active
STRM-104880,Edward,Smith,Boston,MA,5/13/2025,12/31/2025,in-active
STRM-104881,Carol,Cooper,Indianapolis,IN,10/15/2025,12/31/2025,in-active
STRM-104882,Albert,Morales,Bakersfield,CA,1/28/2025,,active
STRM-104883,Marilyn,Martin,Milwaukee,WI,10/3/2025,,active
STRM-104884,Ethan,Johnson,Portland,OR,11/21/2025,,active
STRM-104885,Gabriel,Cooper,Virginia Beach,VA,4/24/2025,,active
STRM-104886,Rachel,Wilson,San Antonio,TX,7/14/2025,,active
STRM-104887,Nicholas,Torres,Long Beach,CA,9/19/2025,,active
STRM-104888,James,Phillips,Baltimore,MD,1/24/2025,,active
STRM-104889,Susan,Flores,Memphis,TN,11/19/2025,,active
STRM-104890,Zachary,Gonzalez,Columbus,OH,1/16/2025,,active
STRM-104891,Harold,Rodriguez,Sacramento,CA,11/24/2025,12/31/2025,in-active
STRM-104892,Peter,Green,Las Vegas,NV,3/18/2025,,active
STRM-104893,Alice,Coleman,Atlanta,GA,3/31/2025,,active
STRM-104894,Pamela,Kim,Sacramento,CA,6/17/2025,8/1/2025,in-active
STRM-104895,Amber,Jones,Milwaukee,WI,3/17/2025,,active
STRM-104896,Albert,Gray,Kansas City,MO,4/5/2025,,active
STRM-104897,Joan,Peterson,Philadelphia,PA,2/8/2025,,active
STRM-104898,James,Henderson,Colorado Springs,CO,12/17/2025,,active
STRM-104899,Alice,Foster,San Diego,CA,3/29/2025,12/31/2025,in-active
STRM-104900,Tyler,King,New York,NY,10/13/2025,,active
STRM-104901,Steven,Jones,Charlotte,NC,11/16/2025,,active
STRM-104902,Joseph,Hall,Memphis,TN,4/10/2025,,active
STRM-104903,Angela,Bailey,Seattle,WA,4/22/2025,,active
STRM-104904,Jesse,Ross,Miami,FL,11/30/2025,,active
STRM-104905,Nicholas,Bennett,Sacramento,CA,12/15/2025,12/31/2025,in-active
STRM-104906,Mary,Lee,Jacksonville,FL,1/6/2025,11/19/2025,in-active
STRM-104907,Amber,Torres,Washington,DC,3/25/2025,,active
STRM-104908,Ruth,Parker,Memphis,TN,11/2/2025,,active
STRM-104909,Lisa,Flores,Indianapolis,IN,8/23/2025,,active
STRM-104910,John,Campbell,Atlanta,GA,5/17/2025,,active
STRM-104911,Virginia,Thomas,Charlotte,NC,11/9/2025,,active
STRM-104912,Zachary,Smith,Dallas,TX,5/31/2025,,active
STRM-104913,Katherine,Wright,New Orleans,LA,12/20/2025,,active
STRM-104914,Patrick,Price,Indianapolis,IN,12/24/2025,12/31/2025,in-active
STRM-104915,Christian,Lee,Minneapolis,MN,9/30/2025,12/31/2025,in-active
STRM-104916,Anna,Jones,Charlotte,NC,7/24/2025,12/31/2025,in-active
STRM-104917,Keith,Nguyen,San Diego,CA,6/30/2025,12/31/2025,in-active
STRM-104918,Christina,Bryant,Charlotte,NC,9/23/2025,,active
STRM-104919,Aaron,Bell,San Jose,CA,4/12/2025,12/19/2025,in-active
STRM-104919,Aaron,Bell,San Jose,CA,4/12/2025,12/19/2025,in-active
STRM-104920,Victoria,Martinez,Portland,OR,7/26/2025,12/31/2025,in-active
STRM-104921,Abigail,Sullivan,Denver,CO,10/27/2025,,active
STRM-104922,Ruth,Richardson,Kansas City,MO,9/6/2025,12/31/2025,in-active
STRM-104923,Brian,Wright,Arlington,TX,1/26/2025,8/19/2025,in-active
STRM-104924,Jordan,Jimenez,Jacksonville,FL,3/26/2025,12/31/2025,in-active
STRM-104925,Billy,Allen,New York,NY,7/16/2025,,active
STRM-104926,Charles,Patterson,Kansas City,MO,10/26/2025,,active
STRM-104927,Edward,Ruiz,Portland,OR,11/9/2025,12/31/2025,in-active
STRM-104928,Albert,Flores,Colorado Springs,CO,11/5/2025,12/31/2025,in-active
STRM-104929,Amy,Parker,Nashville,TN,10/11/2025,12/31/2025,in-active
STRM-104930,Austin,Hamilton,Tulsa,OK,9/11/2025,,active
STRM-104931,Melissa,Myers,Wichita,KS,8/11/2025,,active
STRM-104932,Ashley,Murphy,San Francisco,CA,9/26/2025,,active
STRM-104933,Martha,Cook,Omaha,NE,5/7/2025,,active
STRM-104934,Stephanie,Carter,New Orleans,LA,11/3/2025,,active
STRM-104935,Paul,Russell,New York,NY,1/16/2025,,active
STRM-104936,Sarah,Howard,Washington,DC,1/26/2025,,active
STRM-104937,Albert,Graham,Las Vegas,NV,3/17/2025,6/8/2025,in-active
STRM-104938,Brandon,Collins,Chicago,IL,5/26/2025,12/31/2025,in-active
STRM-104939,Charles,Parker,Washington,DC,3/2/2025,,active
STRM-104940,Roger,Hayes,Nashville,TN,3/19/2025,12/31/2025,in-active
STRM-104941,Ethan,King,Chicago,IL,10/30/2025,,active
STRM-104942,Olivia,Wood,Virginia Beach,VA,7/16/2025,,active
STRM-104943,Willie,Wright,Denver,CO,1/6/2025,,active
STRM-104944,Logan,Hill,Houston,TX,9/23/2025,,active
STRM-104945,Alexander,Reyes,Los Angeles,CA,10/19/2025,12/31/2025,in-active
STRM-104946,Victoria,Clark,Raleigh,NC,5/14/2025,,active
STRM-104947,Billy,Perry,Dallas,TX,10/19/2025,12/31/2025,in-active
STRM-104948,William,Patel,Las Vegas,NV,10/1/2025,,active
STRM-104949,Mary,Perez,Albuquerque,NM,12/4/2025,,active
STRM-104950,Joe,Smith,Baltimore,MD,11/12/2025,,active
STRM-104951,Betty,Gonzales,Kansas City,MO,6/20/2025,12/8/2025,in-active
STRM-104952,Logan,Howard,New York,NY,6/8/2025,,active
STRM-104953,Brandon,Cole,San Francisco,CA,3/3/2025,,active
STRM-104954,Katherine,Edwards,Phoenix,AZ,12/3/2025,,active
STRM-104955,Amber,Watson,Las Vegas,NV,2/19/2025,,active
STRM-104956,Cheryl,Cole,Tucson,AZ,4/11/2025,,active
STRM-104957,Charles,Bryant,El Paso,TX,2/1/2025,,active
STRM-104958,Daniel,Rivera,Chicago,IL,3/17/2025,,active
STRM-104959,Abigail,Jackson,Colorado Springs,CO,4/12/2025,,active
STRM-104960,Deborah,Turner,Milwaukee,WI,1/21/2025,,active
STRM-104961,Melissa,Ramos,Washington,DC,5/21/2025,12/31/2025,in-active
STRM-104962,Sean,Smith,Wichita,KS,5/19/2025,,active
STRM-104963,Michael,Simmons,Arlington,TX,10/1/2025,,active
STRM-104964,Paul,Edwards,Nashville,TN,2/3/2025,2/23/2025,in-active
STRM-104965,Ethan,Bell,Nashville,TN,2/9/2025,12/31/2025,in-active
STRM-104966,Charles,Reynolds,Miami,FL,1/18/2025,12/31/2025,in-active
STRM-104967,Austin,Alvarez,Philadelphia,PA,9/5/2025,,active
STRM-104968,Albert,Nelson,Mesa,AZ,10/31/2025,,active
STRM-104969,Jonathan,Price,Portland,OR,4/9/2025,5/31/2025,in-active
STRM-104970,Jordan,Jackson,Atlanta,GA,7/1/2025,,active
STRM-104971,Frank,Ruiz,Mesa,AZ,2/10/2025,6/2/2025,in-active
STRM-104972,Samuel,Jordan,San Francisco,CA,5/19/2025,,active
STRM-104973,Billy,Powell,Virginia Beach,VA,7/7/2025,,active
STRM-104974,Willie,Robinson,Las Vegas,NV,1/25/2025,,active
STRM-104975,Evelyn,Smith,Houston,TX,5/26/2025,,active
STRM-104976,Gary,Brown,Tulsa,OK,6/9/2025,,active
STRM-104977,Samantha,Walker,Mesa,AZ,5/22/2025,12/31/2025,in-active
STRM-104978,Jordan,Hill,Jacksonville,FL,2/11/2025,3/22/2025,in-active
STRM-104979,Juan,Turner,Colorado Springs,CO,7/15/2025,,active
STRM-104980,Carol,Hernandez,Charlotte,NC,9/21/2025,,active
STRM-104981,Gloria,Perry,Oakland,CA,5/23/2025,,active
STRM-104982,Jennifer,Simmons,Mesa,AZ,10/4/2025,,active
STRM-104983,Tyler,Chavez,Austin,TX,11/8/2025,,active
STRM-104984,Lisa,Ross,Denver,CO,12/21/2025,,active
STRM-104985,Alice,Evans,Columbus,OH,5/2/2025,,active
STRM-104986,Adam,King,Fort Worth,TX,1/29/2025,12/31/2025,in-active
STRM-104987,Joan,Kim,San Francisco,CA,1/11/2025,,active
STRM-104988,Andrea,Wilson,New Orleans,LA,8/10/2025,,active
STRM-104989,Andrea,Moreno,Chicago,IL,11/2/2025,,active
STRM-104990,Marilyn,Walker,Omaha,NE,12/25/2025,,active
STRM-104991,Harold,Reed,Indianapolis,IN,2/10/2025,,active
STRM-104992,Juan,Nguyen,Bakersfield,CA,7/19/2025,,active
STRM-104993,Matthew,Bennett,Mesa,AZ,5/22/2025,,active
STRM-104994,Teresa,Gonzalez,Oklahoma City,OK,3/25/2025,12/11/2025,in-active
STRM-104995,Melissa,Walker,San Diego,CA,11/1/2025,,active
STRM-104996,William,Ramos,Milwaukee,WI,12/17/2025,,active
STRM-104997,Joshua,Nguyen,Los Angeles,CA,6/10/2025,,active
STRM-104998,Ethan,Johnson,Albuquerque,NM,9/2/2025,12/31/2025,in-active
STRM-104999,Anna,Ramos,Albuquerque,NM,12/24/2025,12/31/2025,in-active
STRM-105000,Gerald,Scott,Miami,FL,4/11/2025,,active
STRM-105001,Thomas,Howard,Portland,OR,2/7/2025,12/31/2025,in-active
STRM-105002,Alexander,Morales,Kansas City,MO,5/20/2025,,active
STRM-105003,Noah,Jimenez,Memphis,TN,3/9/2025,9/24/2025,in-active
STRM-105004,Amy,Wood,Minneapolis,MN,10/23/2025,,active
STRM-105005,James,Sanders,Indianapolis,IN,1/7/2025,,active
STRM-105006,Jerry,Jackson,Arlington,TX,10/1/2025,,active
STRM-105007,Kimberly,Myers,Tucson,AZ,10/12/2025,11/2/2025,in-active
STRM-105008,Sharon,Jimenez,Sacramento,CA,7/25/2025,,active
STRM-105009,Susan,Powell,Charlotte,NC,1/22/2025,,active
STRM-105010,Kathleen,Fisher,New York,NY,7/9/2025,,active
STRM-105011,Jacqueline,Thompson,Long Beach,CA,11/21/2025,,active
STRM-105012,John,Walker,New York,NY,4/21/2025,,active
STRM-105013,Jean,Walker,Austin,TX,1/31/2025,10/15/2025,in-active
STRM-105014,Judy,Davis,San Jose,CA,7/6/2025,,active
STRM-105015,Madison,Ortiz,Oklahoma City,OK,3/22/2025,,active
STRM-105016,Lauren,Patel,Kansas City,MO,8/28/2025,,active
STRM-105017,Janet,Reyes,San Diego,CA,10/22/2025,,active
STRM-105018,Melissa,Powell,Chicago,IL,1/26/2025,,active
STRM-105019,Gerald,Gonzales,Chicago,IL,3/10/2025,12/31/2025,in-active
STRM-105020,Catherine,Hayes,Denver,CO,12/5/2025,,active
STRM-105021,Helen,Scott,Chicago,IL,6/13/2025,,active
STRM-105022,Austin,Reed,Minneapolis,MN,5/27/2025,12/31/2025,in-active
STRM-105023,Hannah,White,San Diego,CA,10/13/2025,,active
STRM-105024,Teresa,Walker,Tulsa,OK,10/8/2025,,active
STRM-105025,Catherine,Hughes,Sacramento,CA,4/19/2025,,active
STRM-105026,Larry,James,Las Vegas,NV,7/27/2025,,active
STRM-105027,Kevin,Patel,San Jose,CA,3/5/2025,,active
STRM-105028,Jeremy,Wilson,Nashville,TN,12/25/2025,,active
STRM-105029,Patricia,Stewart,Bakersfield,CA,7/29/2025,,active
STRM-105030,Joyce,Scott,Washington,DC,10/5/2025,,active
STRM-105031,Zachary,Williams,Denver,CO,8/18/2025,12/31/2025,in-active
STRM-105032,Joyce,Russell,Los Angeles,CA,3/9/2025,,active
STRM-105033,Thomas,Sanders,Fresno,CA,7/6/2025,,active
STRM-105034,Ruth,Gomez,Oakland,CA,1/3/2025,,active
STRM-105035,Ryan,White,Detroit,MI,9/12/2025,12/31/2025,in-active
STRM-105036,Nathan,Wilson,El Paso,TX,9/27/2025,,active
STRM-105037,Jessica,Myers,Dallas,TX,4/2/2025,,active
STRM-105038,Karen,Turner,Charlotte,NC,10/30/2025,,active
STRM-105039,Kelly,Ortiz,Houston,TX,12/30/2025,,active
STRM-105040,Angela,Sanders,Columbus,OH,2/19/2025,,active
STRM-105041,Katherine,Graham,Colorado Springs,CO,1/28/2025,,active
STRM-105042,Lauren,Young,Kansas City,MO,2/10/2025,12/31/2025,in-active
STRM-105043,Judy,Jenkins,Detroit,MI,6/3/2025,12/31/2025,in-active
STRM-105044,Lawrence,Diaz,Detroit,MI,6/19/2025,,active
STRM-105045,Ashley,Stewart,Fort Worth,TX,6/15/2025,,active
STRM-105046,Jeremy,Ortiz,Miami,FL,12/10/2025,,active
STRM-105047,Diane,Johnson,Boston,MA,12/18/2025,,active
STRM-105048,Melissa,Morales,Arlington,TX,12/22/2025,,active
STRM-105049,Evelyn,Thompson,Mesa,AZ,5/16/2025,,active
STRM-105050,Mary,Sanchez,Kansas City,MO,4/6/2025,,active
STRM-105051,Jordan,Castillo,Detroit,MI,9/8/2025,,active
STRM-105052,Edward,Torres,Minneapolis,MN,12/28/2025,,active
STRM-105053,Walter,Diaz,Cleveland,OH,12/16/2025,,active
STRM-105054,Carl,Russell,Denver,CO,5/13/2025,,active
STRM-105055,Teresa,Wright,Nashville,TN,5/3/2025,12/31/2025,in-active
STRM-105056,Lauren,Long,Raleigh,NC,10/31/2025,,active
STRM-105057,Eric,Nelson,Baltimore,MD,8/31/2025,12/31/2025,in-active
STRM-105058,Joshua,Edwards,Tampa,FL,10/1/2025,12/31/2025,in-active
STRM-105059,Andrew,Lopez,Dallas,TX,5/3/2025,,active
STRM-105060,Jennifer,Harris,San Francisco,CA,12/19/2025,12/31/2025,in-active
STRM-105061,Nathan,Carter,Indianapolis,IN,3/31/2025,,active
STRM-105062,Pamela,Scott,Columbus,OH,6/2/2025,,active
STRM-105063,Charles,Hill,Omaha,NE,1/5/2025,12/31/2025,in-active
STRM-105064,Gregory,Chavez,Philadelphia,PA,6/18/2025,12/31/2025,in-active
STRM-105065,Rachel,Allen,Portland,OR,1/30/2025,12/31/2025,in-active
STRM-105066,Samuel,Fisher,Kansas City,MO,12/20/2025,,active
STRM-105067,Sarah,Phillips,Atlanta,GA,4/24/2025,,active
STRM-105068,James,Powell,Cleveland,OH,5/26/2025,12/31/2025,in-active
STRM-105069,Alan,Flores,Jacksonville,FL,8/10/2025,12/31/2025,in-active
STRM-105070,Paul,Hayes,Baltimore,MD,8/28/2025,,active
STRM-105071,Timothy,Martin,Memphis,TN,9/17/2025,,active
STRM-105072,William,Jenkins,Las Vegas,NV,6/2/2025,7/15/2025,in-active
STRM-105073,Kelly,Smith,Columbus,OH,10/13/2025,,active
STRM-105074,Jacob,Long,Bakersfield,CA,1/18/2025,,active
STRM-105075,Benjamin,Baker,Raleigh,NC,9/15/2025,12/31/2025,in-active
STRM-105076,Julia,Kelly,Philadelphia,PA,1/20/2025,,active
STRM-105077,Scott,Wilson,Dallas,TX,9/11/2025,,active
STRM-105078,Alan,Fisher,Albuquerque,NM,7/7/2025,,active
STRM-105079,Victoria,Patterson,Memphis,TN,3/12/2025,,active
STRM-105080,James,Gonzales,Austin,TX,1/8/2025,9/30/2025,in-active
STRM-105081,Virginia,Carter,Bakersfield,CA,9/18/2025,,active
STRM-105082,Carolyn,Russell,Cleveland,OH,5/15/2025,8/10/2025,in-active
STRM-105083,Larry,Romero,Seattle,WA,6/11/2025,,active
STRM-105084,Grace,Turner,San Antonio,TX,9/25/2025,12/31/2025,in-active
STRM-105085,Arthur,West,Arlington,TX,10/22/2025,12/31/2025,in-active
STRM-105086,Alice,Martin,San Francisco,CA,11/3/2025,12/31/2025,in-active
STRM-105087,Victoria,Rodriguez,Colorado Springs,CO,11/14/2025,12/31/2025,in-active
STRM-105088,Patricia,Reed,Omaha,NE,12/26/2025,12/31/2025,in-active
STRM-105089,Andrew,Coleman,Wichita,KS,8/12/2025,,active
STRM-105090,Paul,King,Arlington,TX,4/24/2025,12/31/2025,in-active
STRM-105091,Maria,Sanchez,Dallas,TX,2/21/2025,,active
STRM-105092,Sean,Martin,Virginia Beach,VA,2/23/2025,,active
STRM-105093,Brenda,Gray,Indianapolis,IN,5/9/2025,,active
STRM-105094,Charles,Campbell,Oakland,CA,8/19/2025,,active
STRM-105095,Carol,Scott,Fort Worth,TX,10/30/2025,12/31/2025,in-active
STRM-105096,Cheryl,Kim,Jacksonville,FL,11/23/2025,,active
STRM-105097,Diane,Hamilton,Arlington,TX,9/16/2025,,active
STRM-105098,Thomas,Torres,Dallas,TX,4/15/2025,,active
STRM-105099,Gabriel,Moreno,Houston,TX,6/18/2025,,active
STRM-105100,Justin,Moore,Portland,OR,9/25/2025,,active
STRM-105101,Karen,Phillips,Minneapolis,MN,5/11/2025,,active
STRM-105102,Jack,Perry,Washington,DC,8/28/2025,12/31/2025,in-active
STRM-105103,Alice,Cooper,Las Vegas,NV,1/13/2025,12/26/2025,in-active
STRM-105104,Hannah,Barnes,Oakland,CA,8/16/2025,,active
STRM-105105,Kathryn,Jimenez,Fort Worth,TX,12/14/2025,,active
STRM-105106,James,Simmons,San Jose,CA,4/14/2025,,active
STRM-105107,Mark,Gonzalez,Mesa,AZ,1/31/2025,,active
STRM-105108,Andrew,Coleman,Philadelphia,PA,7/16/2025,,active
STRM-105109,Mary,Sanchez,Memphis,TN,6/15/2025,,active
STRM-105110,Katherine,Jordan,Oakland,CA,9/17/2025,,active
STRM-105111,Anna,James,Tucson,AZ,12/7/2025,12/31/2025,in-active
STRM-105112,Samuel,Wood,New Orleans,LA,7/3/2025,12/31/2025,in-active
STRM-105113,Betty,Hall,San Francisco,CA,8/29/2025,,active
STRM-105114,Mary,Johnson,Houston,TX,7/17/2025,,active
STRM-105115,Alexander,Coleman,Bakersfield,CA,9/29/2025,12/31/2025,in-active
STRM-105116,Juan,Anderson,El Paso,TX,2/6/2025,,active
STRM-105117,Patrick,Rogers,Nashville,TN,2/24/2025,,active
STRM-105118,Shirley,Cox,San Francisco,CA,2/5/2025,12/31/2025,in-active
STRM-105119,Bryan,Reynolds,Denver,CO,1/3/2025,,active
STRM-105120,Stephanie,Phillips,Sacramento,CA,7/28/2025,12/31/2025,in-active
STRM-105121,Robert,Reyes,Nashville,TN,8/29/2025,11/17/2025,in-active
STRM-105122,Christina,Garcia,Charlotte,NC,7/29/2025,,active
STRM-105123,Abigail,Kim,Bakersfield,CA,5/18/2025,,active
STRM-105124,Jason,Bell,Houston,TX,3/30/2025,,active
STRM-105125,Debra,Gonzalez,Mesa,AZ,11/10/2025,12/31/2025,in-active
STRM-105126,Linda,Bailey,Arlington,TX,2/5/2025,,active
STRM-105127,Doris,Brown,Colorado Springs,CO,8/10/2025,,active
STRM-105128,Madison,Griffin,Omaha,NE,9/6/2025,12/31/2025,in-active
STRM-105129,Noah,Wright,Seattle,WA,6/22/2025,12/31/2025,in-active
STRM-105130,Jonathan,Lewis,Columbus,OH,7/5/2025,,active
STRM-105131,Helen,Brown,Washington,DC,6/12/2025,12/31/2025,in-active
STRM-105132,Timothy,Price,New Orleans,LA,7/13/2025,12/31/2025,in-active
STRM-105133,Scott,Brown,Kansas City,MO,6/14/2025,,active
STRM-105134,Judy,Edwards,Kansas City,MO,5/9/2025,,active
STRM-105135,Alexander,Lopez,Dallas,TX,12/3/2025,12/19/2025,in-active
STRM-105136,Amanda,Cook,Seattle,WA,3/17/2025,,active
STRM-105137,Barbara,Reyes,Philadelphia,PA,7/1/2025,12/31/2025,in-active
STRM-105138,Emily,Bennett,Sacramento,CA,5/24/2025,,active
STRM-105139,Robert,Graham,Fort Worth,TX,6/9/2025,,active
STRM-105140,Ryan,Harris,Kansas City,MO,8/14/2025,,active
STRM-105141,Ethan,Kelly,Mesa,AZ,8/12/2025,,active
STRM-105142,Bryan,Sanders,San Diego,CA,12/3/2025,,active
STRM-105143,Hannah,Henderson,Arlington,TX,5/17/2025,12/31/2025,in-active
STRM-105144,Martha,Green,Fort Worth,TX,1/2/2025,,active
STRM-105145,Kimberly,Brooks,Cleveland,OH,11/25/2025,,active
STRM-105146,Diane,Peterson,San Antonio,TX,10/20/2025,,active
STRM-105147,Gary,Cruz,Austin,TX,8/8/2025,,active
STRM-105148,Gabriel,Castillo,Tampa,FL,10/8/2025,,active
STRM-105149,Abigail,Bailey,Austin,TX,8/24/2025,,active
STRM-105150,Judith,Howard,Sacramento,CA,4/18/2025,,active
STRM-105151,Kelly,Roberts,Minneapolis,MN,1/2/2025,,active
STRM-105152,George,Diaz,Virginia Beach,VA,11/25/2025,12/31/2025,in-active
STRM-105153,Ruth,White,Bakersfield,CA,9/29/2025,12/31/2025,in-active
STRM-105154,Joan,Hill,Denver,CO,3/17/2025,12/31/2025,in-active
STRM-105155,Rachel,Richardson,Memphis,TN,11/15/2025,,active
STRM-105156,Jennifer,Butler,San Jose,CA,5/1/2025,,active
STRM-105157,Andrew,Cruz,Long Beach,CA,8/31/2025,,active
STRM-105158,Abigail,Miller,San Jose,CA,3/29/2025,,active
STRM-105159,Marilyn,Anderson,Chicago,IL,12/29/2025,12/31/2025,in-active
STRM-105160,Benjamin,Cooper,Bakersfield,CA,10/5/2025,,active
STRM-105161,Zachary,Anderson,Virginia Beach,VA,10/10/2025,,active
STRM-105162,Joan,Romero,Colorado Springs,CO,6/15/2025,,active
STRM-105163,Charles,Simmons,Memphis,TN,9/12/2025,,active
STRM-105164,Stephanie,Martin,Mesa,AZ,10/4/2025,,active
STRM-105165,David,Jordan,Arlington,TX,4/18/2025,,active
STRM-105166,Thomas,Price,Colorado Springs,CO,2/3/2025,,active
STRM-105167,Jordan,Anderson,Atlanta,GA,10/25/2025,,active
STRM-105168,Keith,Jimenez,Austin,TX,7/27/2025,12/31/2025,in-active
STRM-105169,Andrea,Ortiz,Atlanta,GA,9/20/2025,,active
STRM-105170,Timothy,Garcia,San Jose,CA,1/9/2025,,active
STRM-105171,Aaron,Lee,San Jose,CA,5/2/2025,,active
STRM-105172,Juan,Ramirez,Jacksonville,FL,2/28/2025,12/31/2025,in-active
STRM-105173,Jordan,Davis,Miami,FL,6/20/2025,12/31/2025,in-active
STRM-105174,Gloria,Sanchez,San Jose,CA,10/18/2025,,active
STRM-105175,Harold,Jimenez,Long Beach,CA,2/20/2025,,active
STRM-105176,Steven,Miller,Long Beach,CA,9/8/2025,,active
STRM-105177,Aaron,Jimenez,Tulsa,OK,11/2/2025,,active
STRM-105178,Mark,Gonzalez,Milwaukee,WI,10/28/2025,,active
STRM-105179,Judith,Nguyen,Colorado Springs,CO,10/12/2025,,active
STRM-105180,Ann,Reyes,Indianapolis,IN,5/21/2025,12/31/2025,in-active
STRM-105181,Amber,Fisher,Virginia Beach,VA,6/5/2025,,active
STRM-105182,Peter,Lopez,Charlotte,NC,6/11/2025,,active
STRM-105183,Megan,Wood,Milwaukee,WI,9/19/2025,,active
STRM-105184,Roger,Edwards,Fort Worth,TX,6/23/2025,,active
STRM-105185,Zachary,Brown,Bakersfield,CA,9/7/2025,,active
STRM-105186,Betty,Baker,Bakersfield,CA,12/3/2025,12/31/2025,in-active
STRM-105187,Betty,Chavez,Oklahoma City,OK,6/24/2025,,active
STRM-105188,Juan,Brooks,Baltimore,MD,12/13/2025,12/31/2025,in-active
STRM-105189,Paul,White,Sacramento,CA,9/2/2025,,active
STRM-105190,Alan,Cruz,Sacramento,CA,5/21/2025,,active
STRM-105191,Anna,Ortiz,Chicago,IL,6/9/2025,,active
STRM-105192,Keith,Turner,San Antonio,TX,2/9/2025,,active
STRM-105193,Brandon,Moreno,Houston,TX,11/30/2025,12/31/2025,in-active
STRM-105194,Michelle,Collins,Long Beach,CA,6/15/2025,12/31/2025,in-active
STRM-105195,Aaron,Simmons,San Diego,CA,6/16/2025,,active
STRM-105196,Tyler,Martin,Arlington,TX,1/20/2025,,active
STRM-105197,Douglas,Jordan,Raleigh,NC,8/17/2025,,active
STRM-105198,Andrew,Reyes,Miami,FL,6/4/2025,12/31/2025,in-active
STRM-105199,Jonathan,Alvarez,Detroit,MI,9/20/2025,,active
STRM-105200,Julie,Griffin,Kansas City,MO,5/31/2025,,active
STRM-105201,Cynthia,Henderson,Tampa,FL,8/7/2025,9/13/2025,in-active
STRM-105202,Thomas,Gonzales,Columbus,OH,3/10/2025,,active
STRM-105203,Walter,Parker,New Orleans,LA,9/13/2025,,active
STRM-105204,Rebecca,Walker,El Paso,TX,10/26/2025,12/31/2025,in-active
STRM-105205,Christina,Adams,Omaha,NE,12/27/2025,,active
STRM-105206,Amber,Vasquez,Indianapolis,IN,2/23/2025,,active
STRM-105207,Teresa,Turner,Tulsa,OK,1/20/2025,,active
STRM-105208,Daniel,James,Atlanta,GA,7/8/2025,12/31/2025,in-active
STRM-105209,Nicole,Adams,Indianapolis,IN,4/27/2025,,active
STRM-105210,Lisa,Long,Arlington,TX,7/10/2025,,active
STRM-105211,Frank,Rogers,Mesa,AZ,5/7/2025,,active
STRM-105212,Heather,Miller,Milwaukee,WI,4/17/2025,,active
STRM-105213,Jerry,Reynolds,Tulsa,OK,5/11/2025,,active
STRM-105214,Ashley,Ruiz,Arlington,TX,11/20/2025,,active
STRM-105215,Gloria,Reed,Long Beach,CA,2/12/2025,12/31/2025,in-active
STRM-105216,Jonathan,Robinson,Detroit,MI,2/2/2025,,active
STRM-105217,Alexander,Brown,Austin,TX,3/26/2025,,active
STRM-105218,Willie,Harris,Las Vegas,NV,10/17/2025,,active
STRM-105219,Grace,Kelly,San Antonio,TX,4/27/2025,12/31/2025,in-active
STRM-105220,Stephen,Wallace,Portland,OR,12/24/2025,12/31/2025,in-active
STRM-105221,Shirley,Evans,Minneapolis,MN,9/7/2025,12/31/2025,in-active
STRM-105222,Michael,Allen,Colorado Springs,CO,3/6/2025,,active
STRM-105223,Brenda,Morris,Fort Worth,TX,1/15/2025,12/31/2025,in-active
STRM-105224,Bruce,Hughes,Arlington,TX,1/16/2025,,active
STRM-105225,Grace,Foster,Tulsa,OK,4/6/2025,,active
STRM-105226,Edward,Coleman,Portland,OR,8/20/2025,,active
STRM-105227,Alice,Long,Memphis,TN,7/31/2025,,active
STRM-105228,Karen,Smith,Dallas,TX,6/10/2025,12/31/2025,in-active
STRM-105229,Anna,Hall,Bakersfield,CA,1/17/2025,,active
STRM-105230,Paul,Wright,Oakland,CA,12/24/2025,12/31/2025,in-active
STRM-105231,Doris,Hernandez,Phoenix,AZ,4/17/2025,12/31/2025,in-active
STRM-105232,Ann,Cruz,Memphis,TN,9/7/2025,,active
STRM-105233,Robert,Harris,Albuquerque,NM,8/20/2025,,active
STRM-105234,Christine,Hill,Miami,FL,6/5/2025,,active
STRM-105235,Virginia,Walker,Seattle,WA,5/31/2025,,active
STRM-105236,Kevin,Diaz,Charlotte,NC,6/29/2025,,active
STRM-105237,Nicole,Jenkins,Boston,MA,8/11/2025,12/31/2025,in-active
STRM-105238,Dennis,Wilson,San Diego,CA,10/9/2025,,active
STRM-105239,Megan,Allen,Portland,OR,4/22/2025,,active
STRM-105240,Janice,Alvarez,Arlington,TX,11/26/2025,,active
STRM-105241,Bryan,Bennett,El Paso,TX,10/26/2025,12/31/2025,in-active
STRM-105242,George,West,Oakland,CA,8/13/2025,,active
STRM-105243,Angela,White,Washington,DC,11/8/2025,,active
STRM-105244,Sharon,Chavez,New York,NY,4/2/2025,12/31/2025,in-active
STRM-105245,Rachel,Taylor,Tampa,FL,4/17/2025,12/31/2025,in-active
STRM-105246,Brenda,Rogers,Atlanta,GA,7/24/2025,,active
STRM-105247,George,Collins,Kansas City,MO,1/1/2025,,active
STRM-105248,Kathleen,Reyes,Phoenix,AZ,5/10/2025,12/31/2025,in-active
STRM-105249,Dennis,Perez,Boston,MA,12/18/2025,,active
STRM-105250,Lawrence,Gomez,San Jose,CA,7/3/2025,,active
