customer_id,account_id,subscription_type,subscription_amount,subscription_operating_cost,subscription_duration,cancel_validation,cancel_reason
STRM-100001,ACC-100001,tier 2,7,3,1544,no,
STRM-100002,ACC-100002,tier 3,5,3,1405,no,
STRM-100003,ACC-100003,tier 2,7,3,1637,no,
STRM-100004,ACC-100004,tier 2,7,3,1583,no,
STRM-100005,ACC-100005,tier 1,10,3,1455,no,
STRM-100006,ACC-100006,tier 1,10,3,1468,no,
STRM-100007,ACC-100007,tier 1,10,3,1512,no,
STRM-100008,ACC-100008,tier 3,5,3,1508,no,
STRM-100009,ACC-100009,tier 2,7,3,402,yes,switch to competitor
STRM-100010,ACC-100010,tier 2,7,3,385,yes,too expensive
STRM-100011,ACC-100011,tier 1,10,3,1649,no,
STRM-100012,ACC-100012,tier 3,5,3,404,yes,switch to competitor
STRM-100013,ACC-100013,tier 3,5,3,1498,no,
STRM-100014,ACC-100014,tier 1,10,3,1548,no,
STRM-100015,ACC-100015,tier 1,10,3,1359,no,
STRM-100016,ACC-100016,tier 1,10,3,1490,no,
STRM-100017,ACC-100017,tier 2,7,3,72,yes,too expensive
STRM-100018,ACC-100018,tier 2,7,3,1523,no,
STRM-100019,ACC-100019,tier 2,7,3,1523,no,
STRM-100020,ACC-100020,tier 2,7,3,1450,no,
STRM-100021,ACC-100021,tier 2,7,3,1397,no,
STRM-100022,ACC-100022,tier 1,10,3,1480,no,
STRM-100023,ACC-100023,tier 2,7,3,171,yes,switch to competitor
STRM-100024,ACC-100024,tier 2,7,3,1336,no,
STRM-100025,ACC-100025,tier 2,7,3,556,yes,switch to competitor
STRM-100026,ACC-100026,tier 3,5,3,1626,no,
STRM-100027,ACC-100027,tier 1,10,3,1356,no,
STRM-100028,ACC-100028,tier 2,7,3,1452,no,
STRM-100029,ACC-100029,tier 2,7,3,320,yes,not enough content
STRM-100030,ACC-100030,tier 1,10,3,567,yes,switch to competitor
STRM-100031,ACC-100031,tier 2,7,3,1519,no,
STRM-100032,ACC-100032,tier 1,10,3,1527,no,
STRM-100033,ACC-100033,tier 1,10,3,560,yes,not enough content
STRM-100034,ACC-100034,tier 3,5,3,184,yes,too expensive
STRM-100035,ACC-100035,tier 3,5,3,721,yes,switch to competitor
STRM-100036,ACC-100036,tier 3,5,3,1341,no,
STRM-100037,ACC-100037,tier 2,7,3,1558,no,
STRM-100038,ACC-100038,tier 1,10,3,1401,no,
STRM-100039,ACC-100039,tier 2,7,3,1322,no,
STRM-100040,ACC-100040,tier 2,7,3,1515,no,
STRM-100041,ACC-100041,tier 1,10,3,1436,no,
STRM-100042,ACC-100042,tier 2,7,3,209,yes,switch to competitor
STRM-100043,ACC-100043,tier 1,10,3,1464,no,
STRM-100044,ACC-100044,tier 3,5,3,1657,no,
STRM-100045,ACC-100045,tier 2,7,3,126,yes,too expensive
STRM-100046,ACC-100046,tier 2,7,3,1410,no,
STRM-100047,ACC-100047,tier 2,7,3,1448,no,
STRM-100048,ACC-100048,tier 2,7,3,1403,no,
STRM-100049,ACC-100049,tier 2,7,3,1563,no,
STRM-100050,ACC-100050,tier 1,10,3,183,yes,too expensive
STRM-100051,ACC-100051,tier 3,5,3,480,yes,switch to competitor
STRM-100052,ACC-100052,tier 3,5,3,1400,no,
STRM-100053,ACC-100053,tier 3,5,3,1533,no,
STRM-100054,ACC-100054,tier 3,5,3,1524,no,
STRM-100055,ACC-100055,tier 2,7,3,1413,no,
STRM-100056,ACC-100056,tier 3,5,3,1649,no,
STRM-100057,ACC-100057,tier 1,10,3,598,yes,too expensive
STRM-100058,ACC-100058,tier 1,10,3,1643,no,
STRM-100059,ACC-100059,tier 1,10,3,1580,no,
STRM-100060,ACC-100060,tier 2,7,3,1482,no,
STRM-100061,ACC-100061,tier 2,7,3,89,yes,not enough content
STRM-100062,ACC-100062,tier 2,7,3,90,yes,too expensive
STRM-100063,ACC-100063,tier 3,5,3,1549,no,
STRM-100064,ACC-100064,tier 2,7,3,1495,no,
STRM-100065,ACC-100065,tier 2,7,3,1350,no,
STRM-100066,ACC-100066,tier 2,7,3,152,yes,too expensive
STRM-100067,ACC-100067,tier 1,10,3,1401,no,
STRM-100068,ACC-100068,tier 3,5,3,1509,no,
STRM-100069,ACC-100069,tier 1,10,3,1434,no,
STRM-100070,ACC-100070,tier 3,5,3,60,yes,switch to competitor
STRM-100071,ACC-100071,tier 3,5,3,1618,no,
STRM-100072,ACC-100072,tier 1,10,3,1458,no,
STRM-100073,ACC-100073,tier 1,10,3,722,yes,not enough content
STRM-100074,ACC-100074,tier 3,5,3,1386,no,
STRM-100075,ACC-100075,tier 2,7,3,1527,no,
STRM-100076,ACC-100076,tier 2,7,3,1335,no,
STRM-100077,ACC-100077,tier 3,5,3,431,yes,too expensive
STRM-100078,ACC-100078,tier 1,10,3,196,yes,not enough content
STRM-100079,ACC-100079,tier 2,7,3,436,yes,not enough content
STRM-100080,ACC-100080,tier 1,10,3,125,yes,not enough content
STRM-100081,ACC-100081,tier 3,5,3,1571,no,
STRM-100082,ACC-100082,tier 2,7,3,1568,no,
STRM-100083,ACC-100083,tier 2,7,3,1516,no,
STRM-100084,ACC-100084,tier 1,10,3,1356,no,
STRM-100085,ACC-100085,tier 2,7,3,282,yes,switch to competitor
STRM-100086,ACC-100086,tier 2,7,3,1629,no,
STRM-100087,ACC-100087,tier 2,7,3,133,yes,too expensive
STRM-100088,ACC-100088,tier 2,7,3,1662,no,
STRM-100089,ACC-100089,tier 3,5,3,1464,no,
STRM-100090,ACC-100090,tier 2,7,3,1524,no,
STRM-100091,ACC-100091,tier 1,10,3,1526,no,
STRM-100092,ACC-100092,tier 2,7,3,1533,no,
STRM-100093,ACC-100093,tier 3,5,3,1490,no,
STRM-100094,ACC-100094,tier 2,7,3,326,yes,switch to competitor
STRM-100095,ACC-100095,tier 3,5,3,1388,no,
STRM-100096,ACC-100096,tier 2,7,3,1458,no,
STRM-100097,ACC-100097,tier 2,7,3,1598,no,
STRM-100098,ACC-100098,tier 2,7,3,1564,no,
STRM-100099,ACC-100099,tier 1,10,3,1672,no,
STRM-100100,ACC-100100,tier 1,10,3,604,yes,too expensive
STRM-100101,ACC-100101,tier 1,10,3,1480,no,
STRM-100102,ACC-100102,tier 2,7,3,239,yes,too expensive
STRM-100103,ACC-100103,tier 2,7,3,1399,no,
STRM-100104,ACC-100104,tier 2,7,3,1447,no,
STRM-100105,ACC-100105,tier 3,5,3,1458,no,
STRM-100106,ACC-100106,tier 1,10,3,501,yes,switch to competitor
STRM-100107,ACC-100107,tier 2,7,3,298,yes,not enough content
STRM-100108,ACC-100108,tier 3,5,3,1562,no,
STRM-100109,ACC-100109,tier 1,10,3,1545,no,
STRM-100110,ACC-100110,tier 1,10,3,1607,no,
STRM-100111,ACC-100111,tier 2,7,3,1472,no,
STRM-100112,ACC-100112,tier 1,10,3,1653,no,
STRM-100113,ACC-100113,tier 3,5,3,35,yes,not enough content
STRM-100114,ACC-100114,tier 3,5,3,320,yes,too expensive
STRM-100115,ACC-100115,tier 2,7,3,240,yes,switch to competitor
STRM-100116,ACC-100116,tier 3,5,3,1461,no,
STRM-100117,ACC-100117,tier 3,5,3,184,yes,not enough content
STRM-100118,ACC-100118,tier 1,10,3,1411,no,
STRM-100119,ACC-100119,tier 3,5,3,1355,no,
STRM-100120,ACC-100120,tier 2,7,3,1551,no,
STRM-100121,ACC-100121,tier 3,5,3,403,yes,not enough content
STRM-100122,ACC-100122,tier 3,5,3,1643,no,
STRM-100123,ACC-100123,tier 2,7,3,1570,no,
STRM-100124,ACC-100124,tier 1,10,3,219,yes,too expensive
STRM-100125,ACC-100125,tier 1,10,3,1620,no,
STRM-100126,ACC-100126,tier 2,7,3,1326,no,
STRM-100127,ACC-100127,tier 3,5,3,132,yes,too expensive
STRM-100128,ACC-100128,tier 3,5,3,1388,no,
STRM-100129,ACC-100129,tier 1,10,3,1583,no,
STRM-100130,ACC-100130,tier 2,7,3,715,yes,switch to competitor
STRM-100131,ACC-100131,tier 2,7,3,370,yes,too expensive
STRM-100132,ACC-100132,tier 1,10,3,1495,no,
STRM-100133,ACC-100133,tier 1,10,3,123,yes,not enough content
STRM-100134,ACC-100134,tier 2,7,3,1449,no,
STRM-100135,ACC-100135,tier 3,5,3,291,yes,not enough content
STRM-100136,ACC-100136,tier 2,7,3,621,yes,not enough content
STRM-100137,ACC-100137,tier 2,7,3,1640,no,
STRM-100138,ACC-100138,tier 2,7,3,1447,no,
STRM-100139,ACC-100139,tier 2,7,3,1670,no,
STRM-100140,ACC-100140,tier 3,5,3,1576,no,
STRM-100141,ACC-100141,tier 3,5,3,1379,no,
STRM-100142,ACC-100142,tier 2,7,3,1587,no,
STRM-100143,ACC-100143,tier 2,7,3,1561,no,
STRM-100144,ACC-100144,tier 2,7,3,1676,no,
STRM-100145,ACC-100145,tier 2,7,3,1560,no,
STRM-100146,ACC-100146,tier 1,10,3,1401,no,
STRM-100147,ACC-100147,tier 2,7,3,1325,no,
STRM-100148,ACC-100148,tier 2,7,3,338,yes,not enough content
STRM-100149,ACC-100149,tier 1,10,3,298,yes,switch to competitor
STRM-100150,ACC-100150,tier 2,7,3,1585,no,
STRM-100151,ACC-100151,tier 3,5,3,1677,no,
STRM-100152,ACC-100152,tier 1,10,3,1657,no,
STRM-100153,ACC-100153,tier 1,10,3,1678,no,
STRM-100154,ACC-100154,tier 2,7,3,1510,no,
STRM-100155,ACC-100155,tier 3,5,3,425,yes,switch to competitor
STRM-100156,ACC-100156,tier 1,10,3,1362,no,
STRM-100157,ACC-100157,tier 2,7,3,102,yes,too expensive
STRM-100158,ACC-100158,tier 3,5,3,1471,no,
STRM-100159,ACC-100159,tier 1,10,3,1417,no,
STRM-100160,ACC-100160,tier 2,7,3,1465,no,
STRM-100161,ACC-100161,tier 2,7,3,227,yes,too expensive
STRM-100162,ACC-100162,tier 2,7,3,1346,no,
STRM-100163,ACC-100163,tier 2,7,3,1646,no,
STRM-100164,ACC-100164,tier 2,7,3,1380,no,
STRM-100165,ACC-100165,tier 1,10,3,1323,no,
STRM-100166,ACC-100166,tier 3,5,3,655,yes,too expensive
STRM-100167,ACC-100167,tier 2,7,3,1626,no,
STRM-100168,ACC-100168,tier 1,10,3,1612,no,
STRM-100169,ACC-100169,tier 1,10,3,464,yes,switch to competitor
STRM-100170,ACC-100170,tier 2,7,3,1529,no,
STRM-100171,ACC-100171,tier 2,7,3,1643,no,
STRM-100172,ACC-100172,tier 1,10,3,1556,no,
STRM-100173,ACC-100173,tier 2,7,3,605,yes,not enough content
STRM-100174,ACC-100174,tier 1,10,3,1419,no,
STRM-100175,ACC-100175,tier 2,7,3,1461,no,
STRM-100176,ACC-100176,tier 1,10,3,1506,no,
STRM-100177,ACC-100177,tier 2,10.00.00,3,1516,no,
STRM-100178,ACC-100178,tier 2,7,3,578,yes,too expensive
STRM-100179,ACC-100179,tier 3,5,3,1523,no,
STRM-100180,ACC-100180,tier 1,10,3,1684,no,
STRM-100181,ACC-100181,tier 2,7,3,1657,no,
STRM-100182,ACC-100182,tier 1,10,3,223,yes,not enough content
STRM-100183,ACC-100183,tier 3,5,3,511,yes,too expensive
STRM-100184,ACC-100184,tier 3,5,3,177,yes,too expensive
STRM-100185,ACC-100185,tier 2,7,3,1476,no,
STRM-100186,ACC-100186,tier 2,7,3,525,yes,too expensive
STRM-100187,ACC-100187,tier 3,5,3,264,yes,too expensive
STRM-100188,ACC-100188,tier 2,7,3,535,yes,too expensive
STRM-100189,ACC-100189,tier 2,7,3,1472,no,
STRM-100190,ACC-100190,tier 1,10,3,616,yes,not enough content
STRM-100191,ACC-100191,tier 1,10,3,1456,no,
STRM-100192,ACC-100192,tier 3,5,3,1406,no,
STRM-100193,ACC-100193,tier 3,5,3,1562,no,
STRM-100194,ACC-100194,tier 2,7,3,405,yes,too expensive
STRM-100195,ACC-100195,tier 2,7,3,1666,no,
STRM-100196,ACC-100196,tier 2,7,3,1459,no,
STRM-100197,ACC-100197,tier 2,7,3,1611,no,
STRM-100198,ACC-100198,tier 3,5,3,286,yes,not enough content
STRM-100199,ACC-100199,tier 3,5,3,705,yes,switch to competitor
STRM-100200,ACC-100200,tier 3,5,3,1364,no,
STRM-100201,ACC-100201,tier 2,7,3,1649,no,
STRM-100202,ACC-100202,tier 1,10,3,1638,no,
STRM-100203,ACC-100203,tier 1,10,3,1599,no,
STRM-100204,ACC-100204,tier 3,5,3,1656,no,
STRM-100205,ACC-100205,tier 2,7,3,1559,no,
STRM-100206,ACC-100206,tier 1,10,3,1595,no,
STRM-100207,ACC-100207,tier 1,10,3,1386,no,
STRM-100208,ACC-100208,tier 2,7,3,1554,no,
STRM-100209,ACC-100209,tier 1,10,3,1405,no,
STRM-100210,ACC-100210,tier 1,10,3,1531,no,
STRM-100211,ACC-100211,tier 2,7,3,1530,no,
STRM-100212,ACC-100212,tier 2,7,3,1563,no,
STRM-100213,ACC-100213,tier 2,7,3,1533,no,
STRM-100214,ACC-100214,tier 1,10,3,1680,no,
STRM-100215,ACC-100215,tier 2,7,3,308,yes,too expensive
STRM-100216,ACC-100216,tier 1,10,3,1359,no,
STRM-100217,ACC-100217,tier 2,7,3,676,yes,not enough content
STRM-100218,ACC-100218,tier 2,7,3,1459,no,
STRM-100219,ACC-100219,tier 2,7,3,1533,no,
STRM-100220,ACC-100220,tier 3,5,3,389,yes,switch to competitor
STRM-100221,ACC-100221,tier 2,7,3,508,yes,switch to competitor
STRM-100222,ACC-100222,tier 2,7,3,1626,no,
STRM-100223,ACC-100223,tier 1,10,3,705,yes,switch to competitor
STRM-100224,ACC-100224,tier 2,7,3,1482,no,
STRM-100225,ACC-100225,tier 2,7,3,1496,no,
STRM-100226,ACC-100226,tier 1,10,3,395,yes,not enough content
STRM-100227,ACC-100227,tier 3,5,3,1672,no,
STRM-100228,ACC-100228,tier 2,7,3,1571,no,
STRM-100229,ACC-100229,tier 3,5,3,1530,no,
STRM-100230,ACC-100230,tier 2,7,3,1665,no,
STRM-100231,ACC-100231,tier 3,5,3,153,yes,too expensive
STRM-100232,ACC-100232,tier 2,7,3,728,yes,too expensive
STRM-100233,ACC-100233,tier 2,7,3,685,yes,not enough content
STRM-100234,ACC-100234,tier 2,7,3,301,yes,too expensive
STRM-100235,ACC-100235,tier 1,10,3,1457,no,
STRM-100236,ACC-100236,tier 2,7,3,1333,no,
STRM-100237,ACC-100237,tier 2,7,3,1481,no,
STRM-100238,ACC-100238,tier 1,10,3,1345,no,
STRM-100239,ACC-100239,tier 2,7,3,1514,no,
STRM-100240,ACC-100240,tier 1,10,3,1401,no,
STRM-100241,ACC-100241,tier 3,5,3,625,yes,not enough content
STRM-100242,ACC-100242,tier 3,5,3,1618,no,
STRM-100243,ACC-100243,tier 3,5,3,1671,no,
STRM-100244,ACC-100244,tier 2,7,3,1519,no,
STRM-100245,ACC-100245,tier 1,10,3,1469,no,
STRM-100246,ACC-100246,tier 3,5,3,1499,no,
STRM-100247,ACC-100247,tier 2,7,3,59,yes,too expensive
STRM-100248,ACC-100248,tier 3,5,3,77,yes,switch to competitor
STRM-100249,ACC-100249,tier 3,5,3,1333,no,
STRM-100250,ACC-100250,tier 3,5,3,1520,no,
STRM-100251,ACC-100251,tier 2,7,3,1365,no,
STRM-100252,ACC-100252,tier 2,7,3,1379,no,
STRM-100253,ACC-100253,tier 3,5,3,1325,no,
STRM-100254,ACC-100254,tier 2,7,3,438,yes,too expensive
STRM-100255,ACC-100255,tier 1,10,3,335,yes,not enough content
STRM-100256,ACC-100256,tier 2,7,3,1554,no,
STRM-100257,ACC-100257,tier 3,5,3,110,yes,not enough content
STRM-100258,ACC-100258,tier 2,7,3,584,yes,switch to competitor
STRM-100259,ACC-100259,tier 2,7,3,1622,no,
STRM-100260,ACC-100260,tier 1,10,3,629,yes,not enough content
STRM-100261,ACC-100261,tier 2,7,3,1389,no,
STRM-100262,ACC-100262,tier 3,5,3,1629,no,
STRM-100263,ACC-100263,tier 1,10,3,1542,no,
STRM-100264,ACC-100264,tier 2,7,3,288,yes,too expensive
STRM-100265,ACC-100265,tier 3,5,3,362,yes,too expensive
STRM-100266,ACC-100266,tier 2,7,3,1611,no,
STRM-100267,ACC-100267,tier 2,7,3,108,yes,switch to competitor
STRM-100268,ACC-100268,tier 2,7,3,1470,no,
STRM-100269,ACC-100269,tier 2,7,3,596,yes,not enough content
STRM-100270,ACC-100270,tier 2,7,3,1605,no,
STRM-100271,ACC-100271,tier 3,5,3,1643,no,
STRM-100272,ACC-100272,tier 3,5,3,1374,no,
STRM-100273,ACC-100273,tier 3,5,3,1422,no,
STRM-100274,ACC-100274,tier 3,5,3,1337,no,
STRM-100275,ACC-100275,tier 2,7,3,1572,no,
STRM-100276,ACC-100276,tier 2,7,3,1580,no,
STRM-100277,ACC-100277,tier 3,5,3,1554,no,
STRM-100278,ACC-100278,tier 2,7,3,1464,no,
STRM-100279,ACC-100279,tier 2,7,3,377,yes,switch to competitor
STRM-100280,ACC-100280,tier 3,5,3,1663,no,
STRM-100281,ACC-100281,tier 3,5,3,1390,no,
STRM-100282,ACC-100282,tier 2,7,3,1626,no,
STRM-100283,ACC-100283,tier 2,7,3,1368,no,
STRM-100284,ACC-100284,tier 1,10,3,1630,no,
STRM-100285,ACC-100285,tier 2,7,3,1644,no,
STRM-100286,ACC-100286,tier 1,10,3,93,yes,too expensive
STRM-100287,ACC-100287,tier 2,7,3,1423,no,
STRM-100288,ACC-100288,tier 2,7,3,256,yes,switch to competitor
STRM-100289,ACC-100289,tier 2,7,3,1583,no,
STRM-100290,ACC-100290,tier 2,7,3,1363,no,
STRM-100291,ACC-100291,tier 1,10,3,1395,no,
STRM-100292,ACC-100292,tier 1,10,3,1523,no,
STRM-100293,ACC-100293,tier 3,5,3,1361,no,
STRM-100294,ACC-100294,tier 2,7,3,1425,no,
STRM-100295,ACC-100295,tier 1,10,3,1655,no,
STRM-100296,ACC-100296,tier 2,7,3,1638,no,
STRM-100297,ACC-100297,tier 3,5,3,1387,no,
STRM-100298,ACC-100298,tier 1,10,3,1392,no,
STRM-100299,ACC-100299,tier 2,7,3,476,yes,not enough content
STRM-100300,ACC-100300,tier 1,10,3,1641,no,
STRM-100301,ACC-100301,tier 1,10,3,1322,no,
STRM-100302,ACC-100302,tier 2,7,3,411,yes,switch to competitor
STRM-100303,ACC-100303,tier 2,7,3,1378,no,
STRM-100304,ACC-100304,tier 2,7,3,1516,no,
STRM-100305,ACC-100305,tier 2,7,3,687,yes,not enough content
STRM-100306,ACC-100306,tier 3,5,3,1643,no,
STRM-100307,ACC-100307,tier 2,7,3,1349,no,
STRM-100308,ACC-100308,tier 2,7,3,332,yes,not enough content
STRM-100309,ACC-100309,tier 3,5,3,701,yes,too expensive
STRM-100310,ACC-100310,tier 2,7,3,1341,no,
STRM-100311,ACC-100311,tier 2,7,3,1526,no,
STRM-100312,ACC-100312,tier 1,10,3,1436,no,
STRM-100313,ACC-100313,tier 1,10,3,118,yes,too expensive
STRM-100314,ACC-100314,tier 3,5,3,647,yes,too expensive
STRM-100315,ACC-100315,tier 3,5,3,1601,no,
STRM-100316,ACC-100316,tier 2,7,3,1460,no,
STRM-100317,ACC-100317,tier 2,7,3,1372,no,
STRM-100318,ACC-100318,tier 1,10,3,1562,no,
STRM-100319,ACC-100319,tier 1,10,3,466,yes,not enough content
STRM-100320,ACC-100320,tier 2,7,3,1489,no,
STRM-100321,ACC-100321,tier 2,7,3,1375,no,
STRM-100322,ACC-100322,tier 2,7,3,582,yes,switch to competitor
STRM-100323,ACC-100323,tier 2,7,3,294,yes,not enough content
STRM-100324,ACC-100324,tier 2,7,3,242,yes,too expensive
STRM-100325,ACC-100325,tier 3,5,3,1472,no,
STRM-100326,ACC-100326,tier 2,7,3,398,yes,too expensive
STRM-100327,ACC-100327,tier 2,7,3,680,yes,switch to competitor
STRM-100328,ACC-100328,tier 2,7,3,1665,no,
STRM-100329,ACC-100329,tier 2,7,3,1323,no,
STRM-100330,ACC-100330,tier 1,10,3,1675,no,
STRM-100331,ACC-100331,tier 2,7,3,1537,no,
STRM-100332,ACC-100332,tier 3,5,3,1470,no,
STRM-100333,ACC-100333,tier 1,10,3,526,yes,too expensive
STRM-100334,ACC-100334,tier 1,10,3,1421,no,
STRM-100335,ACC-100335,tier 1,10,3,1684,no,
STRM-100336,ACC-100336,tier 1,10,3,1344,no,
STRM-100337,ACC-100337,tier 3,5,3,1415,no,
STRM-100338,ACC-100338,tier 2,7,3,1444,no,
STRM-100339,ACC-100339,tier 2,7,3,1676,no,
STRM-100340,ACC-100340,tier 1,10,3,1348,no,
STRM-100341,ACC-100341,tier 2,7,3,1662,no,
STRM-100342,ACC-100342,tier 2,7,3,1334,no,
STRM-100343,ACC-100343,tier 1,10,3,1615,no,
STRM-100344,ACC-100344,tier 2,7,3,1581,no,
STRM-100345,ACC-100345,tier 2,7,3,1526,no,
STRM-100346,ACC-100346,tier 2,7,3,210,yes,too expensive
STRM-100347,ACC-100347,tier 2,7,3,354,yes,too expensive
STRM-100348,ACC-100348,tier 1,10,3,1496,no,
STRM-100349,ACC-100349,tier 2,7,3,523,yes,switch to competitor
STRM-100350,ACC-100350,tier 2,7,3,1419,no,
STRM-100351,ACC-100351,tier 2,7,3,1464,no,
STRM-100352,ACC-100352,tier 3,5,3,1632,no,
STRM-100353,ACC-100353,tier 2,7,3,1456,no,
STRM-100354,ACC-100354,tier 1,10,3,1457,no,
STRM-100355,ACC-100355,tier 1,10,3,1462,no,
STRM-100356,ACC-100356,tier 2,7,3,1358,no,
STRM-100357,ACC-100357,tier 1,10,3,709,yes,not enough content
STRM-100358,ACC-100358,tier 2,7,3,1650,no,
STRM-100359,ACC-100359,tier 3,5,3,48,yes,too expensive
STRM-100360,ACC-100360,tier 2,7,3,395,yes,switch to competitor
STRM-100361,ACC-100361,tier 2,7,3,1614,no,
STRM-100362,ACC-100362,tier 2,7,3,1542,no,
STRM-100363,ACC-100363,tier 2,7,3,1589,no,
STRM-100364,ACC-100364,tier 2,7,3,1551,no,
STRM-100365,ACC-100365,tier 3,5,3,1433,no,
STRM-100366,ACC-100366,tier 2,7,3,470,yes,too expensive
STRM-100367,ACC-100367,tier 3,5,3,1507,no,
STRM-100368,ACC-100368,tier 3,5,3,1604,no,
STRM-100369,ACC-100369,tier 1,10,3,1499,no,
STRM-100370,ACC-100370,tier 1,10,3,1613,no,
STRM-100371,ACC-100371,tier 1,10,3,1401,no,
STRM-100372,ACC-100372,tier 1,10,3,1640,no,
STRM-100373,ACC-100373,tier 1,10,3,603,yes,switch to competitor
STRM-100374,ACC-100374,tier 2,7,3,1356,no,
STRM-100375,ACC-100375,tier 1,10,3,1402,no,
STRM-100376,ACC-100376,tier 2,7,3,71,yes,too expensive
STRM-100377,ACC-100377,tier 3,5,3,1600,no,
STRM-100378,ACC-100378,tier 1,10,3,271,yes,switch to competitor
STRM-100379,ACC-100379,tier 3,5,3,1364,no,
STRM-100380,ACC-100380,tier 2,7,3,1356,no,
STRM-100381,ACC-100381,tier 1,10,3,1347,no,
STRM-100382,ACC-100382,tier 2,7,3,44,yes,too expensive
STRM-100383,ACC-100383,tier 2,7,3,1389,no,
STRM-100384,ACC-100384,tier 3,5,3,1357,no,
STRM-100385,ACC-100385,tier 2,7,3,1530,no,
STRM-100386,ACC-100386,tier 3,5,3,1452,no,
STRM-100387,ACC-100387,tier 2,7,3,1472,no,
STRM-100388,ACC-100388,tier 1,10,3,1611,no,
STRM-100389,ACC-100389,tier 3,5,3,542,yes,not enough content
STRM-100390,ACC-100390,tier 3,5,3,1561,no,
STRM-100391,ACC-100391,tier 3,5,3,1612,no,
STRM-100392,ACC-100392,tier 2,7,3,1470,no,
STRM-100393,ACC-100393,tier 2,7,3,1524,no,
STRM-100394,ACC-100394,tier 3,5,3,1445,no,
STRM-100395,ACC-100395,tier 2,7,3,532,yes,too expensive
STRM-100396,ACC-100396,tier 3,5,3,1386,no,
STRM-100397,ACC-100397,tier 3,5,3,684,yes,switch to competitor
STRM-100398,ACC-100398,tier 2,7,3,1410,no,
STRM-100399,ACC-100399,tier 3,5,3,427,yes,too expensive
STRM-100400,ACC-100400,tier 3,5,3,1658,no,
STRM-100401,ACC-100401,tier 1,10,3,1537,no,
STRM-100402,ACC-100402,tier 3,5,3,1403,no,
STRM-100403,ACC-100403,tier 2,7,3,1635,no,
STRM-100404,ACC-100404,tier 3,5,3,1611,no,
STRM-100405,ACC-100405,tier 2,7,3,1664,no,
STRM-100406,ACC-100406,tier 3,5,3,1442,no,
STRM-100407,ACC-100407,tier 2,7,3,1371,no,
STRM-100408,ACC-100408,tier 1,10,3,1512,no,
STRM-100409,ACC-100409,tier 3,5,3,1396,no,
STRM-100410,ACC-100410,tier 1,10,3,1340,no,
STRM-100411,ACC-100411,tier 2,7,3,1332,no,
STRM-100412,ACC-100412,tier 3,5,3,607,yes,not enough content
STRM-100413,ACC-100413,tier 3,5,3,1658,no,
STRM-100414,ACC-100414,tier 2,7,3,1336,no,
STRM-100415,ACC-100415,tier 2,7,3,1675,no,
STRM-100416,ACC-100416,tier 2,7,3,1331,no,
STRM-100417,ACC-100417,tier 2,7,3,1653,no,
STRM-100418,ACC-100418,tier 2,7,3,504,yes,too expensive
STRM-100419,ACC-100419,tier 2,7,3,1596,no,
STRM-100420,ACC-100420,tier 3,5,3,1503,no,
STRM-100421,ACC-100421,tier 3,5,3,1437,no,
STRM-100422,ACC-100422,tier 3,5,3,1532,no,
STRM-100423,ACC-100423,tier 1,10,3,1578,no,
STRM-100424,ACC-100424,tier 2,7,3,1506,no,
STRM-100425,ACC-100425,tier 1,10,3,1391,no,
STRM-100426,ACC-100426,tier 2,7,3,1610,no,
STRM-100427,ACC-100427,tier 2,7,3,1458,no,
STRM-100428,ACC-100428,tier 3,5,3,1409,no,
STRM-100429,ACC-100429,tier 2,7,3,1629,no,
STRM-100430,ACC-100430,tier 1,10,3,1659,no,
STRM-100431,ACC-100431,tier 1,10,3,1565,no,
STRM-100432,ACC-100432,tier 3,5,3,1443,no,
STRM-100433,ACC-100433,tier 2,7,3,1604,no,
STRM-100434,ACC-100434,tier 1,10,3,309,yes,switch to competitor
STRM-100435,ACC-100435,tier 1,10,3,106,yes,switch to competitor
STRM-100436,ACC-100436,tier 2,7,3,194,yes,not enough content
STRM-100437,ACC-100437,tier 1,10,3,205,yes,switch to competitor
STRM-100438,ACC-100438,tier 3,5,3,1532,no,
STRM-100439,ACC-100439,tier 2,7,3,571,yes,too expensive
STRM-100440,ACC-100440,tier 1,10,3,1426,no,
STRM-100441,ACC-100441,tier 1,10,3,678,yes,too expensive
STRM-100442,ACC-100442,tier 3,5,3,596,yes,too expensive
STRM-100443,ACC-100443,tier 2,7,3,430,yes,switch to competitor
STRM-100444,ACC-100444,tier 2,7,3,1479,no,
STRM-100445,ACC-100445,tier 3,5,3,21,yes,too expensive
STRM-100446,ACC-100446,tier 3,5,3,352,yes,too expensive
STRM-100447,ACC-100447,tier 3,5,3,1350,no,
STRM-100448,ACC-100448,tier 3,5,3,1624,no,
STRM-100449,ACC-100449,tier 2,7,3,333,yes,too expensive
STRM-100450,ACC-100450,tier 1,10,3,1370,no,
STRM-100451,ACC-100451,tier 3,5,3,635,yes,not enough content
STRM-100452,ACC-100452,tier 2,7,3,565,yes,switch to competitor
STRM-100453,ACC-100453,tier 2,7,3,1558,no,
STRM-100454,ACC-100454,tier 3,5,3,1456,no,
STRM-100455,ACC-100455,tier 1,10,3,1627,no,
STRM-100456,ACC-100456,tier 2,7,3,1410,no,
STRM-100457,ACC-100457,tier 1,10,3,1336,no,
STRM-100458,ACC-100458,tier 2,7,3,1423,no,
STRM-100459,ACC-100459,tier 1,10,3,1422,no,
STRM-100460,ACC-100460,tier 1,10,3,1448,no,
STRM-100461,ACC-100461,tier 1,10,3,238,yes,switch to competitor
STRM-100462,ACC-100462,tier 2,7,3,1468,no,
STRM-100463,ACC-100463,tier 2,7,3,1443,no,
STRM-100464,ACC-100464,tier 2,7,3,676,yes,switch to competitor
STRM-100465,ACC-100465,tier 3,5,3,401,yes,not enough content
STRM-100466,ACC-100466,tier 2,7,3,151,yes,switch to competitor
STRM-100467,ACC-100467,tier 2,7,3,417,yes,not enough content
STRM-100468,ACC-100468,tier 3,5,3,38,yes,not enough content
STRM-100469,ACC-100469,tier 1,10,3,1406,no,
STRM-100470,ACC-100470,tier 3,5,3,1449,no,
STRM-100471,ACC-100471,tier 1,10,3,1627,no,
STRM-100472,ACC-100472,tier 3,5,3,1676,no,
STRM-100473,ACC-100473,tier 1,10,3,1667,no,
STRM-100474,ACC-100474,tier 3,5,3,1662,no,
STRM-100475,ACC-100475,tier 2,7,3,1656,no,
STRM-100476,ACC-100476,tier 3,5,3,1390,no,
STRM-100477,ACC-100477,tier 1,10,3,691,yes,switch to competitor
STRM-100478,ACC-100478,tier 2,7,3,1531,no,
STRM-100479,ACC-100479,tier 3,5,3,1337,no,
STRM-100480,ACC-100480,tier 2,7,3,1355,no,
STRM-100481,ACC-100481,tier 2,7,3,1471,no,
STRM-100482,ACC-100482,tier 2,7,3,1409,no,
STRM-100483,ACC-100483,tier 2,7,3,74,yes,too expensive
STRM-100484,ACC-100484,tier 2,7,3,1399,no,
STRM-100485,ACC-100485,tier 2,7,3,1580,no,
STRM-100486,ACC-100486,tier 3,5,3,1637,no,
STRM-100487,ACC-100487,tier 1,10,3,1491,no,
STRM-100488,ACC-100488,tier 2,7,3,616,yes,too expensive
STRM-100489,ACC-100489,tier 3,5,3,355,yes,switch to competitor
STRM-100490,ACC-100490,tier 3,5,3,135,yes,switch to competitor
STRM-100491,ACC-100491,tier 2,7,3,1375,no,
STRM-100492,ACC-100492,tier 2,7,3,404,yes,not enough content
STRM-100493,ACC-100493,tier 2,7,3,1551,no,
STRM-100494,ACC-100494,tier 1,10,3,342,yes,switch to competitor
STRM-100495,ACC-100495,tier 2,7,3,1473,no,
STRM-100496,ACC-100496,tier 2,7,3,1551,no,
STRM-100497,ACC-100497,tier 2,7,3,1606,no,
STRM-100498,ACC-100498,tier 1,10,3,1559,no,
STRM-100499,ACC-100499,tier 3,5,3,672,yes,not enough content
STRM-100500,ACC-100500,tier 3,5,3,1504,no,
STRM-100501,ACC-100501,tier 2,7,3,75,yes,switch to competitor
STRM-100502,ACC-100502,tier 2,7,3,1342,no,
STRM-100503,ACC-100503,tier 2,7,3,1362,no,
STRM-100504,ACC-100504,tier 3,5,3,1426,no,
STRM-100505,ACC-100505,tier 2,7,3,1435,no,
STRM-100506,ACC-100506,tier 1,10,3,1676,no,
STRM-100507,ACC-100507,tier 3,5,3,705,yes,too expensive
STRM-100508,ACC-100508,tier 3,5,3,1635,no,
STRM-100509,ACC-100509,tier 3,5,3,1415,no,
STRM-100510,ACC-100510,tier 2,7,3,1481,no,
STRM-100511,ACC-100511,tier 2,7,3,246,yes,too expensive
STRM-100512,ACC-100512,tier 2,7,3,110,yes,switch to competitor
STRM-100513,ACC-100513,tier 3,5,3,1402,no,
STRM-100514,ACC-100514,tier 3,5,3,1597,no,
STRM-100515,ACC-100515,tier 1,10,3,58,yes,not enough content
STRM-100516,ACC-100516,tier 1,10,3,1394,no,
STRM-100517,ACC-100517,tier 2,7,3,592,yes,too expensive
STRM-100518,ACC-100518,tier 3,5,3,1523,no,
STRM-100519,ACC-100519,tier 3,5,3,93,yes,not enough content
STRM-100520,ACC-100520,tier 1,10,3,1561,no,
STRM-100521,ACC-100521,tier 2,7,3,720,yes,switch to competitor
STRM-100522,ACC-100522,tier 2,7,3,1634,no,
STRM-100523,ACC-100523,tier 3,5,3,421,yes,switch to competitor
STRM-100524,ACC-100524,tier 3,5,3,476,yes,too expensive
STRM-100525,ACC-100525,tier 3,5,3,457,yes,switch to competitor
STRM-100526,ACC-100526,tier 2,7,3,1368,no,
STRM-100527,ACC-100527,tier 2,7,3,1547,no,
STRM-100528,ACC-100528,tier 2,7,3,1485,no,
STRM-100529,ACC-100529,tier 1,10,3,1527,no,
STRM-100530,ACC-100530,tier 3,5,3,1640,no,
STRM-100531,ACC-100531,tier 3,5,3,1671,no,
STRM-100532,ACC-100532,tier 3,5,3,409,yes,too expensive
STRM-100533,ACC-100533,tier 3,5,3,587,yes,not enough content
STRM-100534,ACC-100534,tier 2,7,3,1490,no,
STRM-100535,ACC-100535,tier 3,5,3,1432,no,
STRM-100536,ACC-100536,tier 3,5,3,1469,no,
STRM-100537,ACC-100537,tier 3,5,3,522,yes,too expensive
STRM-100538,ACC-100538,tier 1,10,3,1630,no,
STRM-100539,ACC-100539,tier 2,7,3,1367,no,
STRM-100540,ACC-100540,tier 1,10,3,681,yes,too expensive
STRM-100541,ACC-100541,tier 3,5,3,1520,no,
STRM-100542,ACC-100542,tier 2,7,3,341,yes,not enough content
STRM-100543,ACC-100543,tier 1,10,3,1560,no,
STRM-100544,ACC-100544,tier 2,7,3,219,yes,too expensive
STRM-100545,ACC-100545,tier 2,7,3,1403,no,
STRM-100546,ACC-100546,tier 2,7,3,85,yes,too expensive
STRM-100547,ACC-100547,tier 1,10,3,1360,no,
STRM-100548,ACC-100548,tier 2,7,3,90,yes,switch to competitor
STRM-100549,ACC-100549,tier 2,7,3,1479,no,
STRM-100550,ACC-100550,tier 3,5,3,1500,no,
STRM-100551,ACC-100551,tier 2,7,3,1557,no,
STRM-100552,ACC-100552,tier 3,5,3,1371,no,
STRM-100553,ACC-100553,tier 2,7,3,455,yes,not enough content
STRM-100554,ACC-100554,tier 2,7,3,1552,no,
STRM-100555,ACC-100555,tier 3,5,3,1493,no,
STRM-100556,ACC-100556,tier 2,7,3,1672,no,
STRM-100557,ACC-100557,tier 1,10,3,160,yes,too expensive
STRM-100558,ACC-100558,tier 1,10,3,548,yes,not enough content
STRM-100559,ACC-100559,tier 3,5,3,1635,no,
STRM-100560,ACC-100560,tier 2,7,3,1531,no,
STRM-100561,ACC-100561,tier 2,7,3,1353,no,
STRM-100562,ACC-100562,tier 1,10,3,1595,no,
STRM-100563,ACC-100563,tier 1,10,3,659,yes,not enough content
STRM-100564,ACC-100564,tier 1,10,3,1348,no,
STRM-100565,ACC-100565,tier 2,7,3,1381,no,
STRM-100566,ACC-100566,tier 2,7,3,79,yes,too expensive
STRM-100567,ACC-100567,tier 2,7,3,1410,no,
STRM-100568,ACC-100568,tier 2,7,3,1626,no,
STRM-100569,ACC-100569,tier 3,5,3,1486,no,
STRM-100570,ACC-100570,tier 2,7,3,647,yes,switch to competitor
STRM-100571,ACC-100571,tier 2,7,3,1382,no,
STRM-100572,ACC-100572,tier 3,5,3,1562,no,
STRM-100573,ACC-100573,tier 2,7,3,1612,no,
STRM-100574,ACC-100574,tier 2,7,3,1488,no,
STRM-100575,ACC-100575,tier 3,5,3,1599,no,
STRM-100576,ACC-100576,tier 3,5,3,1454,no,
STRM-100577,ACC-100577,tier 1,10,3,1615,no,
STRM-100578,ACC-100578,tier 3,5,3,1334,no,
STRM-100579,ACC-100579,tier 2,7,3,1642,no,
STRM-100580,ACC-100580,tier 2,7,3,1544,no,
STRM-100581,ACC-100581,tier 2,7,3,1450,no,
STRM-100582,ACC-100582,tier 3,5,3,1626,no,
STRM-100583,ACC-100583,tier 2,7,3,466,yes,not enough content
STRM-100584,ACC-100584,tier 2,7,3,684,yes,too expensive
STRM-100585,ACC-100585,tier 2,7,3,1454,no,
STRM-100586,ACC-100586,tier 1,10,3,1563,no,
STRM-100587,ACC-100587,tier 1,10,3,1372,no,
STRM-100588,ACC-100588,tier 1,10,3,75,yes,not enough content
STRM-100589,ACC-100589,tier 1,10,3,1541,no,
STRM-100590,ACC-100590,tier 1,10,3,1535,no,
STRM-100591,ACC-100591,tier 1,10,3,298,yes,switch to competitor
STRM-100592,ACC-100592,tier 2,7,3,1617,no,
STRM-100593,ACC-100593,tier 1,10,3,1338,no,
STRM-100594,ACC-100594,tier 2,7,3,1472,no,
STRM-100595,ACC-100595,tier 3,5,3,726,yes,switch to competitor
STRM-100596,ACC-100596,tier 2,7,3,1517,no,
STRM-100597,ACC-100597,tier 2,7,3,1344,no,
STRM-100598,ACC-100598,tier 1,10,3,521,yes,switch to competitor
STRM-100599,ACC-100599,tier 1,10,3,1512,no,
STRM-100600,ACC-100600,tier 1,10,3,64,yes,too expensive
STRM-100601,ACC-100601,tier 1,10,3,1449,no,
STRM-100602,ACC-100602,tier 2,7,3,453,yes,too expensive
STRM-100603,ACC-100603,tier 1,10,3,1530,no,
STRM-100604,ACC-100604,tier 1,10,3,1500,no,
STRM-100605,ACC-100605,tier 1,10,3,1482,no,
STRM-100606,ACC-100606,tier 2,7,3,1638,no,
STRM-100607,ACC-100607,tier 1,10,3,1645,no,
STRM-100608,ACC-100608,tier 2,7,3,1680,no,
STRM-100609,ACC-100609,tier 2,7,3,1617,no,
STRM-100610,ACC-100610,tier 2,7,3,1632,no,
STRM-100611,ACC-100611,tier 1,10,3,151,yes,switch to competitor
STRM-100612,ACC-100612,tier 3,5,3,1413,no,
STRM-100613,ACC-100613,tier 2,7,3,658,yes,too expensive
STRM-100614,ACC-100614,tier 1,10,3,1333,no,
STRM-100615,ACC-100615,tier 3,5,3,618,yes,switch to competitor
STRM-100616,ACC-100616,tier 3,5,3,268,yes,too expensive
STRM-100617,ACC-100617,tier 1,10,3,1401,no,
STRM-100618,ACC-100618,tier 2,7,3,1331,no,
STRM-100619,ACC-100619,tier 3,5,3,1419,no,
STRM-100620,ACC-100620,tier 2,7,3,1354,no,
STRM-100621,ACC-100621,tier 1,10,3,1627,no,
STRM-100622,ACC-100622,tier 1,10,3,339,yes,switch to competitor
STRM-100623,ACC-100623,tier 2,7,3,1469,no,
STRM-100624,ACC-100624,tier 2,7,3,89,yes,not enough content
STRM-100625,ACC-100625,tier 2,7,3,1550,no,
STRM-100626,ACC-100626,tier 2,7,3,1538,no,
STRM-100627,ACC-100627,tier 2,7,3,1325,no,
STRM-100628,ACC-100628,tier 2,7,3,1642,no,
STRM-100629,ACC-100629,tier 1,10,3,1605,no,
STRM-100630,ACC-100630,tier 2,7,3,1327,no,
STRM-100631,ACC-100631,tier 2,7,3,133,yes,switch to competitor
STRM-100632,ACC-100632,tier 3,5,3,194,yes,switch to competitor
STRM-100633,ACC-100633,tier 2,7,3,1614,no,
STRM-100634,ACC-100634,tier 2,7,3,1417,no,
STRM-100635,ACC-100635,tier 1,10,3,290,yes,too expensive
STRM-100636,ACC-100636,tier 2,7,3,1465,no,
STRM-100637,ACC-100637,tier 2,7,3,1389,no,
STRM-100638,ACC-100638,tier 1,10,3,1500,no,
STRM-100639,ACC-100639,tier 2,7,3,1604,no,
STRM-100640,ACC-100640,tier 2,7,3,1424,no,
STRM-100641,ACC-100641,tier 1,10,3,1443,no,
STRM-100642,ACC-100642,tier 2,7,3,686,yes,too expensive
STRM-100643,ACC-100643,tier 1,10,3,1557,no,
STRM-100644,ACC-100644,tier 2,7,3,1392,no,
STRM-100645,ACC-100645,tier 1,10,3,62,yes,too expensive
STRM-100646,ACC-100646,tier 3,5,3,333,yes,too expensive
STRM-100647,ACC-100647,tier 2,7,3,1451,no,
STRM-100648,ACC-100648,tier 2,7,3,263,yes,too expensive
STRM-100649,ACC-100649,tier 3,5,3,215,yes,too expensive
STRM-100650,ACC-100650,tier 2,7,3,39,yes,not enough content
STRM-100651,ACC-100651,tier 1,10,3,358,yes,switch to competitor
STRM-100652,ACC-100652,tier 2,7,3,1527,no,
STRM-100653,ACC-100653,tier 2,7,3,160,yes,switch to competitor
STRM-100654,ACC-100654,tier 2,7,3,547,yes,switch to competitor
STRM-100655,ACC-100655,tier 2,7,3,1641,no,
STRM-100656,ACC-100656,tier 1,10,3,1483,no,
STRM-100657,ACC-100657,tier 2,7,3,257,yes,not enough content
STRM-100658,ACC-100658,tier 2,7,3,1483,no,
STRM-100659,ACC-100659,tier 2,7,3,1545,no,
STRM-100660,ACC-100660,tier 2,7,3,1385,no,
STRM-100661,ACC-100661,tier 2,7,3,1446,no,
STRM-100662,ACC-100662,tier 3,5,3,1578,no,
STRM-100663,ACC-100663,tier 2,7,3,1638,no,
STRM-100664,ACC-100664,tier 1,10,3,1328,no,
STRM-100665,ACC-100665,tier 1,10,3,1638,no,
STRM-100666,ACC-100666,tier 1,10,3,1659,no,
STRM-100667,ACC-100667,tier 1,10,3,584,yes,switch to competitor
STRM-100668,ACC-100668,tier 1,10,3,1448,no,
STRM-100669,ACC-100669,tier 1,10,3,242,yes,not enough content
STRM-100670,ACC-100670,tier 2,7,3,1494,no,
STRM-100671,ACC-100671,tier 1,10,3,1384,no,
STRM-100672,ACC-100672,tier 3,5,3,469,yes,not enough content
STRM-100673,ACC-100673,tier 1,10,3,1515,no,
STRM-100674,ACC-100674,tier 2,7,3,1391,no,
STRM-100675,ACC-100675,tier 2,7,3,1489,no,
STRM-100676,ACC-100676,tier 3,5,3,1589,no,
STRM-100677,ACC-100677,tier 1,10,3,1370,no,
STRM-100678,ACC-100678,tier 2,7,3,505,yes,not enough content
STRM-100679,ACC-100679,tier 3,5,3,1488,no,
STRM-100680,ACC-100680,tier 3,5,3,406,yes,switch to competitor
STRM-100681,ACC-100681,tier 3,5,3,1436,no,
STRM-100682,ACC-100682,tier 2,7,3,1546,no,
STRM-100683,ACC-100683,tier 1,10,3,1541,no,
STRM-100684,ACC-100684,tier 2,7,3,178,yes,not enough content
STRM-100685,ACC-100685,tier 3,5,3,1561,no,
STRM-100686,ACC-100686,tier 2,7,3,1486,no,
STRM-100687,ACC-100687,tier 2,7,3,1381,no,
STRM-100688,ACC-100688,tier 2,7,3,1326,no,
STRM-100689,ACC-100689,tier 3,5,3,519,yes,switch to competitor
STRM-100690,ACC-100690,tier 1,10,3,1433,no,
STRM-100691,ACC-100691,tier 2,7,3,1572,no,
STRM-100692,ACC-100692,tier 2,7,3,1370,no,
STRM-100693,ACC-100693,tier 2,7,3,346,yes,switch to competitor
STRM-100694,ACC-100694,tier 1,10,3,1384,no,
STRM-100695,ACC-100695,tier 1,10,3,397,yes,too expensive
STRM-100696,ACC-100696,tier 2,7,3,1633,no,
STRM-100697,ACC-100697,tier 2,7,3,513,yes,too expensive
STRM-100698,ACC-100698,tier 2,7,3,725,yes,not enough content
STRM-100699,ACC-100699,tier 1,10,3,1344,no,
STRM-100700,ACC-100700,tier 2,7,3,1332,no,
STRM-100701,ACC-100701,tier 2,7,3,1391,no,
STRM-100702,ACC-100702,tier 1,10,3,1376,no,
STRM-100703,ACC-100703,tier 2,7,3,1395,no,
STRM-100704,ACC-100704,tier 1,10,3,1645,no,
STRM-100705,ACC-100705,tier 1,10,3,701,yes,not enough content
STRM-100706,ACC-100706,tier 3,5,3,1679,no,
STRM-100707,ACC-100707,tier 2,7,3,16,yes,switch to competitor
STRM-100708,ACC-100708,tier 3,5,3,438,yes,not enough content
STRM-100709,ACC-100709,tier 2,TEN,3,1405,no,
STRM-100710,ACC-100710,tier 2,7,3,1453,no,
STRM-100711,ACC-100711,tier 3,5,3,1521,no,
STRM-100712,ACC-100712,tier 2,7,3,179,yes,not enough content
STRM-100713,ACC-100713,tier 2,7,3,509,yes,switch to competitor
STRM-100714,ACC-100714,tier 2,7,3,1600,no,
STRM-100715,ACC-100715,tier 2,7,3,1633,no,
STRM-100716,ACC-100716,tier 3,5,3,568,yes,not enough content
STRM-100717,ACC-100717,tier 3,5,3,1563,no,
STRM-100718,ACC-100718,tier 3,5,3,1657,no,
STRM-100719,ACC-100719,tier 1,10,3,1346,no,
STRM-100720,ACC-100720,tier 2,7,3,1671,no,
STRM-100721,ACC-100721,tier 3,5,3,330,yes,not enough content
STRM-100722,ACC-100722,tier 1,10,3,1346,no,
STRM-100723,ACC-100723,tier 1,10,3,393,yes,switch to competitor
STRM-100724,ACC-100724,tier 2,7,3,1550,no,
STRM-100725,ACC-100725,tier 2,7,3,1396,no,
STRM-100726,ACC-100726,tier 3,7,3,1342,no,
STRM-100727,ACC-100727,tier 1,10,3,1383,no,
STRM-100728,ACC-100728,tier 3,5,3,718,yes,switch to competitor
STRM-100729,ACC-100729,tier 1,10,3,1531,no,
STRM-100730,ACC-100730,tier 1,10,3,1455,no,
STRM-100731,ACC-100731,tier 1,10,3,1586,no,
STRM-100732,ACC-100732,tier 3,5,3,1462,no,
STRM-100733,ACC-100733,tier 2,7,3,1552,no,
STRM-100734,ACC-100734,tier 2,7,3,1400,no,
STRM-100735,ACC-100735,tier 2,7,3,27,yes,too expensive
STRM-100736,ACC-100736,tier 3,5,3,1472,no,
STRM-100737,ACC-100737,tier 2,7,3,307,yes,switch to competitor
STRM-100738,ACC-100738,tier 3,5,3,1549,no,
STRM-100739,ACC-100739,tier 2,7,3,1596,no,
STRM-100740,ACC-100740,tier 2,7,3,354,yes,too expensive
STRM-100741,ACC-100741,tier 2,7,3,396,yes,not enough content
STRM-100742,ACC-100742,tier 2,7,3,1529,no,
STRM-100743,ACC-100743,tier 2,7,3,1616,no,
STRM-100744,ACC-100744,tier 2,7,3,1471,no,
STRM-100745,ACC-100745,tier 1,10,3,431,yes,switch to competitor
STRM-100746,ACC-100746,tier 3,5,3,82,yes,switch to competitor
STRM-100747,ACC-100747,tier 2,7,3,44,yes,switch to competitor
STRM-100748,ACC-100748,tier 2,7,3,1655,no,
STRM-100749,ACC-100749,tier 3,5,3,1324,no,
STRM-100750,ACC-100750,tier 2,7,3,1481,no,
STRM-100751,ACC-100751,tier 1,10,3,1494,no,
STRM-100752,ACC-100752,tier 3,5,3,1384,no,
STRM-100753,ACC-100753,tier 2,7,3,1332,no,
STRM-100754,ACC-100754,tier 2,7,3,234,yes,not enough content
STRM-100755,ACC-100755,tier 1,10,3,1579,no,
STRM-100756,ACC-100756,tier 3,5,3,1335,no,
STRM-100757,ACC-100757,tier 2,7,3,1680,no,
STRM-100758,ACC-100758,tier 2,7,3,1321,no,
STRM-100759,ACC-100759,tier 3,5,3,1449,no,
STRM-100760,ACC-100760,tier 3,5,3,421,yes,too expensive
STRM-100761,ACC-100761,tier 1,10,3,398,yes,not enough content
STRM-100762,ACC-100762,tier 2,7,3,1334,no,
STRM-100763,ACC-100763,tier 1,10,3,1357,no,
STRM-100764,ACC-100764,tier 2,7,3,682,yes,not enough content
STRM-100765,ACC-100765,tier 1,10,3,73,yes,switch to competitor
STRM-100766,ACC-100766,tier 2,7,3,1521,no,
STRM-100767,ACC-100767,tier 3,5,3,429,yes,too expensive
STRM-100768,ACC-100768,tier 3,5,3,209,yes,not enough content
STRM-100769,ACC-100769,tier 2,7,3,1411,no,
STRM-100770,ACC-100770,tier 3,5,3,688,yes,switch to competitor
STRM-100771,ACC-100771,tier 1,10,3,1635,no,
STRM-100772,ACC-100772,tier 3,5,3,1513,no,
STRM-100773,ACC-100773,tier 1,10,3,1527,no,
STRM-100774,ACC-100774,tier 2,7,3,1385,no,
STRM-100775,ACC-100775,tier 3,5,3,1360,no,
STRM-100776,ACC-100776,tier 1,10,3,1585,no,
STRM-100777,ACC-100777,tier 1,10,3,1532,no,
STRM-100778,ACC-100778,tier 2,7,3,1509,no,
STRM-100779,ACC-100779,tier 2,7,3,199,yes,not enough content
STRM-100780,ACC-100780,tier 2,7,3,335,yes,not enough content
STRM-100781,ACC-100781,tier 2,7,3,1453,no,
STRM-100782,ACC-100782,tier 2,7,3,1639,no,
STRM-100783,ACC-100783,tier 2,7,3,407,yes,switch to competitor
STRM-100784,ACC-100784,tier 2,7,3,29,yes,switch to competitor
STRM-100785,ACC-100785,tier 1,10,3,1338,no,
STRM-100786,ACC-100786,tier 3,5,3,1508,no,
STRM-100787,ACC-100787,tier 2,7,3,1383,no,
STRM-100788,ACC-100788,tier 2,7,3,1536,no,
STRM-100789,ACC-100789,tier 2,7,3,365,yes,too expensive
STRM-100790,ACC-100790,tier 3,5,3,1588,no,
STRM-100791,ACC-100791,tier 1,10,3,149,yes,not enough content
STRM-100792,ACC-100792,tier 2,7,3,1426,no,
STRM-100793,ACC-100793,tier 2,7,3,1357,no,
STRM-100794,ACC-100794,tier 2,7,3,1660,no,
STRM-100795,ACC-100795,tier 1,10,3,1331,no,
STRM-100796,ACC-100796,tier 3,5,3,1404,no,
STRM-100797,ACC-100797,tier 3,5,3,1333,no,
STRM-100798,ACC-100798,tier 2,7,3,1633,no,
STRM-100799,ACC-100799,tier 2,7,3,1631,no,
STRM-100800,ACC-100800,tier 3,5,3,524,yes,switch to competitor
STRM-100801,ACC-100801,tier 2,7,3,221,yes,switch to competitor
STRM-100802,ACC-100802,tier 1,10,3,1602,no,
STRM-100803,ACC-100803,tier 2,7,3,1438,no,
STRM-100804,ACC-100804,tier 2,7,3,602,yes,too expensive
STRM-100805,ACC-100805,tier 2,7,3,91,yes,too expensive
STRM-100806,ACC-100806,tier 2,7,3,1566,no,
STRM-100807,ACC-100807,tier 3,5,3,1659,no,
STRM-100808,ACC-100808,tier 3,5,3,335,yes,switch to competitor
STRM-100809,ACC-100809,tier 2,7,3,1661,no,
STRM-100810,ACC-100810,tier 1,10,3,651,yes,too expensive
STRM-100811,ACC-100811,tier 3,5,3,1509,no,
STRM-100812,ACC-100812,tier 3,10,3,721,yes,switch to competitor
STRM-100813,ACC-100813,tier 1,10,3,1599,no,
STRM-100814,ACC-100814,tier 3,5,3,509,yes,not enough content
STRM-100815,ACC-100815,tier 3,5,3,1372,no,
STRM-100816,ACC-100816,tier 2,7,3,1618,no,
STRM-100817,ACC-100817,tier 2,7,3,1459,no,
STRM-100818,ACC-100818,tier 2,7,3,552,yes,too expensive
STRM-100819,ACC-100819,tier 1,10,3,1511,no,
STRM-100820,ACC-100820,tier 2,7,3,508,yes,not enough content
STRM-100821,ACC-100821,tier 3,5,3,642,yes,not enough content
STRM-100822,ACC-100822,tier 1,10,3,1604,no,
STRM-100823,ACC-100823,tier 2,7,3,343,yes,not enough content
STRM-100824,ACC-100824,tier 2,7,3,1659,no,
STRM-100825,ACC-100825,tier 2,7,3,1564,no,
STRM-100826,ACC-100826,tier 3,5,3,1429,no,
STRM-100827,ACC-100827,tier 2,7,3,1350,no,
STRM-100828,ACC-100828,tier 2,7,3,1399,no,
STRM-100829,ACC-100829,tier 2,7,3,1397,no,
STRM-100830,ACC-100830,tier 2,7,3,243,yes,switch to competitor
STRM-100831,ACC-100831,tier 1,10,3,1367,no,
STRM-100832,ACC-100832,tier 2,7,3,1453,no,
STRM-100833,ACC-100833,tier 1,10,3,1510,no,
STRM-100834,ACC-100834,tier 1,10,3,1417,no,
STRM-100835,ACC-100835,tier 2,7,3,1432,no,
STRM-100836,ACC-100836,tier 2,7,3,1372,no,
STRM-100837,ACC-100837,tier 3,5,3,210,yes,not enough content
STRM-100838,ACC-100838,tier 2,7,3,1472,no,
STRM-100839,ACC-100839,tier 2,7,3,1454,no,
STRM-100840,ACC-100840,tier 2,7,3,1682,no,
STRM-100841,ACC-100841,tier 1,10,3,196,yes,not enough content
STRM-100842,ACC-100842,tier 2,7,3,1619,no,
STRM-100843,ACC-100843,tier 1,10,3,1488,no,
STRM-100844,ACC-100844,tier 3,5,3,316,yes,not enough content
STRM-100845,ACC-100845,tier 1,10,3,1473,no,
STRM-100846,ACC-100846,tier 2,7,3,581,yes,switch to competitor
STRM-100847,ACC-100847,tier 1,10,3,1577,no,
STRM-100848,ACC-100848,tier 3,5,3,680,yes,not enough content
STRM-100849,ACC-100849,tier 2,7,3,590,yes,not enough content
STRM-100850,ACC-100850,tier 2,7,3,1411,no,
STRM-100851,ACC-100851,tier 1,10,3,1265,no,
STRM-100852,ACC-100852,tier 2,7,3,1291,no,
STRM-100853,ACC-100853,tier 1,10,3,1191,no,
STRM-100854,ACC-100854,tier 3,5,3,1042,no,
STRM-100855,ACC-100855,tier 1,10,3,244,yes,too expensive
STRM-100856,ACC-100856,tier 1,10,3,727,yes,switch to competitor
STRM-100857,ACC-100857,tier 1,10,3,1121,no,
STRM-100858,ACC-100858,tier 2,7,3,1292,no,
STRM-100859,ACC-100859,tier 2,7,3,663,yes,not enough content
STRM-100860,ACC-100860,tier 1,10,3,1018,no,
STRM-100861,ACC-100861,tier 3,5,3,1220,no,
STRM-100862,ACC-100862,tier 2,7,3,137,yes,too expensive
STRM-100863,ACC-100863,tier 2,7,3,1177,no,
STRM-100864,ACC-100864,tier 2,7,3,1189,no,
STRM-100865,ACC-100865,tier 2,7,3,626,yes,switch to competitor
STRM-100866,ACC-100866,tier 2,7,3,1026,no,
STRM-100867,ACC-100867,tier 1,10,3,548,yes,switch to competitor
STRM-100868,ACC-100868,tier 1,10,3,1041,no,
STRM-100869,ACC-100869,tier 3,5,3,1210,no,
STRM-100870,ACC-100870,tier 3,5,3,648,yes,switch to competitor
STRM-100871,ACC-100871,tier 2,7,3,987,no,
STRM-100872,ACC-100872,tier 2,7,3,643,yes,switch to competitor
STRM-100873,ACC-100873,tier 2,7,3,405,yes,switch to competitor
STRM-100874,ACC-100874,tier 2,7,3,40,yes,switch to competitor
STRM-100875,ACC-100875,tier 1,10,3,1059,no,
STRM-100876,ACC-100876,tier 1,10,3,1221,no,
STRM-100877,ACC-100877,tier 2,7,3,1044,no,
STRM-100878,ACC-100878,tier 2,7,3,976,no,
STRM-100879,ACC-100879,tier 1,10,3,1214,no,
STRM-100880,ACC-100880,tier 1,10,3,968,no,
STRM-100881,ACC-100881,tier 1,10,3,1275,no,
STRM-100882,ACC-100882,tier 2,7,3,1283,no,
STRM-100883,ACC-100883,tier 1,10,3,1121,no,
STRM-100884,ACC-100884,tier 1,10,3,1311,no,
STRM-100885,ACC-100885,tier 3,5,3,1003,no,
STRM-100886,ACC-100886,tier 1,10,3,1282,no,
STRM-100887,ACC-100887,tier 2,7,3,968,no,
STRM-100888,ACC-100888,tier 1,10,3,1095,no,
STRM-100889,ACC-100889,tier 1,10,3,1239,no,
STRM-100890,ACC-100890,tier 1,10,3,1040,no,
STRM-100891,ACC-100891,tier 2,7,3,678,yes,not enough content
STRM-100892,ACC-100892,tier 3,5,3,1035,no,
STRM-100893,ACC-100893,tier 3,5,3,1014,no,
STRM-100894,ACC-100894,tier 2,7,3,367,yes,not enough content
STRM-100895,ACC-100895,tier 2,7,3,1057,no,
STRM-100896,ACC-100896,tier 1,10,3,1190,no,
STRM-100897,ACC-100897,tier 2,7,3,1038,no,
STRM-100898,ACC-100898,tier 3,5,3,976,no,
STRM-100899,ACC-100899,tier 1,10,3,1022,no,
STRM-100900,ACC-100900,tier 1,10,3,976,no,
STRM-100901,ACC-100901,tier 1,10,3,340,yes,not enough content
STRM-100902,ACC-100902,tier 1,10,3,1004,no,
STRM-100903,ACC-100903,tier 1,10,3,1029,no,
STRM-100904,ACC-100904,tier 2,7,3,1317,no,
STRM-100905,ACC-100905,tier 2,7,3,1135,no,
STRM-100906,ACC-100906,tier 3,5,3,1091,no,
STRM-100907,ACC-100907,tier 3,5,3,1264,no,
STRM-100908,ACC-100908,tier 2,7,3,216,yes,not enough content
STRM-100909,ACC-100909,tier 2,7,3,534,yes,too expensive
STRM-100910,ACC-100910,tier 2,7,3,1023,no,
STRM-100911,ACC-100911,tier 2,7,3,1037,no,
STRM-100912,ACC-100912,tier 2,7,3,1243,no,
STRM-100913,ACC-100913,tier 2,7,3,1082,no,
STRM-100914,ACC-100914,tier 2,7,3,1062,no,
STRM-100915,ACC-100915,tier 2,7,3,1056,no,
STRM-100916,ACC-100916,tier 2,7,3,1030,no,
STRM-100917,ACC-100917,tier 2,7,3,1299,no,
STRM-100918,ACC-100918,tier 3,5,3,1184,no,
STRM-100919,ACC-100919,tier 3,5,3,1135,no,
STRM-100920,ACC-100920,tier 1,10,3,987,no,
STRM-100921,ACC-100921,tier 3,5,3,1185,no,
STRM-100922,ACC-100922,tier 2,7,3,985,no,
STRM-100923,ACC-100923,tier 3,5,3,1191,no,
STRM-100924,ACC-100924,tier 3,5,3,1143,no,
STRM-100925,ACC-100925,tier 2,7,3,1248,no,
STRM-100926,ACC-100926,tier 1,10,3,990,no,
STRM-100927,ACC-100927,tier 2,7,3,1134,no,
STRM-100928,ACC-100928,tier 2,7,3,508,yes,not enough content
STRM-100929,ACC-100929,tier 2,7,3,1212,no,
STRM-100930,ACC-100930,tier 2,7,3,1195,no,
STRM-100931,ACC-100931,tier 1,10,3,997,no,
STRM-100932,ACC-100932,tier 3,5,3,1234,no,
STRM-100933,ACC-100933,tier 3,5,3,1031,no,
STRM-100934,ACC-100934,tier 2,7,3,1209,no,
STRM-100935,ACC-100935,tier 1,10,3,630,yes,switch to competitor
STRM-100936,ACC-100936,tier 2,7,3,982,no,
STRM-100937,ACC-100937,tier 1,10,3,1014,no,
STRM-100938,ACC-100938,tier 3,5,3,1252,no,
STRM-100939,ACC-100939,tier 1,10,3,1009,no,
STRM-100940,ACC-100940,tier 2,7,3,1047,no,
STRM-100941,ACC-100941,tier 2,7,3,982,no,
STRM-100942,ACC-100942,tier 2,7,3,972,no,
STRM-100943,ACC-100943,tier 2,7,3,1297,no,
STRM-100944,ACC-100944,tier 3,5,3,405,yes,not enough content
STRM-100945,ACC-100945,tier 1,10,3,1251,no,
STRM-100946,ACC-100946,tier 1,10,3,433,yes,not enough content
STRM-100947,ACC-100947,tier 1,10,3,22,yes,switch to competitor
STRM-100948,ACC-100948,tier 3,5,3,1316,no,
STRM-100949,ACC-100949,tier 3,5,3,1134,no,
STRM-100950,ACC-100950,tier 2,7,3,1045,no,
STRM-100951,ACC-100951,tier 2,7,3,438,yes,not enough content
STRM-100952,ACC-100952,tier 2,7,3,1130,no,
STRM-100953,ACC-100953,tier 1,10,3,1024,no,
STRM-100954,ACC-100954,tier 3,5,3,472,yes,not enough content
STRM-100955,ACC-100955,tier 2,7,3,1059,no,
STRM-100956,ACC-100956,tier 2,7,3,20,yes,not enough content
STRM-100957,ACC-100957,tier 2,7,3,1012,no,
STRM-100958,ACC-100958,tier 1,10,3,1130,no,
STRM-100959,ACC-100959,tier 1,10,3,1005,no,
STRM-100960,ACC-100960,tier 2,7,3,1230,no,
STRM-100961,ACC-100961,tier 1,10,3,545,yes,too expensive
STRM-100962,ACC-100962,tier 2,7,3,1013,no,
STRM-100963,ACC-100963,tier 1,10,3,1301,no,
STRM-100964,ACC-100964,tier 2,7,3,424,yes,not enough content
STRM-100965,ACC-100965,tier 2,7,3,1019,no,
STRM-100966,ACC-100966,tier 2,7,3,1038,no,
STRM-100967,ACC-100967,tier 2,7,3,1178,no,
STRM-100968,ACC-100968,tier 2,7,3,1025,no,
STRM-100969,ACC-100969,tier 2,7,3,1265,no,
STRM-100970,ACC-100970,tier 2,7,3,278,yes,switch to competitor
STRM-100971,ACC-100971,tier 2,7,3,591,yes,switch to competitor
STRM-100972,ACC-100972,tier 3,5,3,484,yes,not enough content
STRM-100973,ACC-100973,tier 2,7,3,1305,no,
STRM-100974,ACC-100974,tier 1,10,3,240,yes,not enough content
STRM-100975,ACC-100975,tier 1,10,3,1158,no,
STRM-100976,ACC-100976,tier 2,7,3,1185,no,
STRM-100977,ACC-100977,tier 2,7,3,1144,no,
STRM-100978,ACC-100978,tier 1,10,3,1138,no,
STRM-100979,ACC-100979,tier 2,7,3,209,yes,not enough content
STRM-100980,ACC-100980,tier 2,7,3,226,yes,switch to competitor
STRM-100981,ACC-100981,tier 2,7,3,1003,no,
STRM-100982,ACC-100982,tier 3,5,3,519,yes,switch to competitor
STRM-100983,ACC-100983,tier 1,10,3,508,yes,too expensive
STRM-100984,ACC-100984,tier 1,10,3,517,yes,too expensive
STRM-100985,ACC-100985,tier 2,7,3,146,yes,too expensive
STRM-100986,ACC-100986,tier 2,7,3,1043,no,
STRM-100987,ACC-100987,tier 2,7,3,1230,no,
STRM-100988,ACC-100988,tier 2,7,3,967,no,
STRM-100989,ACC-100989,tier 1,10,3,1022,no,
STRM-100990,ACC-100990,tier 3,5,3,1039,no,
STRM-100991,ACC-100991,tier 3,5,3,1144,no,
STRM-100992,ACC-100992,tier 2,7,3,1105,no,
STRM-100993,ACC-100993,tier 2,7,3,1176,no,
STRM-100994,ACC-100994,tier 2,7,3,968,no,
STRM-100995,ACC-100995,tier 2,7,3,1199,no,
STRM-100996,ACC-100996,tier 1,10,3,1243,no,
STRM-100997,ACC-100997,tier 3,5,3,1064,no,
STRM-100998,ACC-100998,tier 1,10,3,1070,no,
STRM-100999,ACC-100999,tier 3,5,3,1269,no,
STRM-101000,ACC-101000,tier 2,7,3,113,yes,switch to competitor
STRM-101001,ACC-101001,tier 1,10,3,1135,no,
STRM-101002,ACC-101002,tier 2,7,3,1309,no,
STRM-101003,ACC-101003,tier 3,5,3,1025,no,
STRM-101004,ACC-101004,tier 2,7,3,1174,no,
STRM-101005,ACC-101005,tier 3,5,3,405,yes,too expensive
STRM-101006,ACC-101006,tier 2,7,3,186,yes,not enough content
STRM-101007,ACC-101007,tier 2,7,3,996,no,
STRM-101008,ACC-101008,tier 3,5,3,1237,no,
STRM-101009,ACC-101009,tier 1,10,3,1170,no,
STRM-101010,ACC-101010,tier 2,7,3,386,yes,not enough content
STRM-101011,ACC-101011,tier 1,10,3,1234,no,
STRM-101012,ACC-101012,tier 3,5,3,1199,no,
STRM-101013,ACC-101013,tier 3,5,3,1116,no,
STRM-101014,ACC-101014,tier 1,10,3,1292,no,
STRM-101015,ACC-101015,tier 2,7,3,1185,no,
STRM-101016,ACC-101016,tier 3,5,3,1202,no,
STRM-101017,ACC-101017,tier 1,10,3,1255,no,
STRM-101018,ACC-101018,tier 2,7,3,980,no,
STRM-101019,ACC-101019,tier 3,5,3,576,yes,switch to competitor
STRM-101020,ACC-101020,tier 1,10,3,1043,no,
STRM-101021,ACC-101021,tier 2,7,3,460,yes,too expensive
STRM-101022,ACC-101022,tier 2,7,3,1073,no,
STRM-101023,ACC-101023,tier 3,5,3,1132,no,
STRM-101024,ACC-101024,tier 3,5,3,1319,no,
STRM-101025,ACC-101025,tier 3,5,3,1079,no,
STRM-101026,ACC-101026,tier 2,7,3,314,yes,not enough content
STRM-101027,ACC-101027,tier 3,5,3,1316,no,
STRM-101028,ACC-101028,tier 3,5,3,1096,no,
STRM-101029,ACC-101029,tier 2,7,3,1207,no,
STRM-101030,ACC-101030,tier 3,5,3,716,yes,switch to competitor
STRM-101031,ACC-101031,tier 1,10,3,437,yes,too expensive
STRM-101032,ACC-101032,tier 2,7,3,1250,no,
STRM-101033,ACC-101033,tier 1,10,3,1088,no,
STRM-101034,ACC-101034,tier 1,10,3,1155,no,
STRM-101035,ACC-101035,tier 1,10,3,1267,no,
STRM-101036,ACC-101036,tier 2,7,3,1315,no,
STRM-101037,ACC-101037,tier 2,7,3,1208,no,
STRM-101038,ACC-101038,tier 2,7,3,1082,no,
STRM-101039,ACC-101039,tier 1,10,3,1245,no,
STRM-101040,ACC-101040,tier 2,7,3,1079,no,
STRM-101041,ACC-101041,tier 2,7,3,269,yes,not enough content
STRM-101042,ACC-101042,tier 3,5,3,1302,no,
STRM-101043,ACC-101043,tier 2,7,3,1120,no,
STRM-101044,ACC-101044,tier 2,7,3,577,yes,too expensive
STRM-101045,ACC-101045,tier 3,5,3,1073,no,
STRM-101046,ACC-101046,tier 2,7,3,978,no,
STRM-101047,ACC-101047,tier 1,10,3,1097,no,
STRM-101048,ACC-101048,tier 1,10,3,1258,no,
STRM-101049,ACC-101049,tier 3,5,3,501,yes,switch to competitor
STRM-101050,ACC-101050,tier 1,10,3,1274,no,
STRM-101051,ACC-101051,tier 3,5,3,1003,no,
STRM-101052,ACC-101052,tier 2,7,3,1137,no,
STRM-101053,ACC-101053,tier 3,5,3,1070,no,
STRM-101054,ACC-101054,tier 3,5,3,36,yes,too expensive
STRM-101055,ACC-101055,tier 3,5,3,1251,no,
STRM-101056,ACC-101056,tier 2,7,3,1095,no,
STRM-101057,ACC-101057,tier 3,5,3,1029,no,
STRM-101058,ACC-101058,tier 2,7,3,1080,no,
STRM-101059,ACC-101059,tier 2,7,3,1048,no,
STRM-101060,ACC-101060,tier 2,7,3,1132,no,
STRM-101061,ACC-101061,tier 3,5,3,649,yes,switch to competitor
STRM-101062,ACC-101062,tier 3,5,3,1287,no,
STRM-101063,ACC-101063,tier 3,5,3,1051,no,
STRM-101064,ACC-101064,tier 2,7,3,1175,no,
STRM-101065,ACC-101065,tier 2,7,3,1270,no,
STRM-101066,ACC-101066,tier 2,7,3,221,yes,too expensive
STRM-101067,ACC-101067,tier 1,10,3,1269,no,
STRM-101068,ACC-101068,tier 1,10,3,1069,no,
STRM-101069,ACC-101069,tier 2,7,3,1132,no,
STRM-101070,ACC-101070,tier 2,7,3,984,no,
STRM-101071,ACC-101071,tier 2,7,3,992,no,
STRM-101072,ACC-101072,tier 1,10,3,957,no,
STRM-101073,ACC-101073,tier 1,10,3,326,yes,not enough content
STRM-101074,ACC-101074,tier 1,10,3,1270,no,
STRM-101075,ACC-101075,tier 3,5,3,1221,no,
STRM-101076,ACC-101076,tier 2,7,3,1034,no,
STRM-101077,ACC-101077,tier 2,7,3,1085,no,
STRM-101078,ACC-101078,tier 2,7,3,1227,no,
STRM-101079,ACC-101079,tier 1,10,3,1239,no,
STRM-101080,ACC-101080,tier 3,5,3,1158,no,
STRM-101081,ACC-101081,tier 3,5,3,995,no,
STRM-101082,ACC-101082,tier 1,10,3,1040,no,
STRM-101083,ACC-101083,tier 2,7,3,1088,no,
STRM-101084,ACC-101084,tier 3,5,3,625,yes,switch to competitor
STRM-101085,ACC-101085,tier 3,5,3,1316,no,
STRM-101086,ACC-101086,tier 2,7,3,721,yes,switch to competitor
STRM-101087,ACC-101087,tier 2,5 dollars,3,1300,no,
STRM-101088,ACC-101088,tier 1,10,3,270,yes,switch to competitor
STRM-101089,ACC-101089,tier 3,5,3,1166,no,
STRM-101090,ACC-101090,tier 1,10,3,509,yes,too expensive
STRM-101091,ACC-101091,tier 3,5,3,960,no,
STRM-101092,ACC-101092,tier 2,7,3,1024,no,
STRM-101093,ACC-101093,tier 2,7,3,1097,no,
STRM-101094,ACC-101094,tier 2,7,3,26,yes,too expensive
STRM-101095,ACC-101095,tier 1,10,3,1163,no,
STRM-101096,ACC-101096,tier 1,10,3,1062,no,
STRM-101097,ACC-101097,tier 1,10,3,624,yes,not enough content
STRM-101098,ACC-101098,tier 1,10,3,1098,no,
STRM-101099,ACC-101099,tier 3,5,3,1147,no,
STRM-101100,ACC-101100,tier 2,7,3,1115,no,
STRM-101101,ACC-101101,tier 1,10,3,962,no,
STRM-101102,ACC-101102,tier 3,5,3,1218,no,
STRM-101103,ACC-101103,tier 3,5,3,551,yes,switch to competitor
STRM-101104,ACC-101104,tier 3,5,3,346,yes,switch to competitor
STRM-101105,ACC-101105,tier 3,5,3,976,no,
STRM-101106,ACC-101106,tier 1,10,3,1155,no,
STRM-101107,ACC-101107,tier 2,7,3,1163,no,
STRM-101108,ACC-101108,tier 3,5,3,1245,no,
STRM-101109,ACC-101109,tier 2,7,3,1128,no,
STRM-101110,ACC-101110,tier 1,10,3,1292,no,
STRM-101111,ACC-101111,tier 3,5,3,1312,no,
STRM-101112,ACC-101112,tier 1,10,3,1078,no,
STRM-101113,ACC-101113,tier 1,10,3,1040,no,
STRM-101114,ACC-101114,tier 2,7,3,1247,no,
STRM-101115,ACC-101115,tier 2,7,3,554,yes,too expensive
STRM-101116,ACC-101116,tier 2,7,3,1289,no,
STRM-101117,ACC-101117,tier 1,10,3,1081,no,
STRM-101118,ACC-101118,tier 3,5,3,981,no,
STRM-101119,ACC-101119,tier 2,7,3,1310,no,
STRM-101120,ACC-101120,tier 1,10,3,1125,no,
STRM-101121,ACC-101121,tier 3,5,3,1014,no,
STRM-101122,ACC-101122,tier 3,5,3,1085,no,
STRM-101123,ACC-101123,tier 3,5,3,1048,no,
STRM-101124,ACC-101124,tier 3,5,3,1239,no,
STRM-101125,ACC-101125,tier 2,7,3,999,no,
STRM-101126,ACC-101126,tier 2,7,3,1288,no,
STRM-101127,ACC-101127,tier 1,10,3,1176,no,
STRM-101128,ACC-101128,tier 2,7,3,1249,no,
STRM-101129,ACC-101129,tier 2,7,3,1196,no,
STRM-101130,ACC-101130,tier 2,7,3,1151,no,
STRM-101131,ACC-101131,tier 2,7,3,1249,no,
STRM-101132,ACC-101132,tier 2,7,3,1161,no,
STRM-101133,ACC-101133,tier 1,10,3,1245,no,
STRM-101134,ACC-101134,tier 1,10,3,1285,no,
STRM-101135,ACC-101135,tier 2,7,3,341,yes,too expensive
STRM-101136,ACC-101136,tier 1,10,3,667,yes,not enough content
STRM-101137,ACC-101137,tier 3,5,3,1223,no,
STRM-101138,ACC-101138,tier 2,7,3,1006,no,
STRM-101139,ACC-101139,tier 2,7,3,1201,no,
STRM-101140,ACC-101140,tier 2,7,3,152,yes,not enough content
STRM-101141,ACC-101141,tier 3,5,3,987,no,
STRM-101142,ACC-101142,tier 2,7,3,1249,no,
STRM-101143,ACC-101143,tier 2,7,3,437,yes,too expensive
STRM-101144,ACC-101144,tier 2,7,3,1215,no,
STRM-101145,ACC-101145,tier 2,7,3,267,yes,switch to competitor
STRM-101146,ACC-101146,tier 3,5,3,1298,no,
STRM-101147,ACC-101147,tier 3,5,3,600,yes,not enough content
STRM-101148,ACC-101148,tier 2,7,3,1264,no,
STRM-101149,ACC-101149,tier 3,5,3,1044,no,
STRM-101150,ACC-101150,tier 3,5,3,209,yes,too expensive
STRM-101151,ACC-101151,tier 2,7,3,307,yes,too expensive
STRM-101152,ACC-101152,tier 3,5,3,1169,no,
STRM-101153,ACC-101153,tier 2,7,3,989,no,
STRM-101154,ACC-101154,tier 2,7,3,727,yes,switch to competitor
STRM-101155,ACC-101155,tier 2,7,3,1108,no,
STRM-101156,ACC-101156,tier 3,5,3,221,yes,too expensive
STRM-101157,ACC-101157,tier 1,10,3,1154,no,
STRM-101158,ACC-101158,tier 3,5,3,1261,no,
STRM-101159,ACC-101159,tier 3,5,3,1051,no,
STRM-101160,ACC-101160,tier 1,10,3,1038,no,
STRM-101161,ACC-101161,tier 3,5,3,181,yes,too expensive
STRM-101162,ACC-101162,tier 1,10,3,955,no,
STRM-101163,ACC-101163,tier 2,7,3,1091,no,
STRM-101164,ACC-101164,tier 2,7,3,1216,no,
STRM-101165,ACC-101165,tier 1,10,3,571,yes,not enough content
STRM-101166,ACC-101166,tier 3,5,3,1208,no,
STRM-101167,ACC-101167,tier 3,5,3,1093,no,
STRM-101168,ACC-101168,tier 2,7,3,1039,no,
STRM-101169,ACC-101169,tier 1,10,3,1225,no,
STRM-101170,ACC-101170,tier 2,7,3,698,yes,too expensive
STRM-101171,ACC-101171,tier 2,7,3,1275,no,
STRM-101172,ACC-101172,tier 3,5,3,975,no,
STRM-101173,ACC-101173,tier 2,7,3,1023,no,
STRM-101174,ACC-101174,tier 2,7,3,1166,no,
STRM-101175,ACC-101175,tier 2,7,3,81,yes,too expensive
STRM-101176,ACC-101176,tier 2,7,3,1257,no,
STRM-101177,ACC-101177,tier 3,5,3,1108,no,
STRM-101178,ACC-101178,tier 1,10,3,659,yes,not enough content
STRM-101179,ACC-101179,tier 3,5,3,967,no,
STRM-101180,ACC-101180,tier 2,7,3,1157,no,
STRM-101181,ACC-101181,tier 3,5,3,1005,no,
STRM-101182,ACC-101182,tier 2,7,3,253,yes,switch to competitor
STRM-101183,ACC-101183,tier 2,7,3,1259,no,
STRM-101184,ACC-101184,tier 3,5,3,439,yes,switch to competitor
STRM-101185,ACC-101185,tier 1,10,3,1140,no,
STRM-101186,ACC-101186,tier 3,5,3,992,no,
STRM-101187,ACC-101187,tier 2,7,3,1285,no,
STRM-101188,ACC-101188,tier 1,10,3,1316,no,
STRM-101189,ACC-101189,tier 2,7,3,1028,no,
STRM-101190,ACC-101190,tier 2,7,3,703,yes,not enough content
STRM-101191,ACC-101191,tier 1,10,3,1301,no,
STRM-101192,ACC-101192,tier 2,7,3,564,yes,not enough content
STRM-101193,ACC-101193,tier 2,7,3,72,yes,switch to competitor
STRM-101194,ACC-101194,tier 2,7,3,972,no,
STRM-101195,ACC-101195,tier 1,10,3,1024,no,
STRM-101196,ACC-101196,tier 3,5,3,362,yes,switch to competitor
STRM-101197,ACC-101197,tier 3,5,3,1009,no,
STRM-101198,ACC-101198,tier 3,5,3,1162,no,
STRM-101199,ACC-101199,tier 2,7,3,1108,no,
STRM-101200,ACC-101200,tier 1,10,3,1165,no,
STRM-101201,ACC-101201,tier 3,5,3,221,yes,switch to competitor
STRM-101202,ACC-101202,tier 1,10,3,527,yes,switch to competitor
STRM-101203,ACC-101203,tier 1,10,3,551,yes,switch to competitor
STRM-101204,ACC-101204,tier 2,7,3,543,yes,not enough content
STRM-101205,ACC-101205,tier 2,7,3,1301,no,
STRM-101206,ACC-101206,tier 3,5,3,718,yes,too expensive
STRM-101207,ACC-101207,tier 2,7,3,120,yes,switch to competitor
STRM-101208,ACC-101208,tier 2,7,3,669,yes,switch to competitor
STRM-101209,ACC-101209,tier 2,7,3,1221,no,
STRM-101210,ACC-101210,tier 3,5,3,1094,no,
STRM-101211,ACC-101211,tier 2,7,3,1179,no,
STRM-101212,ACC-101212,tier 2,7,3,1042,no,
STRM-101213,ACC-101213,tier 1,10,3,602,yes,too expensive
STRM-101214,ACC-101214,tier 3,7,3,1160,no,
STRM-101215,ACC-101215,tier 2,7,3,1253,no,
STRM-101216,ACC-101216,tier 1,10,3,1123,no,
STRM-101217,ACC-101217,tier 1,10,3,959,no,
STRM-101218,ACC-101218,tier 2,7,3,1137,no,
STRM-101219,ACC-101219,tier 2,7,3,1081,no,
STRM-101220,ACC-101220,tier 2,7,3,1086,no,
STRM-101221,ACC-101221,tier 3,5,3,162,yes,too expensive
STRM-101222,ACC-101222,tier 1,10,3,1119,no,
STRM-101223,ACC-101223,tier 2,7,3,1153,no,
STRM-101224,ACC-101224,tier 3,5,3,1262,no,
STRM-101225,ACC-101225,tier 2,7,3,1141,no,
STRM-101226,ACC-101226,tier 2,7,3,1265,no,
STRM-101227,ACC-101227,tier 2,7,3,1165,no,
STRM-101228,ACC-101228,tier 2,7,3,1002,no,
STRM-101229,ACC-101229,tier 3,5,3,1286,no,
STRM-101230,ACC-101230,tier 2,7,3,1097,no,
STRM-101231,ACC-101231,tier 3,5,3,980,no,
STRM-101232,ACC-101232,tier 1,10,3,1016,no,
STRM-101233,ACC-101233,tier 1,10,3,1229,no,
STRM-101234,ACC-101234,tier 1,10,3,1264,no,
STRM-101235,ACC-101235,tier 2,7,3,1066,no,
STRM-101236,ACC-101236,tier 2,7,3,666,yes,too expensive
STRM-101237,ACC-101237,tier 3,5,3,1243,no,
STRM-101238,ACC-101238,tier 2,7,3,1024,no,
STRM-101239,ACC-101239,tier 3,5,3,710,yes,too expensive
STRM-101240,ACC-101240,tier 1,10,3,611,yes,too expensive
STRM-101241,ACC-101241,tier 3,5,3,1169,no,
STRM-101242,ACC-101242,tier 3,5,3,959,no,
STRM-101243,ACC-101243,tier 3,5,3,1304,no,
STRM-101244,ACC-101244,tier 3,5,3,1157,no,
STRM-101245,ACC-101245,tier 3,5,3,1040,no,
STRM-101246,ACC-101246,tier 2,7,3,1223,no,
STRM-101247,ACC-101247,tier 1,10,3,701,yes,too expensive
STRM-101248,ACC-101248,tier 1,10,3,1283,no,
STRM-101249,ACC-101249,tier 3,5,3,154,yes,not enough content
STRM-101250,ACC-101250,tier 2,7,3,727,yes,too expensive
STRM-101251,ACC-101251,tier 3,5,3,1227,no,
STRM-101252,ACC-101252,tier 2,7,3,1138,no,
STRM-101253,ACC-101253,tier 1,10,3,257,yes,too expensive
STRM-101254,ACC-101254,tier 1,10,3,1040,no,
STRM-101255,ACC-101255,tier 2,7,3,1072,no,
STRM-101256,ACC-101256,tier 2,7,3,1279,no,
STRM-101257,ACC-101257,tier 1,10,3,1055,no,
STRM-101258,ACC-101258,tier 2,7,3,1078,no,
STRM-101259,ACC-101259,tier 1,10,3,995,no,
STRM-101260,ACC-101260,tier 2,7,3,562,yes,not enough content
STRM-101261,ACC-101261,tier 2,7,3,602,yes,too expensive
STRM-101262,ACC-101262,tier 3,5,3,1169,no,
STRM-101263,ACC-101263,tier 2,7,3,1031,no,
STRM-101264,ACC-101264,tier 2,7,3,1233,no,
STRM-101265,ACC-101265,tier 1,10,3,1000,no,
STRM-101266,ACC-101266,tier 1,10,3,1061,no,
STRM-101267,ACC-101267,tier 2,7,3,1004,no,
STRM-101268,ACC-101268,tier 2,7,3,1262,no,
STRM-101269,ACC-101269,tier 2,7,3,1091,no,
STRM-101270,ACC-101270,tier 2,7,3,961,no,
STRM-101271,ACC-101271,tier 2,7,3,624,yes,switch to competitor
STRM-101272,ACC-101272,tier 3,5,3,258,yes,switch to competitor
STRM-101273,ACC-101273,tier 3,5,3,993,no,
STRM-101274,ACC-101274,tier 1,10,3,991,no,
STRM-101275,ACC-101275,tier 2,7,3,1082,no,
STRM-101276,ACC-101276,tier 1,10,3,1047,no,
STRM-101277,ACC-101277,tier 1,10,3,1185,no,
STRM-101278,ACC-101278,tier 3,5,3,1090,no,
STRM-101279,ACC-101279,tier 1,10,3,1047,no,
STRM-101280,ACC-101280,tier 2,7,3,1181,no,
STRM-101281,ACC-101281,tier 2,7,3,1020,no,
STRM-101282,ACC-101282,tier 2,7,3,975,no,
STRM-101283,ACC-101283,tier 2,7,3,335,yes,too expensive
STRM-101284,ACC-101284,tier 1,10,3,27,yes,not enough content
STRM-101285,ACC-101285,tier 2,7,3,1266,no,
STRM-101286,ACC-101286,tier 2,7,3,1174,no,
STRM-101287,ACC-101287,tier 1,10,3,1272,no,
STRM-101288,ACC-101288,tier 2,7,3,993,no,
STRM-101289,ACC-101289,tier 1,10,3,1253,no,
STRM-101290,ACC-101290,tier 1,10,3,963,no,
STRM-101291,ACC-101291,tier 2,7,3,1281,no,
STRM-101292,ACC-101292,tier 1,10,3,346,yes,switch to competitor
STRM-101293,ACC-101293,tier 2,7,3,1282,no,
STRM-101294,ACC-101294,tier 2,7,3,279,yes,not enough content
STRM-101295,ACC-101295,tier 3,5,3,1284,no,
STRM-101296,ACC-101296,tier 1,10,3,989,no,
STRM-101297,ACC-101297,tier 1,10,3,1005,no,
STRM-101298,ACC-101298,tier 1,10,3,1302,no,
STRM-101299,ACC-101299,tier 2,7,3,1091,no,
STRM-101300,ACC-101300,tier 2,7,3,992,no,
STRM-101301,ACC-101301,tier 1,10,3,1242,no,
STRM-101302,ACC-101302,tier 3,5,3,517,yes,switch to competitor
STRM-101303,ACC-101303,tier 1,10,3,1284,no,
STRM-101304,ACC-101304,tier 2,7,3,1073,no,
STRM-101305,ACC-101305,tier 2,7,3,970,no,
STRM-101306,ACC-101306,tier 3,5,3,363,yes,too expensive
STRM-101307,ACC-101307,tier 2,7,3,1171,no,
STRM-101308,ACC-101308,tier 3,5,3,981,no,
STRM-101309,ACC-101309,tier 2,7,3,967,no,
STRM-101310,ACC-101310,tier 3,5,3,1222,no,
STRM-101311,ACC-101311,tier 1,10,3,1016,no,
STRM-101312,ACC-101312,tier 3,5,3,1043,no,
STRM-101313,ACC-101313,tier 2,7,3,1301,no,
STRM-101314,ACC-101314,tier 3,5,3,1259,no,
STRM-101315,ACC-101315,tier 2,7,3,1045,no,
STRM-101316,ACC-101316,tier 2,7,3,515,yes,not enough content
STRM-101317,ACC-101317,tier 2,7,3,1003,no,
STRM-101318,ACC-101318,tier 2,7,3,1231,no,
STRM-101319,ACC-101319,tier 1,10,3,1007,no,
STRM-101320,ACC-101320,tier 1,10,3,1261,no,
STRM-101321,ACC-101321,tier 1,10,3,1216,no,
STRM-101322,ACC-101322,tier 1,10,3,604,yes,not enough content
STRM-101323,ACC-101323,tier 3,5,3,622,yes,not enough content
STRM-101324,ACC-101324,tier 1,10,3,1258,no,
STRM-101325,ACC-101325,tier 3,5,3,1130,no,
STRM-101326,ACC-101326,tier 2,7,3,1299,no,
STRM-101327,ACC-101327,tier 1,10,3,1239,no,
STRM-101328,ACC-101328,tier 3,5,3,1316,no,
STRM-101329,ACC-101329,tier 2,7,3,502,yes,switch to competitor
STRM-101330,ACC-101330,tier 2,7,3,992,no,
STRM-101331,ACC-101331,tier 2,7,3,1230,no,
STRM-101332,ACC-101332,tier 2,7,3,1064,no,
STRM-101333,ACC-101333,tier 1,10,3,1105,no,
STRM-101334,ACC-101334,tier 3,5,3,648,yes,switch to competitor
STRM-101335,ACC-101335,tier 3,5,3,999,no,
STRM-101336,ACC-101336,tier 2,7,3,716,yes,switch to competitor
STRM-101337,ACC-101337,tier 1,10,3,1238,no,
STRM-101338,ACC-101338,tier 2,7,3,1133,no,
STRM-101339,ACC-101339,tier 1,10,3,479,yes,too expensive
STRM-101340,ACC-101340,tier 1,10,3,195,yes,switch to competitor
STRM-101341,ACC-101341,tier 2,7,3,1056,no,
STRM-101342,ACC-101342,tier 2,7,3,1023,no,
STRM-101343,ACC-101343,tier 3,5,3,1263,no,
STRM-101344,ACC-101344,tier 2,7,3,399,yes,too expensive
STRM-101345,ACC-101345,tier 2,7,3,1020,no,
STRM-101346,ACC-101346,tier 2,7,3,1007,no,
STRM-101347,ACC-101347,tier 2,7,3,1085,no,
STRM-101348,ACC-101348,tier 2,7,3,1216,no,
STRM-101349,ACC-101349,tier 3,5,3,1250,no,
STRM-101350,ACC-101350,tier 1,10,3,240,yes,not enough content
STRM-101351,ACC-101351,tier 3,5,3,189,yes,not enough content
STRM-101352,ACC-101352,tier 2,7,3,515,yes,too expensive
STRM-101353,ACC-101353,tier 2,7,3,1177,no,
STRM-101354,ACC-101354,tier 2,7,3,1152,no,
STRM-101355,ACC-101355,tier 2,7,3,1317,no,
STRM-101356,ACC-101356,tier 3,5,3,1061,no,
STRM-101357,ACC-101357,tier 3,5,3,478,yes,switch to competitor
STRM-101358,ACC-101358,tier 2,7,3,724,yes,too expensive
STRM-101359,ACC-101359,tier 2,7,3,1136,no,
STRM-101360,ACC-101360,tier 2,7,3,1074,no,
STRM-101361,ACC-101361,tier 3,5,3,1021,no,
STRM-101362,ACC-101362,tier 1,10,3,430,yes,not enough content
STRM-101363,ACC-101363,tier 2,7,3,1082,no,
STRM-101364,ACC-101364,tier 2,7,3,966,no,
STRM-101365,ACC-101365,tier 2,7,3,1181,no,
STRM-101366,ACC-101366,tier 1,10,3,969,no,
STRM-101367,ACC-101367,tier 2,7,3,974,no,
STRM-101368,ACC-101368,tier 3,5,3,1132,no,
STRM-101369,ACC-101369,tier 1,10,3,1230,no,
STRM-101370,ACC-101370,tier 1,10,3,1148,no,
STRM-101371,ACC-101371,tier 3,5,3,229,yes,not enough content
STRM-101372,ACC-101372,tier 1,10,3,1183,no,
STRM-101373,ACC-101373,tier 3,5,3,1287,no,
STRM-101374,ACC-101374,tier 2,7,3,496,yes,too expensive
STRM-101375,ACC-101375,tier 1,10,3,1002,no,
STRM-101376,ACC-101376,tier 3,5,3,1085,no,
STRM-101377,ACC-101377,tier 2,7,3,1280,no,
STRM-101378,ACC-101378,tier 2,7,3,1244,no,
STRM-101379,ACC-101379,tier 2,7,3,569,yes,switch to competitor
STRM-101380,ACC-101380,tier 2,7,3,1104,no,
STRM-101381,ACC-101381,tier 1,10,3,1223,no,
STRM-101382,ACC-101382,tier 2,7,3,1023,no,
STRM-101383,ACC-101383,tier 3,5,3,1016,no,
STRM-101384,ACC-101384,tier 2,7,3,1164,no,
STRM-101385,ACC-101385,tier 2,7,3,1186,no,
STRM-101386,ACC-101386,tier 2,7,3,1295,no,
STRM-101387,ACC-101387,tier 3,5,3,563,yes,switch to competitor
STRM-101388,ACC-101388,tier 1,10,3,957,no,
STRM-101389,ACC-101389,tier 3,5,3,1198,no,
STRM-101390,ACC-101390,tier 2,7,3,1186,no,
STRM-101391,ACC-101391,tier 1,10,3,166,yes,too expensive
STRM-101392,ACC-101392,tier 1,10,3,1236,no,
STRM-101393,ACC-101393,tier 1,10,3,484,yes,too expensive
STRM-101394,ACC-101394,tier 2,7,3,354,yes,switch to competitor
STRM-101395,ACC-101395,tier 2,7,3,602,yes,not enough content
STRM-101396,ACC-101396,tier 3,5,3,467,yes,too expensive
STRM-101397,ACC-101397,tier 2,7,3,157,yes,switch to competitor
STRM-101398,ACC-101398,tier 1,10,3,1307,no,
STRM-101399,ACC-101399,tier 2,7,3,1272,no,
STRM-101400,ACC-101400,tier 2,7,3,1050,no,
STRM-101401,ACC-101401,tier 1,10,3,1277,no,
STRM-101402,ACC-101402,tier 1,10,3,1118,no,
STRM-101403,ACC-101403,tier 1,10,3,1135,no,
STRM-101404,ACC-101404,tier 2,7,3,1129,no,
STRM-101405,ACC-101405,tier 2,7,3,104,yes,switch to competitor
STRM-101406,ACC-101406,tier 2,7,3,310,yes,not enough content
STRM-101407,ACC-101407,tier 3,5,3,1107,no,
STRM-101408,ACC-101408,tier 3,5,3,1213,no,
STRM-101409,ACC-101409,tier 2,7,3,105,yes,not enough content
STRM-101410,ACC-101410,tier 3,5,3,1180,no,
STRM-101411,ACC-101411,tier 1,10,3,155,yes,not enough content
STRM-101412,ACC-101412,tier 1,10,3,1171,no,
STRM-101413,ACC-101413,tier 2,7,3,1164,no,
STRM-101414,ACC-101414,tier 1,10,3,1318,no,
STRM-101415,ACC-101415,tier 2,7,3,985,no,
STRM-101416,ACC-101416,tier 3,5,3,675,yes,not enough content
STRM-101417,ACC-101417,tier 1,10,3,1178,no,
STRM-101418,ACC-101418,tier 1,10,3,1073,no,
STRM-101419,ACC-101419,tier 2,7,3,1258,no,
STRM-101420,ACC-101420,tier 3,5,3,1236,no,
STRM-101421,ACC-101421,tier 2,7,3,965,no,
STRM-101422,ACC-101422,tier 2,7,3,1135,no,
STRM-101423,ACC-101423,tier 1,10,3,1170,no,
STRM-101424,ACC-101424,tier 1,10,3,998,no,
STRM-101425,ACC-101425,tier 3,5,3,716,yes,not enough content
STRM-101426,ACC-101426,tier 3,5,3,962,no,
STRM-101427,ACC-101427,tier 1,10,3,1313,no,
STRM-101428,ACC-101428,tier 3,5,3,1071,no,
STRM-101429,ACC-101429,tier 2,7,3,1240,no,
STRM-101430,ACC-101430,tier 3,5,3,134,yes,too expensive
STRM-101431,ACC-101431,tier 2,7,3,1141,no,
STRM-101432,ACC-101432,tier 2,7,3,1014,no,
STRM-101433,ACC-101433,tier 2,7,3,1164,no,
STRM-101434,ACC-101434,tier 2,7,3,964,no,
STRM-101435,ACC-101435,tier 1,10,3,1212,no,
STRM-101436,ACC-101436,tier 1,10,3,1262,no,
STRM-101437,ACC-101437,tier 2,7,3,1219,no,
STRM-101438,ACC-101438,tier 2,7,3,59,yes,switch to competitor
STRM-101439,ACC-101439,tier 1,10,3,141,yes,too expensive
STRM-101440,ACC-101440,tier 2,7,3,1217,no,
STRM-101441,ACC-101441,tier 3,5,3,299,yes,too expensive
STRM-101442,ACC-101442,tier 1,10,3,642,yes,too expensive
STRM-101443,ACC-101443,tier 2,7,3,556,yes,too expensive
STRM-101444,ACC-101444,tier 2,7,3,565,yes,too expensive
STRM-101445,ACC-101445,tier 3,5,3,501,yes,not enough content
STRM-101446,ACC-101446,tier 1,10,3,200,yes,not enough content
STRM-101447,ACC-101447,tier 2,7,3,1210,no,
STRM-101448,ACC-101448,tier 3,5,3,1159,no,
STRM-101449,ACC-101449,tier 3,5,3,1135,no,
STRM-101450,ACC-101450,tier 2,7,3,1152,no,
STRM-101451,ACC-101451,tier 2,7,3,718,yes,switch to competitor
STRM-101452,ACC-101452,tier 2,7,3,1111,no,
STRM-101453,ACC-101453,tier 3,5,3,391,yes,too expensive
STRM-101454,ACC-101454,tier 2,7,3,1068,no,
STRM-101455,ACC-101455,tier 1,10,3,982,no,
STRM-101456,ACC-101456,tier 3,5,3,1114,no,
STRM-101457,ACC-101457,tier 2,7,3,361,yes,switch to competitor
STRM-101458,ACC-101458,tier 2,7,3,526,yes,not enough content
STRM-101459,ACC-101459,tier 1,10,3,379,yes,not enough content
STRM-101460,ACC-101460,tier 2,7,3,1058,no,
STRM-101461,ACC-101461,tier 2,7,3,1191,no,
STRM-101462,ACC-101462,tier 2,7,3,84,yes,not enough content
STRM-101463,ACC-101463,tier 1,10,3,1124,no,
STRM-101464,ACC-101464,tier 2,7,3,1001,no,
STRM-101465,ACC-101465,tier 3,5,3,1081,no,
STRM-101466,ACC-101466,tier 1,10,3,1061,no,
STRM-101467,ACC-101467,tier 3,5,3,136,yes,too expensive
STRM-101468,ACC-101468,tier 2,7,3,1127,no,
STRM-101469,ACC-101469,tier 3,5,3,1034,no,
STRM-101470,ACC-101470,tier 3,5,3,1099,no,
STRM-101471,ACC-101471,tier 2,7,3,1263,no,
STRM-101472,ACC-101472,tier 2,7,3,533,yes,too expensive
STRM-101473,ACC-101473,tier 3,5,3,1066,no,
STRM-101474,ACC-101474,tier 2,7,3,1174,no,
STRM-101475,ACC-101475,tier 2,7,3,1132,no,
STRM-101476,ACC-101476,tier 2,7,3,999,no,
STRM-101477,ACC-101477,tier 3,5,3,1137,no,
STRM-101478,ACC-101478,tier 3,5,3,1199,no,
STRM-101479,ACC-101479,tier 3,5,3,132,yes,not enough content
STRM-101480,ACC-101480,tier 2,7,3,1044,no,
STRM-101481,ACC-101481,tier 3,5,3,288,yes,switch to competitor
STRM-101482,ACC-101482,tier 1,10,3,401,yes,switch to competitor
STRM-101483,ACC-101483,tier 2,7,3,1026,no,
STRM-101484,ACC-101484,tier 1,10,3,974,no,
STRM-101485,ACC-101485,tier 2,7,3,1005,no,
STRM-101486,ACC-101486,tier 2,7,3,92,yes,not enough content
STRM-101487,ACC-101487,tier 2,7,3,1184,no,
STRM-101488,ACC-101488,tier 2,7,3,1204,no,
STRM-101489,ACC-101489,tier 2,7,3,1147,no,
STRM-101490,ACC-101490,tier 2,7,3,1212,no,
STRM-101491,ACC-101491,tier 1,10,3,1166,no,
STRM-101492,ACC-101492,tier 2,7,3,1107,no,
STRM-101493,ACC-101493,tier 1,10,3,1039,no,
STRM-101494,ACC-101494,tier 1,10,3,1064,no,
STRM-101495,ACC-101495,tier 2,7,3,459,yes,switch to competitor
STRM-101496,ACC-101496,tier 2,7,3,1217,no,
STRM-101497,ACC-101497,tier 2,7,3,460,yes,not enough content
STRM-101498,ACC-101498,tier 2,7,3,995,no,
STRM-101499,ACC-101499,tier 2,7,3,989,no,
STRM-101500,ACC-101500,tier 3,5,3,1197,no,
STRM-101501,ACC-101501,tier 2,7,3,1161,no,
STRM-101502,ACC-101502,tier 2,7,3,221,yes,switch to competitor
STRM-101503,ACC-101503,tier 1,10,3,1305,no,
STRM-101504,ACC-101504,tier 2,7,3,512,yes,not enough content
STRM-101505,ACC-101505,tier 2,7,3,1159,no,
STRM-101506,ACC-101506,tier 2,7,3,976,no,
STRM-101507,ACC-101507,tier 2,7,3,1248,no,
STRM-101508,ACC-101508,tier 2,7,3,552,yes,switch to competitor
STRM-101509,ACC-101509,tier 2,7,3,1198,no,
STRM-101510,ACC-101510,tier 3,5,3,256,yes,too expensive
STRM-101511,ACC-101511,tier 3,5,3,1265,no,
STRM-101512,ACC-101512,tier 2,7,3,72,yes,not enough content
STRM-101513,ACC-101513,tier 3,5,3,1262,no,
STRM-101514,ACC-101514,tier 1,10,3,163,yes,not enough content
STRM-101515,ACC-101515,tier 1,10,3,36,yes,switch to competitor
STRM-101516,ACC-101516,tier 1,10,3,70,yes,not enough content
STRM-101517,ACC-101517,tier 2,7,3,1037,no,
STRM-101518,ACC-101518,tier 3,5,3,969,no,
STRM-101519,ACC-101519,tier 1,10,3,417,yes,not enough content
STRM-101520,ACC-101520,tier 3,5,3,1199,no,
STRM-101521,ACC-101521,tier 1,10,3,674,yes,not enough content
STRM-101522,ACC-101522,tier 3,5,3,518,yes,too expensive
STRM-101523,ACC-101523,tier 2,7,3,117,yes,too expensive
STRM-101524,ACC-101524,tier 1,10,3,1286,no,
STRM-101525,ACC-101525,tier 2,7,3,964,no,
STRM-101526,ACC-101526,tier 2,7,3,154,yes,switch to competitor
STRM-101527,ACC-101527,tier 2,7,3,998,no,
STRM-101528,ACC-101528,tier 2,7,3,1239,no,
STRM-101529,ACC-101529,tier 3,5,3,968,no,
STRM-101530,ACC-101530,tier 2,7,3,1251,no,
STRM-101531,ACC-101531,tier 2,7,3,1175,no,
STRM-101532,ACC-101532,tier 2,7,3,599,yes,too expensive
STRM-101533,ACC-101533,tier 2,7,3,1034,no,
STRM-101534,ACC-101534,tier 2,7,3,1083,no,
STRM-101535,ACC-101535,tier 2,7,3,1003,no,
STRM-101536,ACC-101536,tier 1,10,3,1131,no,
STRM-101537,ACC-101537,tier 1,10,3,1050,no,
STRM-101538,ACC-101538,tier 2,7,3,1205,no,
STRM-101539,ACC-101539,tier 1,10,3,1066,no,
STRM-101540,ACC-101540,tier 2,7,3,304,yes,switch to competitor
STRM-101541,ACC-101541,tier 2,7,3,1227,no,
STRM-101542,ACC-101542,tier 1,10,3,1185,no,
STRM-101543,ACC-101543,tier 2,7,3,1021,no,
STRM-101544,ACC-101544,tier 2,7,3,1079,no,
STRM-101545,ACC-101545,tier 3,5,3,1211,no,
STRM-101546,ACC-101546,tier 2,7,3,1271,no,
STRM-101547,ACC-101547,tier 3,5,3,635,yes,too expensive
STRM-101548,ACC-101548,tier 2,7,3,1190,no,
STRM-101549,ACC-101549,tier 1,10,3,976,no,
STRM-101550,ACC-101550,tier 2,7,3,1228,no,
STRM-101551,ACC-101551,tier 3,5,3,1080,no,
STRM-101552,ACC-101552,tier 2,7,3,1186,no,
STRM-101553,ACC-101553,tier 3,5,3,455,yes,switch to competitor
STRM-101554,ACC-101554,tier 3,5,3,1184,no,
STRM-101555,ACC-101555,tier 1,10,3,169,yes,too expensive
STRM-101556,ACC-101556,tier 1,10,3,1223,no,
STRM-101557,ACC-101557,tier 2,7,3,1079,no,
STRM-101558,ACC-101558,tier 2,7,3,1066,no,
STRM-101559,ACC-101559,tier 3,5,3,1067,no,
STRM-101560,ACC-101560,tier 3,5,3,1272,no,
STRM-101561,ACC-101561,tier 2,7,3,591,yes,too expensive
STRM-101562,ACC-101562,tier 1,10,3,1317,no,
STRM-101563,ACC-101563,tier 3,5,3,1280,no,
STRM-101564,ACC-101564,tier 2,7,3,1306,no,
STRM-101565,ACC-101565,tier 3,5,3,1128,no,
STRM-101566,ACC-101566,tier 2,7,3,1305,no,
STRM-101567,ACC-101567,tier 2,7,3,623,yes,switch to competitor
STRM-101568,ACC-101568,tier 1,10,3,1297,no,
STRM-101569,ACC-101569,tier 2,7,3,1028,no,
STRM-101570,ACC-101570,tier 2,7,3,575,yes,not enough content
STRM-101571,ACC-101571,tier 2,7,3,1115,no,
STRM-101572,ACC-101572,tier 1,10,3,181,yes,not enough content
STRM-101573,ACC-101573,tier 2,7,3,684,yes,too expensive
STRM-101574,ACC-101574,tier 3,5,3,332,yes,switch to competitor
STRM-101575,ACC-101575,tier 1,10,3,979,no,
STRM-101576,ACC-101576,tier 1,10,3,502,yes,not enough content
STRM-101577,ACC-101577,tier 1,10,3,643,yes,switch to competitor
STRM-101578,ACC-101578,tier 2,7,3,1101,no,
STRM-101579,ACC-101579,tier 2,7,3,973,no,
STRM-101580,ACC-101580,tier 2,7,3,1050,no,
STRM-101581,ACC-101581,tier 1,10,3,1080,no,
STRM-101582,ACC-101582,tier 2,7,3,1254,no,
STRM-101583,ACC-101583,tier 2,7,3,1101,no,
STRM-101584,ACC-101584,tier 2,7,3,1057,no,
STRM-101585,ACC-101585,tier 3,5,3,1082,no,
STRM-101586,ACC-101586,tier 1,10,3,1189,no,
STRM-101587,ACC-101587,tier 2,7,3,981,no,
STRM-101588,ACC-101588,tier 2,7,3,1277,no,
STRM-101589,ACC-101589,tier 2,7,3,475,yes,not enough content
STRM-101590,ACC-101590,tier 2,7,3,1224,no,
STRM-101591,ACC-101591,tier 2,7,3,1265,no,
STRM-101592,ACC-101592,tier 3,5,3,1260,no,
STRM-101593,ACC-101593,tier 1,10,3,965,no,
STRM-101594,ACC-101594,tier 1,10,3,646,yes,switch to competitor
STRM-101595,ACC-101595,tier 2,7,3,1165,no,
STRM-101596,ACC-101596,tier 2,7,3,727,yes,too expensive
STRM-101597,ACC-101597,tier 2,7,3,1073,no,
STRM-101598,ACC-101598,tier 1,10,3,566,yes,switch to competitor
STRM-101599,ACC-101599,tier 1,10,3,1082,no,
STRM-101600,ACC-101600,tier 3,5,3,470,yes,not enough content
STRM-101601,ACC-101601,tier 1,10,3,1089,no,
STRM-101602,ACC-101602,tier 2,7,3,1119,no,
STRM-101603,ACC-101603,tier 1,10,3,522,yes,too expensive
STRM-101604,ACC-101604,tier 2,7,3,1070,no,
STRM-101605,ACC-101605,tier 1,10,3,1288,no,
STRM-101606,ACC-101606,tier 2,7,3,1287,no,
STRM-101607,ACC-101607,tier 1,10,3,1260,no,
STRM-101608,ACC-101608,tier 3,5,3,962,no,
STRM-101609,ACC-101609,tier 1,10,3,1221,no,
STRM-101610,ACC-101610,tier 2,7,3,1207,no,
STRM-101611,ACC-101611,tier 3,5,3,983,no,
STRM-101612,ACC-101612,tier 2,7,3,975,no,
STRM-101613,ACC-101613,tier 2,7,3,1237,no,
STRM-101614,ACC-101614,tier 2,7,3,1072,no,
STRM-101615,ACC-101615,tier 2,7,3,1068,no,
STRM-101616,ACC-101616,tier 2,7,3,1199,no,
STRM-101617,ACC-101617,tier 3,5,3,1186,no,
STRM-101618,ACC-101618,tier 2,7,3,360,yes,switch to competitor
STRM-101619,ACC-101619,tier 2,7,3,1203,no,
STRM-101620,ACC-101620,tier 2,7,3,62,yes,not enough content
STRM-101621,ACC-101621,tier 2,7,3,633,yes,too expensive
STRM-101622,ACC-101622,tier 1,10,3,463,yes,switch to competitor
STRM-101623,ACC-101623,tier 2,7,3,1007,no,
STRM-101624,ACC-101624,tier 3,5,3,1266,no,
STRM-101625,ACC-101625,tier 1,10,3,467,yes,not enough content
STRM-101626,ACC-101626,tier 2,7,3,1269,no,
STRM-101627,ACC-101627,tier 1,10,3,464,yes,switch to competitor
STRM-101628,ACC-101628,tier 2,7,3,1077,no,
STRM-101629,ACC-101629,tier 1,10,3,1183,no,
STRM-101630,ACC-101630,tier 2,7,3,979,no,
STRM-101631,ACC-101631,tier 3,5,3,1203,no,
STRM-101632,ACC-101632,tier 2,7,3,543,yes,switch to competitor
STRM-101633,ACC-101633,tier 2,7,3,1093,no,
STRM-101634,ACC-101634,tier 3,5,3,1146,no,
STRM-101635,ACC-101635,tier 3,5,3,691,yes,too expensive
STRM-101636,ACC-101636,tier 1,10,3,691,yes,too expensive
STRM-101637,ACC-101637,tier 2,7,3,581,yes,not enough content
STRM-101638,ACC-101638,tier 1,10,3,555,yes,too expensive
STRM-101639,ACC-101639,tier 3,5,3,1113,no,
STRM-101640,ACC-101640,tier 3,5,3,679,yes,not enough content
STRM-101641,ACC-101641,tier 2,7,3,1276,no,
STRM-101642,ACC-101642,tier 3,5,3,1255,no,
STRM-101643,ACC-101643,tier 2,7,3,1272,no,
STRM-101644,ACC-101644,tier 2,7,3,994,no,
STRM-101645,ACC-101645,tier 1,10,3,532,yes,switch to competitor
STRM-101646,ACC-101646,tier 3,5,3,1187,no,
STRM-101647,ACC-101647,tier 1,10,3,474,yes,switch to competitor
STRM-101648,ACC-101648,tier 3,5,3,610,yes,not enough content
STRM-101649,ACC-101649,tier 3,5,3,1166,no,
STRM-101650,ACC-101650,tier 2,7,3,1126,no,
STRM-101651,ACC-101651,tier 1,10,3,1055,no,
STRM-101652,ACC-101652,tier 2,7,3,1244,no,
STRM-101653,ACC-101653,tier 2,7,3,1288,no,
STRM-101654,ACC-101654,tier 2,7,3,1091,no,
STRM-101655,ACC-101655,tier 1,10,3,1033,no,
STRM-101656,ACC-101656,tier 3,5,3,1064,no,
STRM-101657,ACC-101657,tier 2,7,3,162,yes,switch to competitor
STRM-101658,ACC-101658,tier 2,7,3,955,no,
STRM-101659,ACC-101659,tier 2,7,3,1211,no,
STRM-101660,ACC-101660,tier 2,7,3,136,yes,too expensive
STRM-101661,ACC-101661,tier 2,7,3,1258,no,
STRM-101662,ACC-101662,tier 2,7,3,1241,no,
STRM-101663,ACC-101663,tier 3,5,3,1169,no,
STRM-101664,ACC-101664,tier 2,7,3,1018,no,
STRM-101665,ACC-101665,tier 3,5,3,515,yes,switch to competitor
STRM-101666,ACC-101666,tier 3,5,3,1141,no,
STRM-101667,ACC-101667,tier 1,10,3,1026,no,
STRM-101668,ACC-101668,tier 3,5,3,1126,no,
STRM-101669,ACC-101669,tier 1,10,3,1249,no,
STRM-101670,ACC-101670,tier 3,5,3,1090,no,
STRM-101671,ACC-101671,tier 2,7,3,1000,no,
STRM-101672,ACC-101672,tier 3,5,3,1117,no,
STRM-101673,ACC-101673,tier 3,5,3,1177,no,
STRM-101674,ACC-101674,tier 3,5,3,331,yes,too expensive
STRM-101675,ACC-101675,tier 3,5,3,1033,no,
STRM-101676,ACC-101676,tier 2,7,3,1052,no,
STRM-101677,ACC-101677,tier 1,10,3,199,yes,not enough content
STRM-101678,ACC-101678,tier 2,7,3,1214,no,
STRM-101679,ACC-101679,tier 1,10,3,1046,no,
STRM-101680,ACC-101680,tier 2,7,3,1308,no,
STRM-101681,ACC-101681,tier 2,7,3,1049,no,
STRM-101682,ACC-101682,tier 3,5,3,1269,no,
STRM-101683,ACC-101683,tier 2,7,3,172,yes,not enough content
STRM-101684,ACC-101684,tier 3,5,3,1233,no,
STRM-101685,ACC-101685,tier 1,10,3,1290,no,
STRM-101686,ACC-101686,tier 3,5,3,279,yes,switch to competitor
STRM-101687,ACC-101687,tier 3,5,3,1216,no,
STRM-101688,ACC-101688,tier 2,7,3,409,yes,switch to competitor
STRM-101689,ACC-101689,tier 2,7,3,1157,no,
STRM-101690,ACC-101690,tier 3,5,3,1305,no,
STRM-101691,ACC-101691,tier 1,10,3,706,yes,too expensive
STRM-101692,ACC-101692,tier 2,7,3,1035,no,
STRM-101693,ACC-101693,tier 2,7,3,1111,no,
STRM-101694,ACC-101694,tier 1,10,3,1247,no,
STRM-101695,ACC-101695,tier 2,7,3,583,yes,too expensive
STRM-101696,ACC-101696,tier 1,10,3,650,yes,switch to competitor
STRM-101697,ACC-101697,tier 1,10,3,508,yes,switch to competitor
STRM-101698,ACC-101698,tier 1,10,3,662,yes,not enough content
STRM-101699,ACC-101699,tier 3,5,3,591,yes,not enough content
STRM-101700,ACC-101700,tier 2,7,3,1117,no,
STRM-101701,ACC-101701,tier 3,5,3,1212,no,
STRM-101702,ACC-101702,tier 2,7,3,478,yes,not enough content
STRM-101703,ACC-101703,tier 2,7,3,1155,no,
STRM-101704,ACC-101704,tier 2,7,3,965,no,
STRM-101705,ACC-101705,tier 2,7,3,1315,no,
STRM-101706,ACC-101706,tier 1,10,3,1118,no,
STRM-101707,ACC-101707,tier 2,7,3,702,yes,switch to competitor
STRM-101708,ACC-101708,tier 1,10,3,381,yes,switch to competitor
STRM-101709,ACC-101709,tier 2,7,3,142,yes,switch to competitor
STRM-101710,ACC-101710,tier 2,7,3,1092,no,
STRM-101711,ACC-101711,tier 1,10,3,956,no,
STRM-101712,ACC-101712,tier 1,10,3,1206,no,
STRM-101713,ACC-101713,tier 3,5,3,1176,no,
STRM-101714,ACC-101714,tier 2,7,3,668,yes,not enough content
STRM-101715,ACC-101715,tier 1,10,3,1028,no,
STRM-101716,ACC-101716,tier 3,5,3,1030,no,
STRM-101717,ACC-101717,tier 1,10,3,1018,no,
STRM-101718,ACC-101718,tier 2,7,3,550,yes,switch to competitor
STRM-101719,ACC-101719,tier 3,5,3,724,yes,too expensive
STRM-101720,ACC-101720,tier 1,10,3,17,yes,switch to competitor
STRM-101721,ACC-101721,tier 1,10,3,431,yes,switch to competitor
STRM-101722,ACC-101722,tier 1,10,3,1054,no,
STRM-101723,ACC-101723,tier 2,7,3,1205,no,
STRM-101724,ACC-101724,tier 1,10,3,1317,no,
STRM-101725,ACC-101725,tier 2,7,3,246,yes,switch to competitor
STRM-101726,ACC-101726,tier 1,10,3,1219,no,
STRM-101727,ACC-101727,tier 2,7,3,999,no,
STRM-101728,ACC-101728,tier 3,5,3,1307,no,
STRM-101729,ACC-101729,tier 3,5,3,1193,no,
STRM-101730,ACC-101730,tier 2,7,3,1149,no,
STRM-101731,ACC-101731,tier 2,7,3,1012,no,
STRM-101732,ACC-101732,tier 2,7,3,1256,no,
STRM-101733,ACC-101733,tier 2,7,3,725,yes,switch to competitor
STRM-101734,ACC-101734,tier 2,7,3,1093,no,
STRM-101735,ACC-101735,tier 1,10,3,1267,no,
STRM-101736,ACC-101736,tier 3,5,3,1124,no,
STRM-101737,ACC-101737,tier 2,7,3,653,yes,switch to competitor
STRM-101738,ACC-101738,tier 1,10,3,650,yes,too expensive
STRM-101739,ACC-101739,tier 2,7,3,41,yes,too expensive
STRM-101740,ACC-101740,tier 2,7,3,1221,no,
STRM-101741,ACC-101741,tier 3,5,3,144,yes,switch to competitor
STRM-101742,ACC-101742,tier 2,7,3,1104,no,
STRM-101743,ACC-101743,tier 3,5,3,1195,no,
STRM-101744,ACC-101744,tier 1,10,3,1160,no,
STRM-101745,ACC-101745,tier 2,7,3,164,yes,not enough content
STRM-101746,ACC-101746,tier 2,7,3,1011,no,
STRM-101747,ACC-101747,tier 1,10,3,1019,no,
STRM-101748,ACC-101748,tier 2,7,3,587,yes,switch to competitor
STRM-101749,ACC-101749,tier 3,5,3,670,yes,switch to competitor
STRM-101750,ACC-101750,tier 1,10,3,1223,no,
STRM-101751,ACC-101751,tier 2,7,3,645,yes,switch to competitor
STRM-101752,ACC-101752,tier 1,10,3,1236,no,
STRM-101753,ACC-101753,tier 1,10,3,1318,no,
STRM-101754,ACC-101754,tier 1,10,3,1210,no,
STRM-101755,ACC-101755,tier 3,5,3,1115,no,
STRM-101756,ACC-101756,tier 3,5,3,1282,no,
STRM-101757,ACC-101757,tier 3,5,3,1171,no,
STRM-101758,ACC-101758,tier 2,7,3,1304,no,
STRM-101759,ACC-101759,tier 1,10,3,1185,no,
STRM-101760,ACC-101760,tier 2,7,3,1219,no,
STRM-101761,ACC-101761,tier 2,7,3,973,no,
STRM-101762,ACC-101762,tier 3,5,3,1212,no,
STRM-101763,ACC-101763,tier 1,10,3,1129,no,
STRM-101764,ACC-101764,tier 2,7,3,1286,no,
STRM-101765,ACC-101765,tier 1,10,3,1047,no,
STRM-101766,ACC-101766,tier 2,7,3,265,yes,not enough content
STRM-101767,ACC-101767,tier 2,7,3,350,yes,not enough content
STRM-101768,ACC-101768,tier 2,7,3,535,yes,not enough content
STRM-101769,ACC-101769,tier 2,7,3,694,yes,too expensive
STRM-101770,ACC-101770,tier 2,7,3,1059,no,
STRM-101771,ACC-101771,tier 2,7,3,1054,no,
STRM-101772,ACC-101772,tier 3,5,3,964,no,
STRM-101773,ACC-101773,tier 3,5,3,1022,no,
STRM-101774,ACC-101774,tier 3,5,3,477,yes,not enough content
STRM-101775,ACC-101775,tier 3,5,3,1163,no,
STRM-101776,ACC-101776,tier 2,7,3,1189,no,
STRM-101777,ACC-101777,tier 2,7,3,1092,no,
STRM-101778,ACC-101778,tier 2,7,3,1057,no,
STRM-101779,ACC-101779,tier 2,7,3,1098,no,
STRM-101780,ACC-101780,tier 3,5,3,1124,no,
STRM-101781,ACC-101781,tier 1,10,3,989,no,
STRM-101782,ACC-101782,tier 3,5,3,1057,no,
STRM-101783,ACC-101783,tier 2,7,3,1269,no,
STRM-101784,ACC-101784,tier 2,7,3,1217,no,
STRM-101785,ACC-101785,tier 2,7,3,714,yes,too expensive
STRM-101786,ACC-101786,tier 3,5,3,571,yes,too expensive
STRM-101787,ACC-101787,tier 2,7,3,1166,no,
STRM-101788,ACC-101788,tier 2,7,3,27,yes,not enough content
STRM-101789,ACC-101789,tier 1,10,3,1203,no,
STRM-101790,ACC-101790,tier 2,7,3,1055,no,
STRM-101791,ACC-101791,tier 1,10,3,1083,no,
STRM-101792,ACC-101792,tier 2,7,3,729,yes,not enough content
STRM-101793,ACC-101793,tier 2,7,3,45,yes,not enough content
STRM-101794,ACC-101794,tier 2,7,3,1254,no,
STRM-101795,ACC-101795,tier 1,10,3,362,yes,too expensive
STRM-101796,ACC-101796,tier 1,10,3,722,yes,switch to competitor
STRM-101797,ACC-101797,tier 2,7,3,1019,no,
STRM-101798,ACC-101798,tier 1,10,3,1150,no,
STRM-101799,ACC-101799,tier 1,10,3,80,yes,not enough content
STRM-101800,ACC-101800,tier 1,10,3,1076,no,
STRM-101801,ACC-101801,tier 3,5,3,1164,no,
STRM-101802,ACC-101802,tier 2,7,3,967,no,
STRM-101803,ACC-101803,tier 2,7,3,410,yes,not enough content
STRM-101804,ACC-101804,tier 2,7,3,1170,no,
STRM-101805,ACC-101805,tier 2,7,3,1131,no,
STRM-101806,ACC-101806,tier 3,5,3,1119,no,
STRM-101807,ACC-101807,tier 2,7,3,1105,no,
STRM-101808,ACC-101808,tier 1,10,3,332,yes,not enough content
STRM-101809,ACC-101809,tier 1,10,3,1010,no,
STRM-101810,ACC-101810,tier 1,10,3,969,no,
STRM-101811,ACC-101811,tier 2,7,3,1091,no,
STRM-101812,ACC-101812,tier 3,5,3,517,yes,too expensive
STRM-101813,ACC-101813,tier 2,7,3,309,yes,too expensive
STRM-101814,ACC-101814,tier 1,10,3,319,yes,switch to competitor
STRM-101815,ACC-101815,tier 1,10,3,1192,no,
STRM-101816,ACC-101816,tier 3,5,3,202,yes,not enough content
STRM-101817,ACC-101817,tier 2,7,3,260,yes,too expensive
STRM-101818,ACC-101818,tier 3,5,3,1044,no,
STRM-101819,ACC-101819,tier 2,7,3,581,yes,switch to competitor
STRM-101820,ACC-101820,tier 2,7,3,1266,no,
STRM-101821,ACC-101821,tier 1,10,3,1235,no,
STRM-101822,ACC-101822,tier 1,10,3,1306,no,
STRM-101823,ACC-101823,tier 2,7,3,214,yes,not enough content
STRM-101824,ACC-101824,tier 3,5,3,1191,no,
STRM-101825,ACC-101825,tier 2,7,3,1082,no,
STRM-101826,ACC-101826,tier 2,7,3,983,no,
STRM-101827,ACC-101827,tier 1,10,3,189,yes,too expensive
STRM-101828,ACC-101828,tier 3,5,3,1169,no,
STRM-101829,ACC-101829,tier 3,5,3,708,yes,not enough content
STRM-101830,ACC-101830,tier 2,7,3,1136,no,
STRM-101831,ACC-101831,tier 3,5,3,963,no,
STRM-101832,ACC-101832,tier 2,7,3,966,no,
STRM-101833,ACC-101833,tier 2,7,3,270,yes,not enough content
STRM-101834,ACC-101834,tier 2,7,3,1273,no,
STRM-101835,ACC-101835,tier 3,5,3,1221,no,
STRM-101836,ACC-101836,tier 2,7,3,979,no,
STRM-101837,ACC-101837,tier 1,10,3,1057,no,
STRM-101838,ACC-101838,tier 2,7,3,999,no,
STRM-101839,ACC-101839,tier 3,5,3,1258,no,
STRM-101840,ACC-101840,tier 1,10,3,1231,no,
STRM-101841,ACC-101841,tier 2,7,3,1120,no,
STRM-101842,ACC-101842,tier 2,7,3,1177,no,
STRM-101843,ACC-101843,tier 2,7,3,1208,no,
STRM-101844,ACC-101844,tier 2,7,3,955,no,
STRM-101845,ACC-101845,tier 3,5,3,1271,no,
STRM-101846,ACC-101846,tier 1,10,3,964,no,
STRM-101847,ACC-101847,tier 1,10,3,1073,no,
STRM-101848,ACC-101848,tier 1,10,3,1058,no,
STRM-101849,ACC-101849,tier 3,5,3,1309,no,
STRM-101850,ACC-101850,tier 2,7,3,649,yes,too expensive
STRM-101851,ACC-101851,tier 2,7,3,1128,no,
STRM-101852,ACC-101852,tier 3,5,3,1215,no,
STRM-101853,ACC-101853,tier 3,5,3,1151,no,
STRM-101854,ACC-101854,tier 3,5,3,1107,no,
STRM-101855,ACC-101855,tier 3,5,3,1150,no,
STRM-101856,ACC-101856,tier 2,7,3,727,yes,too expensive
STRM-101857,ACC-101857,tier 3,5,3,1155,no,
STRM-101858,ACC-101858,tier 2,7,3,1068,no,
STRM-101859,ACC-101859,tier 3,5,3,143,yes,too expensive
STRM-101860,ACC-101860,tier 2,7,3,224,yes,not enough content
STRM-101861,ACC-101861,tier 3,5,3,1080,no,
STRM-101862,ACC-101862,tier 2,7,3,1229,no,
STRM-101863,ACC-101863,tier 1,10,3,221,yes,not enough content
STRM-101864,ACC-101864,tier 2,7,3,1135,no,
STRM-101865,ACC-101865,tier 3,5,3,1103,no,
STRM-101866,ACC-101866,tier 3,5,3,1073,no,
STRM-101867,ACC-101867,tier 1,10,3,1166,no,
STRM-101868,ACC-101868,tier 1,10,3,1125,no,
STRM-101869,ACC-101869,tier 1,10,3,1032,no,
STRM-101870,ACC-101870,tier 2,7,3,1079,no,
STRM-101871,ACC-101871,tier 3,5,3,398,yes,switch to competitor
STRM-101872,ACC-101872,tier 1,10,3,397,yes,not enough content
STRM-101873,ACC-101873,tier 2,7,3,87,yes,too expensive
STRM-101874,ACC-101874,tier 3,5,3,181,yes,not enough content
STRM-101875,ACC-101875,tier 2,7,3,1141,no,
STRM-101876,ACC-101876,tier 2,7,3,1290,no,
STRM-101877,ACC-101877,tier 2,7,3,1075,no,
STRM-101878,ACC-101878,tier 2,7,3,979,no,
STRM-101879,ACC-101879,tier 2,7,3,1244,no,
STRM-101880,ACC-101880,tier 2,7,3,674,yes,switch to competitor
STRM-101881,ACC-101881,tier 2,7,3,97,yes,switch to competitor
STRM-101882,ACC-101882,tier 3,5,3,273,yes,too expensive
STRM-101883,ACC-101883,tier 2,7,3,106,yes,too expensive
STRM-101884,ACC-101884,tier 3,5,3,422,yes,switch to competitor
STRM-101885,ACC-101885,tier 1,10,3,1068,no,
STRM-101886,ACC-101886,tier 2,7,3,1106,no,
STRM-101887,ACC-101887,tier 1,10,3,1128,no,
STRM-101888,ACC-101888,tier 1,10,3,1226,no,
STRM-101889,ACC-101889,tier 2,7,3,1211,no,
STRM-101890,ACC-101890,tier 3,5,3,1221,no,
STRM-101891,ACC-101891,tier 1,10,3,1000,no,
STRM-101892,ACC-101892,tier 2,7,3,1169,no,
STRM-101893,ACC-101893,tier 3,5,3,1144,no,
STRM-101894,ACC-101894,tier 1,10,3,24,yes,switch to competitor
STRM-101895,ACC-101895,tier 2,7,3,1316,no,
STRM-101896,ACC-101896,tier 2,7,3,399,yes,switch to competitor
STRM-101897,ACC-101897,tier 2,7,3,633,yes,too expensive
STRM-101898,ACC-101898,tier 1,10,3,337,yes,switch to competitor
STRM-101899,ACC-101899,tier 2,7,3,1115,no,
STRM-101900,ACC-101900,tier 3,5,3,1268,no,
STRM-101901,ACC-101901,tier 2,7,3,1011,no,
STRM-101902,ACC-101902,tier 1,10,3,1192,no,
STRM-101903,ACC-101903,tier 3,5,3,1108,no,
STRM-101904,ACC-101904,tier 1,10,3,995,no,
STRM-101905,ACC-101905,tier 2,7,3,1092,no,
STRM-101906,ACC-101906,tier 1,10,3,371,yes,switch to competitor
STRM-101907,ACC-101907,tier 3,5,3,409,yes,too expensive
STRM-101908,ACC-101908,tier 2,7,3,600,yes,not enough content
STRM-101909,ACC-101909,tier 2,7,3,323,yes,not enough content
STRM-101910,ACC-101910,tier 1,10,3,508,yes,switch to competitor
STRM-101911,ACC-101911,tier 2,7,3,1211,no,
STRM-101912,ACC-101912,tier 3,5,3,44,yes,not enough content
STRM-101913,ACC-101913,tier 3,5,3,1176,no,
STRM-101914,ACC-101914,tier 2,7,3,1256,no,
STRM-101915,ACC-101915,tier 2,7,3,965,no,
STRM-101916,ACC-101916,tier 2,7,3,1144,no,
STRM-101917,ACC-101917,tier 3,5,3,1200,no,
STRM-101918,ACC-101918,tier 2,7,3,1262,no,
STRM-101919,ACC-101919,tier 2,7,3,1260,no,
STRM-101920,ACC-101920,tier 2,7,3,333,yes,not enough content
STRM-101921,ACC-101921,tier 2,7,3,1103,no,
STRM-101922,ACC-101922,tier 1,10,3,980,no,
STRM-101923,ACC-101923,tier 2,7,3,1315,no,
STRM-101924,ACC-101924,tier 2,7,3,526,yes,not enough content
STRM-101925,ACC-101925,tier 3,5,3,1012,no,
STRM-101926,ACC-101926,tier 1,10,3,1156,no,
STRM-101927,ACC-101927,tier 2,7,3,1026,no,
STRM-101928,ACC-101928,tier 2,7,3,75,yes,not enough content
STRM-101929,ACC-101929,tier 2,7,3,245,yes,switch to competitor
STRM-101930,ACC-101930,tier 1,10,3,1119,no,
STRM-101931,ACC-101931,tier 2,7,3,1039,no,
STRM-101932,ACC-101932,tier 2,7,3,1119,no,
STRM-101933,ACC-101933,tier 2,7,3,576,yes,not enough content
STRM-101934,ACC-101934,tier 2,7,3,609,yes,not enough content
STRM-101935,ACC-101935,tier 2,7,3,984,no,
STRM-101936,ACC-101936,tier 3,5,3,1072,no,
STRM-101937,ACC-101937,tier 2,7,3,24,yes,too expensive
STRM-101938,ACC-101938,tier 3,5,3,1244,no,
STRM-101939,ACC-101939,tier 2,7,3,1270,no,
STRM-101940,ACC-101940,tier 1,10,3,680,yes,switch to competitor
STRM-101941,ACC-101941,tier 1,10,3,265,yes,too expensive
STRM-101942,ACC-101942,tier 2,7,3,1116,no,
STRM-101943,ACC-101943,tier 3,5,3,701,yes,too expensive
STRM-101944,ACC-101944,tier 2,7,3,680,yes,switch to competitor
STRM-101945,ACC-101945,tier 3,5,3,985,no,
STRM-101946,ACC-101946,tier 2,7,3,1277,no,
STRM-101947,ACC-101947,tier 2,7,3,1019,no,
STRM-101948,ACC-101948,tier 1,10,3,622,yes,not enough content
STRM-101949,ACC-101949,tier 2,7,3,989,no,
STRM-101950,ACC-101950,tier 2,7,3,1153,no,
STRM-101951,ACC-101951,tier 1,10,3,961,no,
STRM-101952,ACC-101952,tier 1,10,3,566,yes,too expensive
STRM-101953,ACC-101953,tier 2,7,3,135,yes,switch to competitor
STRM-101954,ACC-101954,tier 2,7,3,1035,no,
STRM-101955,ACC-101955,tier 3,5,3,1254,no,
STRM-101956,ACC-101956,tier 3,5,3,1032,no,
STRM-101957,ACC-101957,tier 2,7,3,1060,no,
STRM-101958,ACC-101958,tier 2,7,3,983,no,
STRM-101959,ACC-101959,tier 2,7,3,1169,no,
STRM-101960,ACC-101960,tier 3,5,3,1068,no,
STRM-101961,ACC-101961,tier 1,10,3,1044,no,
STRM-101962,ACC-101962,tier 2,7,3,1301,no,
STRM-101963,ACC-101963,tier 3,5,3,1011,no,
STRM-101964,ACC-101964,tier 2,7,3,447,yes,not enough content
STRM-101965,ACC-101965,tier 2,7,3,1124,no,
STRM-101966,ACC-101966,tier 2,7,3,707,yes,switch to competitor
STRM-101967,ACC-101967,tier 1,10,3,1215,no,
STRM-101968,ACC-101968,tier 2,7,3,1129,no,
STRM-101969,ACC-101969,tier 2,7,3,1241,no,
STRM-101970,ACC-101970,tier 1,10,3,1010,no,
STRM-101971,ACC-101971,tier 1,10,3,1263,no,
STRM-101972,ACC-101972,tier 3,5,3,992,no,
STRM-101973,ACC-101973,tier 2,7,3,1204,no,
STRM-101974,ACC-101974,tier 2,7,3,141,yes,too expensive
STRM-101975,ACC-101975,tier 2,7,3,1069,no,
STRM-101976,ACC-101976,tier 3,5,3,1181,no,
STRM-101977,ACC-101977,tier 2,7,3,1120,no,
STRM-101978,ACC-101978,tier 2,7,3,1016,no,
STRM-101979,ACC-101979,tier 3,5,3,1255,no,
STRM-101980,ACC-101980,tier 3,5,3,270,yes,not enough content
STRM-101981,ACC-101981,tier 1,10,3,1085,no,
STRM-101982,ACC-101982,tier 3,5,3,1173,no,
STRM-101983,ACC-101983,tier 2,7,3,327,yes,not enough content
STRM-101984,ACC-101984,tier 2,7,3,995,no,
STRM-101985,ACC-101985,tier 1,10,3,1025,no,
STRM-101986,ACC-101986,tier 1,10,3,449,yes,switch to competitor
STRM-101987,ACC-101987,tier 2,7,3,1065,no,
STRM-101988,ACC-101988,tier 2,7,3,1312,no,
STRM-101989,ACC-101989,tier 2,7,3,265,yes,not enough content
STRM-101990,ACC-101990,tier 2,7,3,705,yes,too expensive
STRM-101991,ACC-101991,tier 3,5,3,1281,no,
STRM-101992,ACC-101992,tier 1,10,3,1103,no,
STRM-101993,ACC-101993,tier 2,7,3,270,yes,too expensive
STRM-101994,ACC-101994,tier 1,10,3,1166,no,
STRM-101995,ACC-101995,tier 3,5,3,996,no,
STRM-101996,ACC-101996,tier 2,7,3,51,yes,too expensive
STRM-101997,ACC-101997,tier 3,5,3,1137,no,
STRM-101998,ACC-101998,tier 1,10,3,1138,no,
STRM-101999,ACC-101999,tier 1,10,3,1138,no,
STRM-102000,ACC-102000,tier 2,7,3,1276,no,
STRM-102001,ACC-102001,tier 2,7,3,705,no,
STRM-102002,ACC-102002,tier 1,10,3,714,no,
STRM-102003,ACC-102003,tier 3,5,3,861,no,
STRM-102004,ACC-102004,tier 1,10,3,180,yes,switch to competitor
STRM-102005,ACC-102005,tier 2,7,3,732,no,
STRM-102006,ACC-102006,tier 3,5,3,809,no,
STRM-102007,ACC-102007,tier 2,7,3,179,yes,not enough content
STRM-102008,ACC-102008,tier 3,5,3,136,yes,not enough content
STRM-102009,ACC-102009,tier 1,10,3,145,yes,not enough content
STRM-102010,ACC-102010,tier 2,7,3,755,no,
STRM-102011,ACC-102011,tier 1,10,3,875,no,
STRM-102012,ACC-102012,tier 1,10,3,383,yes,too expensive
STRM-102013,ACC-102013,tier 3,5,3,709,no,
STRM-102014,ACC-102014,tier 1,10,3,735,no,
STRM-102015,ACC-102015,tier 2,7,3,284,yes,not enough content
STRM-102016,ACC-102016,tier 2,7,3,712,no,
STRM-102017,ACC-102017,tier 2,7,3,652,no,
STRM-102018,ACC-102018,tier 3,5,3,887,no,
STRM-102019,ACC-102019,tier 1,10,3,736,no,
STRM-102020,ACC-102020,tier 2,7,3,760,no,
STRM-102021,ACC-102021,tier 3,5,3,782,no,
STRM-102022,ACC-102022,tier 2,7,3,928,no,
STRM-102023,ACC-102023,tier 3,5,3,775,no,
STRM-102024,ACC-102024,tier 1,10,3,861,no,
STRM-102025,ACC-102025,tier 2,7,3,808,no,
STRM-102026,ACC-102026,tier 2,7,3,860,no,
STRM-102027,ACC-102027,tier 2,7,3,799,no,
STRM-102028,ACC-102028,tier 3,5,3,148,yes,too expensive
STRM-102029,ACC-102029,tier 2,7,3,545,yes,not enough content
STRM-102030,ACC-102030,tier 2,7,3,622,no,
STRM-102031,ACC-102031,tier 1,10,3,900,no,
STRM-102032,ACC-102032,tier 2,7,3,430,yes,too expensive
STRM-102033,ACC-102033,tier 2,7,3,91,yes,not enough content
STRM-102034,ACC-102034,tier 3,5,3,221,yes,switch to competitor
STRM-102035,ACC-102035,tier 2,7,3,889,no,
STRM-102036,ACC-102036,tier 2,7,3,389,yes,switch to competitor
STRM-102037,ACC-102037,tier 1,10,3,920,no,
STRM-102038,ACC-102038,tier 1,10,3,648,no,
STRM-102039,ACC-102039,tier 1,10,3,665,no,
STRM-102040,ACC-102040,tier 2,7,3,604,no,
STRM-102041,ACC-102041,tier 3,5,3,408,yes,too expensive
STRM-102042,ACC-102042,tier 2,7,3,644,no,
STRM-102043,ACC-102043,tier 2,7,3,662,no,
STRM-102044,ACC-102044,tier 1,10,3,280,yes,too expensive
STRM-102045,ACC-102045,tier 3,5,3,592,no,
STRM-102046,ACC-102046,tier 2,7,3,931,no,
STRM-102047,ACC-102047,tier 1,10,3,299,yes,not enough content
STRM-102048,ACC-102048,tier 2,7,3,928,no,
STRM-102049,ACC-102049,tier 2,7,3,895,no,
STRM-102050,ACC-102050,tier 1,10,3,577,yes,not enough content
STRM-102051,ACC-102051,tier 2,7,3,641,no,
STRM-102052,ACC-102052,tier 2,7,3,301,yes,switch to competitor
STRM-102053,ACC-102053,tier 1,10,3,679,no,
STRM-102054,ACC-102054,tier 3,5,3,602,no,
STRM-102055,ACC-102055,tier 3,5,3,630,no,
STRM-102056,ACC-102056,tier 2,7,3,788,no,
STRM-102057,ACC-102057,tier 2,7,3,726,no,
STRM-102058,ACC-102058,tier 2,7,3,709,no,
STRM-102059,ACC-102059,tier 2,7,3,864,no,
STRM-102060,ACC-102060,tier 2,7,3,810,no,
STRM-102061,ACC-102061,tier 1,10,3,603,no,
STRM-102062,ACC-102062,tier 2,7,3,736,no,
STRM-102063,ACC-102063,tier 3,5,3,685,no,
STRM-102064,ACC-102064,tier 2,7,3,758,no,
STRM-102065,ACC-102065,tier 1,10,3,289,yes,not enough content
STRM-102066,ACC-102066,tier 3,5,3,123,yes,too expensive
STRM-102067,ACC-102067,tier 1,10,3,911,no,
STRM-102068,ACC-102068,tier 2,7,3,797,no,
STRM-102069,ACC-102069,tier 1,10,3,676,no,
STRM-102070,ACC-102070,tier 2,7,3,932,no,
STRM-102071,ACC-102071,tier 3,5,3,742,no,
STRM-102072,ACC-102072,tier 2,7,3,736,no,
STRM-102073,ACC-102073,tier 1,10,3,604,no,
STRM-102074,ACC-102074,tier 3,5,3,898,no,
STRM-102075,ACC-102075,tier 3,5,3,639,no,
STRM-102076,ACC-102076,tier 3,5,3,645,no,
STRM-102077,ACC-102077,tier 1,10,3,862,no,
STRM-102078,ACC-102078,tier 2,7,3,808,no,
STRM-102079,ACC-102079,tier 3,5,3,616,no,
STRM-102080,ACC-102080,tier 3,5,3,167,yes,too expensive
STRM-102081,ACC-102081,tier 1,10,3,879,no,
STRM-102082,ACC-102082,tier 1,10,3,659,no,
STRM-102083,ACC-102083,tier 2,7,3,201,yes,too expensive
STRM-102084,ACC-102084,tier 3,5,3,701,no,
STRM-102085,ACC-102085,tier 2,7,3,396,yes,too expensive
STRM-102086,ACC-102086,tier 2,7,3,681,no,
STRM-102087,ACC-102087,tier 1,10,3,912,no,
STRM-102088,ACC-102088,tier 2,7,3,910,no,
STRM-102089,ACC-102089,tier 3,5,3,769,no,
STRM-102090,ACC-102090,tier 2,7,3,776,no,
STRM-102091,ACC-102091,tier 3,5,3,579,yes,too expensive
STRM-102092,ACC-102092,tier 3,5,3,840,no,
STRM-102093,ACC-102093,tier 1,10,3,594,no,
STRM-102094,ACC-102094,tier 2,7,3,927,no,
STRM-102095,ACC-102095,tier 2,7,3,45,yes,switch to competitor
STRM-102096,ACC-102096,tier 3,5,3,914,no,
STRM-102097,ACC-102097,tier 2,7,3,861,no,
STRM-102098,ACC-102098,tier 2,7,3,469,yes,switch to competitor
STRM-102099,ACC-102099,tier 3,5,3,898,no,
STRM-102100,ACC-102100,tier 2,7,3,866,no,
STRM-102101,ACC-102101,tier 3,5,3,382,yes,too expensive
STRM-102102,ACC-102102,tier 2,7,3,698,no,
STRM-102103,ACC-102103,tier 1,10,3,549,yes,not enough content
STRM-102104,ACC-102104,tier 2,7,3,846,no,
STRM-102105,ACC-102105,tier 3,5,3,587,yes,too expensive
STRM-102106,ACC-102106,tier 2,7,3,715,no,
STRM-102107,ACC-102107,tier 3,5,3,870,no,
STRM-102108,ACC-102108,tier 3,5,3,816,no,
STRM-102109,ACC-102109,tier 2,7,3,783,no,
STRM-102110,ACC-102110,tier 3,5,3,900,no,
STRM-102111,ACC-102111,tier 1,10,3,796,no,
STRM-102112,ACC-102112,tier 1,10,3,817,no,
STRM-102113,ACC-102113,tier 1,10,3,707,no,
STRM-102114,ACC-102114,tier 3,5,3,304,yes,switch to competitor
STRM-102115,ACC-102115,tier 2,7,3,147,yes,too expensive
STRM-102116,ACC-102116,tier 1,10,3,522,yes,switch to competitor
STRM-102117,ACC-102117,tier 2,7,3,430,yes,switch to competitor
STRM-102118,ACC-102118,tier 2,7,3,872,no,
STRM-102119,ACC-102119,tier 1,10,3,252,yes,too expensive
STRM-102120,ACC-102120,tier 3,5,3,528,yes,too expensive
STRM-102121,ACC-102121,tier 3,5,3,887,no,
STRM-102122,ACC-102122,tier 2,7,3,366,yes,not enough content
STRM-102123,ACC-102123,tier 3,5,3,644,no,
STRM-102124,ACC-102124,tier 2,7,3,947,no,
STRM-102125,ACC-102125,tier 3,5,3,906,no,
STRM-102126,ACC-102126,tier 2,7,3,920,no,
STRM-102127,ACC-102127,tier 2,7,3,918,no,
STRM-102128,ACC-102128,tier 1,10,3,467,yes,switch to competitor
STRM-102129,ACC-102129,tier 3,5,3,663,no,
STRM-102130,ACC-102130,tier 2,7,3,521,yes,not enough content
STRM-102131,ACC-102131,tier 1,10,3,336,yes,too expensive
STRM-102132,ACC-102132,tier 1,10,3,743,no,
STRM-102133,ACC-102133,tier 2,7,3,625,no,
STRM-102134,ACC-102134,tier 2,7,3,901,no,
STRM-102135,ACC-102135,tier 2,7,3,840,no,
STRM-102136,ACC-102136,tier 3,5,3,716,no,
STRM-102137,ACC-102137,tier 1,10,3,911,no,
STRM-102138,ACC-102138,tier 2,7,3,733,no,
STRM-102139,ACC-102139,tier 1,10,3,512,yes,switch to competitor
STRM-102140,ACC-102140,tier 3,5,3,812,no,
STRM-102141,ACC-102141,tier 3,5,3,880,no,
STRM-102142,ACC-102142,tier 2,7,3,760,no,
STRM-102143,ACC-102143,tier 2,7,3,845,no,
STRM-102144,ACC-102144,tier 2,7,3,825,no,
STRM-102145,ACC-102145,tier 2,7,3,814,no,
STRM-102146,ACC-102146,tier 3,5,3,686,no,
STRM-102147,ACC-102147,tier 2,7,3,453,yes,not enough content
STRM-102148,ACC-102148,tier 2,7,3,853,no,
STRM-102149,ACC-102149,tier 2,7,3,680,no,
STRM-102150,ACC-102150,tier 3,5,3,600,no,
STRM-102151,ACC-102151,tier 2,7,3,613,no,
STRM-102152,ACC-102152,tier 1,10,3,792,no,
STRM-102153,ACC-102153,tier 2,7,3,792,no,
STRM-102154,ACC-102154,tier 3,5,3,464,yes,not enough content
STRM-102155,ACC-102155,tier 1,10,3,658,no,
STRM-102156,ACC-102156,tier 1,10,3,598,no,
STRM-102157,ACC-102157,tier 1,10,3,776,no,
STRM-102158,ACC-102158,tier 2,7,3,768,no,
STRM-102159,ACC-102159,tier 2,7,3,699,no,
STRM-102160,ACC-102160,tier 2,7,3,774,no,
STRM-102161,ACC-102161,tier 2,7,3,783,no,
STRM-102162,ACC-102162,tier 2,7,3,763,no,
STRM-102163,ACC-102163,tier 2,7,3,731,no,
STRM-102164,ACC-102164,tier 3,5,3,809,no,
STRM-102165,ACC-102165,tier 2,7,3,901,no,
STRM-102166,ACC-102166,tier 3,5,3,476,yes,not enough content
STRM-102167,ACC-102167,tier 2,7,3,727,no,
STRM-102168,ACC-102168,tier 1,10,3,846,no,
STRM-102169,ACC-102169,tier 2,7,3,142,yes,too expensive
STRM-102170,ACC-102170,tier 2,7,3,624,no,
STRM-102171,ACC-102171,tier 2,7,3,840,no,
STRM-102172,ACC-102172,tier 1,10,3,742,no,
STRM-102173,ACC-102173,tier 1,10,3,947,no,
STRM-102174,ACC-102174,tier 3,5,3,455,yes,too expensive
STRM-102175,ACC-102175,tier 1,10,3,639,no,
STRM-102176,ACC-102176,tier 3,5,3,629,no,
STRM-102177,ACC-102177,tier 2,7,3,690,no,
STRM-102178,ACC-102178,tier 2,7,3,890,no,
STRM-102179,ACC-102179,tier 2,7,3,409,yes,too expensive
STRM-102180,ACC-102180,tier 2,7,3,907,no,
STRM-102181,ACC-102181,tier 2,7,3,651,no,
STRM-102182,ACC-102182,tier 1,10,3,759,no,
STRM-102183,ACC-102183,tier 1,10,3,206,yes,switch to competitor
STRM-102184,ACC-102184,tier 2,7,3,855,no,
STRM-102185,ACC-102185,tier 2,7,3,821,no,
STRM-102186,ACC-102186,tier 3,5,3,633,no,
STRM-102187,ACC-102187,tier 3,5,3,140,yes,too expensive
STRM-102188,ACC-102188,tier 3,5,3,110,yes,switch to competitor
STRM-102189,ACC-102189,tier 3,5,3,848,no,
STRM-102190,ACC-102190,tier 2,7,3,917,no,
STRM-102191,ACC-102191,tier 2,7,3,603,no,
STRM-102192,ACC-102192,tier 3,5,3,872,no,
STRM-102193,ACC-102193,tier 2,7,3,664,no,
STRM-102194,ACC-102194,tier 2,7,3,777,no,
STRM-102195,ACC-102195,tier 1,10,3,139,yes,not enough content
STRM-102196,ACC-102196,tier 2,7,3,943,no,
STRM-102197,ACC-102197,tier 2,7,3,45,yes,not enough content
STRM-102198,ACC-102198,tier 3,5,3,144,yes,too expensive
STRM-102199,ACC-102199,tier 2,7,3,371,yes,not enough content
STRM-102200,ACC-102200,tier 2,7,3,701,no,
STRM-102201,ACC-102201,tier 3,"7,00",3,866,no,
STRM-102202,ACC-102202,tier 1,10,3,432,yes,too expensive
STRM-102203,ACC-102203,tier 2,7,3,514,yes,switch to competitor
STRM-102204,ACC-102204,tier 1,10,3,341,yes,not enough content
STRM-102205,ACC-102205,tier 2,7,3,758,no,
STRM-102206,ACC-102206,tier 3,5,3,407,yes,too expensive
STRM-102207,ACC-102207,tier 2,7,3,825,no,
STRM-102208,ACC-102208,tier 3,5,3,939,no,
STRM-102209,ACC-102209,tier 2,7,3,859,no,
STRM-102210,ACC-102210,tier 3,5,3,764,no,
STRM-102211,ACC-102211,tier 3,5,3,791,no,
STRM-102212,ACC-102212,tier 3,5,3,253,yes,not enough content
STRM-102213,ACC-102213,tier 1,10,3,809,no,
STRM-102214,ACC-102214,tier 3,5,3,667,no,
STRM-102215,ACC-102215,tier 2,7,3,624,no,
STRM-102216,ACC-102216,tier 2,7,3,853,no,
STRM-102217,ACC-102217,tier 3,5,3,814,no,
STRM-102218,ACC-102218,tier 2,7,3,647,no,
STRM-102219,ACC-102219,tier 3,5,3,944,no,
STRM-102220,ACC-102220,tier 1,10,3,809,no,
STRM-102221,ACC-102221,tier 2,7,3,684,no,
STRM-102222,ACC-102222,tier 2,7,3,714,no,
STRM-102223,ACC-102223,tier 1,10,3,424,yes,not enough content
STRM-102224,ACC-102224,tier 1,10,3,641,no,
STRM-102225,ACC-102225,tier 1,10,3,139,yes,too expensive
STRM-102226,ACC-102226,tier 2,7,3,840,no,
STRM-102227,ACC-102227,tier 2,7,3,461,yes,not enough content
STRM-102228,ACC-102228,tier 2,7,3,392,yes,not enough content
STRM-102229,ACC-102229,tier 2,7,3,928,no,
STRM-102230,ACC-102230,tier 2,7,3,799,no,
STRM-102231,ACC-102231,tier 2,7,3,597,no,
STRM-102232,ACC-102232,tier 1,10,3,890,no,
STRM-102233,ACC-102233,tier 3,5,3,726,no,
STRM-102234,ACC-102234,tier 3,5,3,710,no,
STRM-102235,ACC-102235,tier 2,7,3,707,no,
STRM-102236,ACC-102236,tier 2,7,3,912,no,
STRM-102236,ACC-102237,tier 3,5,3,912,no,
STRM-102237,ACC-102238,tier 1,10,3,915,no,
STRM-102238,ACC-102239,tier 1,10,3,948,no,
STRM-102239,ACC-102240,tier 1,10,3,705,no,
STRM-102240,ACC-102241,tier 3,5,3,795,no,
STRM-102241,ACC-102242,tier 1,10,3,239,yes,not enough content
STRM-102242,ACC-102243,tier 2,7,3,637,no,
STRM-102243,ACC-102244,tier 3,5,3,812,no,
STRM-102244,ACC-102245,tier 3,5,3,623,no,
STRM-102245,ACC-102246,tier 2,7,3,898,no,
STRM-102246,ACC-102247,tier 1,10,3,940,no,
STRM-102247,ACC-102248,tier 3,5,3,819,no,
STRM-102248,ACC-102249,tier 2,7,3,734,no,
STRM-102249,ACC-102250,tier 1,10,3,784,no,
STRM-102250,ACC-102251,tier 1,10,3,929,no,
STRM-102251,ACC-102252,tier 3,5,3,858,no,
STRM-102252,ACC-102253,tier 2,7,3,643,no,
STRM-102253,ACC-102254,tier 3,5,3,929,no,
STRM-102254,ACC-102255,tier 3,5,3,604,yes,not enough content
STRM-102255,ACC-102256,tier 2,7,3,682,no,
STRM-102256,ACC-102257,tier 2,7,3,753,no,
STRM-102257,ACC-102258,tier 2,7,3,370,yes,switch to competitor
STRM-102258,ACC-102259,tier 2,7,3,649,no,
STRM-102259,ACC-102260,tier 2,7,3,473,yes,not enough content
STRM-102260,ACC-102261,tier 3,5,3,832,no,
STRM-102261,ACC-102262,tier 2,7,3,859,no,
STRM-102262,ACC-102263,tier 3,5,3,613,no,
STRM-102263,ACC-102264,tier 2,7,3,189,yes,not enough content
STRM-102264,ACC-102265,tier 2,7,3,550,yes,too expensive
STRM-102265,ACC-102266,tier 2,7,3,713,no,
STRM-102266,ACC-102267,tier 2,7,3,686,no,
STRM-102267,ACC-102268,tier 2,7,3,358,yes,switch to competitor
STRM-102268,ACC-102269,tier 1,10,3,278,yes,too expensive
STRM-102269,ACC-102270,tier 2,7,3,768,no,
STRM-102270,ACC-102271,tier 1,10,3,560,yes,too expensive
STRM-102271,ACC-102272,tier 2,7,3,816,no,
STRM-102272,ACC-102273,tier 2,7,3,520,yes,too expensive
STRM-102273,ACC-102274,tier 2,7,3,939,no,
STRM-102274,ACC-102275,tier 3,5,3,909,no,
STRM-102275,ACC-102276,tier 2,7,3,634,no,
STRM-102276,ACC-102277,tier 2,7,3,607,no,
STRM-102277,ACC-102278,tier 2,7,3,297,yes,switch to competitor
STRM-102278,ACC-102279,tier 2,7,3,658,no,
STRM-102279,ACC-102280,tier 1,10,3,722,no,
STRM-102280,ACC-102281,tier 2,7,3,950,no,
STRM-102281,ACC-102282,tier 2,7,3,606,no,
STRM-102282,ACC-102283,tier 2,7,3,705,no,
STRM-102283,ACC-102284,tier 1,10,3,934,no,
STRM-102284,ACC-102285,tier 1,10,3,704,no,
STRM-102285,ACC-102286,tier 2,7,3,954,no,
STRM-102286,ACC-102287,tier 3,5,3,697,no,
STRM-102287,ACC-102288,tier 2,7,3,589,no,
STRM-102288,ACC-102289,tier 2,7,3,913,no,
STRM-102289,ACC-102290,tier 1,10,3,603,yes,too expensive
STRM-102290,ACC-102291,tier 2,7,3,324,yes,too expensive
STRM-102291,ACC-102292,tier 2,7,3,666,no,
STRM-102292,ACC-102293,tier 1,10,3,852,no,
STRM-102293,ACC-102294,tier 2,7,3,798,no,
STRM-102294,ACC-102295,tier 1,10,3,861,no,
STRM-102295,ACC-102296,tier 1,10,3,685,no,
STRM-102296,ACC-102297,tier 1,10,3,773,no,
STRM-102297,ACC-102298,tier 1,10,3,42,yes,too expensive
STRM-102298,ACC-102299,tier 1,10,3,883,no,
STRM-102299,ACC-102300,tier 2,7,3,692,no,
STRM-102300,ACC-102301,tier 3,5,3,753,no,
STRM-102301,ACC-102302,tier 2,7,3,689,no,
STRM-102302,ACC-102303,tier 2,7,3,592,yes,not enough content
STRM-102303,ACC-102304,tier 2,7,3,594,yes,too expensive
STRM-102304,ACC-102305,tier 3,5,3,668,yes,switch to competitor
STRM-102305,ACC-102306,tier 2,7,3,850,no,
STRM-102306,ACC-102307,tier 1,10,3,616,yes,switch to competitor
STRM-102307,ACC-102308,tier 2,7,3,795,no,
STRM-102308,ACC-102309,tier 1,10,3,602,no,
STRM-102309,ACC-102310,tier 2,7,3,421,yes,not enough content
STRM-102310,ACC-102311,tier 2,7,3,901,no,
STRM-102311,ACC-102312,tier 3,5,3,322,yes,switch to competitor
STRM-102312,ACC-102313,tier 2,7,3,574,yes,switch to competitor
STRM-102313,ACC-102314,tier 2,7,3,639,no,
STRM-102314,ACC-102315,tier 3,5,3,658,yes,not enough content
STRM-102315,ACC-102316,tier 1,10,3,596,no,
STRM-102316,ACC-102317,tier 2,7,3,806,no,
STRM-102317,ACC-102318,tier 2,7,3,613,no,
STRM-102318,ACC-102319,tier 2,7,3,166,yes,too expensive
STRM-102319,ACC-102320,tier 2,7,3,893,no,
STRM-102320,ACC-102321,tier 3,5,3,624,no,
STRM-102321,ACC-102322,tier 2,7,3,494,yes,not enough content
STRM-102322,ACC-102323,tier 2,7,3,873,no,
STRM-102323,ACC-102324,tier 2,7,3,593,no,
STRM-102324,ACC-102325,tier 3,5,3,619,no,
STRM-102325,ACC-102326,tier 3,5,3,883,no,
STRM-102326,ACC-102327,tier 3,5,3,675,yes,too expensive
STRM-102327,ACC-102328,tier 1,10,3,644,no,
STRM-102328,ACC-102329,tier 2,7,3,597,no,
STRM-102329,ACC-102330,tier 1,10,3,84,yes,too expensive
STRM-102330,ACC-102331,tier 2,7,3,873,no,
STRM-102331,ACC-102332,tier 1,10,3,607,no,
STRM-102332,ACC-102333,tier 2,7,3,408,yes,switch to competitor
STRM-102333,ACC-102334,tier 2,7,3,641,no,
STRM-102334,ACC-102335,tier 1,10,3,763,no,
STRM-102335,ACC-102336,tier 2,7,3,899,no,
STRM-102336,ACC-102337,tier 2,7,3,661,no,
STRM-102337,ACC-102338,tier 2,7,3,730,no,
STRM-102338,ACC-102339,tier 1,10,3,872,no,
STRM-102339,ACC-102340,tier 2,7,3,656,no,
STRM-102340,ACC-102341,tier 3,5,3,20,yes,not enough content
STRM-102341,ACC-102342,tier 1,10,3,363,yes,switch to competitor
STRM-102342,ACC-102343,tier 1,10,3,848,no,
STRM-102343,ACC-102344,tier 2,7,3,156,yes,switch to competitor
STRM-102344,ACC-102345,tier 3,5,3,634,no,
STRM-102345,ACC-102346,tier 2,7,3,690,no,
STRM-102346,ACC-102347,tier 2,7,3,928,no,
STRM-102347,ACC-102348,tier 2,7,3,272,yes,too expensive
STRM-102348,ACC-102349,tier 2,7,3,91,yes,switch to competitor
STRM-102349,ACC-102350,tier 1,10,3,642,no,
STRM-102350,ACC-102351,tier 2,7,3,373,yes,not enough content
STRM-102351,ACC-102352,tier 3,5,3,939,no,
STRM-102352,ACC-102353,tier 2,7,3,75,yes,switch to competitor
STRM-102353,ACC-102354,tier 3,5,3,562,yes,switch to competitor
STRM-102354,ACC-102355,tier 2,7,3,592,yes,too expensive
STRM-102355,ACC-102356,tier 1,10,3,627,yes,not enough content
STRM-102356,ACC-102357,tier 3,5,3,292,yes,switch to competitor
STRM-102357,ACC-102358,tier 1,10,3,700,no,
STRM-102358,ACC-102359,tier 2,7,3,710,no,
STRM-102359,ACC-102360,tier 1,10,3,215,yes,too expensive
STRM-102360,ACC-102361,tier 1,10,3,380,yes,switch to competitor
STRM-102361,ACC-102362,tier 2,7,3,761,no,
STRM-102362,ACC-102363,tier 2,7,3,884,no,
STRM-102363,ACC-102364,tier 2,7,3,855,no,
STRM-102364,ACC-102365,tier 2,7,3,907,no,
STRM-102365,ACC-102366,tier 1,10,3,680,no,
STRM-102366,ACC-102367,tier 1,10,3,915,no,
STRM-102367,ACC-102368,tier 2,7,3,932,no,
STRM-102368,ACC-102369,tier 2,7,3,888,no,
STRM-102369,ACC-102370,tier 2,7,3,915,no,
STRM-102370,ACC-102371,tier 2,7,3,369,yes,not enough content
STRM-102371,ACC-102372,tier 3,5,3,576,yes,switch to competitor
STRM-102372,ACC-102373,tier 2,7,3,818,no,
STRM-102373,ACC-102374,tier 2,7,3,553,yes,switch to competitor
STRM-102374,ACC-102375,tier 2,7,3,548,yes,too expensive
STRM-102375,ACC-102376,tier 2,7,3,671,no,
STRM-102376,ACC-102377,tier 2,7,3,834,no,
STRM-102377,ACC-102378,tier 3,5,3,944,no,
STRM-102378,ACC-102379,tier 2,7,3,653,no,
STRM-102379,ACC-102380,tier 3,5,3,642,no,
STRM-102380,ACC-102381,tier 3,5,3,727,no,
STRM-102381,ACC-102382,tier 3,5,3,617,no,
STRM-102382,ACC-102383,tier 3,5,3,41,yes,switch to competitor
STRM-102383,ACC-102384,tier 2,7,3,652,no,
STRM-102384,ACC-102385,tier 2,7,3,636,no,
STRM-102385,ACC-102386,tier 2,7,3,899,no,
STRM-102386,ACC-102387,tier 2,7,3,717,no,
STRM-102387,ACC-102388,tier 2,7,3,759,no,
STRM-102388,ACC-102389,tier 2,7,3,295,yes,too expensive
STRM-102389,ACC-102390,tier 2,7,3,677,no,
STRM-102390,ACC-102391,tier 2,7,3,639,no,
STRM-102391,ACC-102392,tier 1,10,3,396,yes,not enough content
STRM-102392,ACC-102393,tier 2,7,3,663,no,
STRM-102393,ACC-102394,tier 1,10,3,718,no,
STRM-102394,ACC-102395,tier 3,5,3,771,no,
STRM-102395,ACC-102396,tier 2,7,3,925,no,
STRM-102396,ACC-102397,tier 1,10,3,672,no,
STRM-102397,ACC-102398,tier 1,10,3,297,yes,switch to competitor
STRM-102398,ACC-102399,tier 2,7,3,838,no,
STRM-102399,ACC-102400,tier 2,7,3,896,no,
STRM-102400,ACC-102401,tier 2,7,3,792,no,
STRM-102401,ACC-102402,tier 1,10,3,31,yes,not enough content
STRM-102402,ACC-102403,tier 2,7,3,932,no,
STRM-102403,ACC-102404,tier 2,7,3,695,no,
STRM-102404,ACC-102405,tier 2,7,3,850,no,
STRM-102405,ACC-102406,tier 2,7,3,626,no,
STRM-102406,ACC-102407,tier 2,7,3,787,no,
STRM-102407,ACC-102408,tier 1,10,3,621,no,
STRM-102408,ACC-102409,tier 3,5,3,766,no,
STRM-102409,ACC-102410,tier 2,7,3,643,no,
STRM-102410,ACC-102411,tier 2,7,3,48,yes,not enough content
STRM-102411,ACC-102412,tier 1,10,3,622,no,
STRM-102412,ACC-102413,tier 2,7,3,473,yes,switch to competitor
STRM-102413,ACC-102414,tier 1,10,3,555,yes,too expensive
STRM-102414,ACC-102415,tier 2,7,3,686,no,
STRM-102415,ACC-102416,tier 3,5,3,660,no,
STRM-102416,ACC-102417,tier 2,7,3,769,no,
STRM-102417,ACC-102418,tier 1,10,3,831,no,
STRM-102418,ACC-102419,tier 1,10,3,774,no,
STRM-102419,ACC-102420,tier 2,7,3,707,no,
STRM-102420,ACC-102421,tier 1,10,3,143,yes,not enough content
STRM-102421,ACC-102422,tier 1,10,3,746,no,
STRM-102422,ACC-102423,tier 3,5,3,364,yes,not enough content
STRM-102423,ACC-102424,tier 2,7,3,745,no,
STRM-102424,ACC-102425,tier 2,7,3,479,yes,switch to competitor
STRM-102425,ACC-102426,tier 3,5,3,740,no,
STRM-102426,ACC-102427,tier 1,10,3,903,no,
STRM-102427,ACC-102428,tier 3,5,3,601,no,
STRM-102428,ACC-102429,tier 2,7,3,447,yes,switch to competitor
STRM-102429,ACC-102430,tier 3,5,3,598,no,
STRM-102430,ACC-102431,tier 2,7,3,782,no,
STRM-102431,ACC-102432,tier 3,5,3,931,no,
STRM-102432,ACC-102433,tier 3,5,3,632,no,
STRM-102433,ACC-102434,tier 2,7,3,710,no,
STRM-102434,ACC-102435,tier 3,5,3,951,no,
STRM-102435,ACC-102436,tier 2,7,3,790,no,
STRM-102436,ACC-102437,tier 2,7,3,905,no,
STRM-102437,ACC-102438,tier 2,7,3,666,no,
STRM-102438,ACC-102439,tier 2,7,3,789,no,
STRM-102439,ACC-102440,tier 1,10,3,847,no,
STRM-102440,ACC-102441,tier 2,7,3,777,no,
STRM-102441,ACC-102442,tier 2,7,3,705,no,
STRM-102442,ACC-102443,tier 3,5,3,252,yes,switch to competitor
STRM-102443,ACC-102444,tier 3,5,3,905,no,
STRM-102444,ACC-102445,tier 2,7,3,424,yes,switch to competitor
STRM-102445,ACC-102446,tier 2,7,3,41,yes,switch to competitor
STRM-102446,ACC-102447,tier 2,7,3,662,no,
STRM-102447,ACC-102448,tier 1,10,3,137,yes,switch to competitor
STRM-102448,ACC-102449,tier 1,10,3,820,no,
STRM-102449,ACC-102450,tier 2,7,3,612,no,
STRM-102450,ACC-102451,tier 2,7,3,349,yes,too expensive
STRM-102451,ACC-102452,tier 3,5,3,722,no,
STRM-102452,ACC-102453,tier 2,7,3,602,no,
STRM-102453,ACC-102454,tier 2,7,3,340,yes,not enough content
STRM-102454,ACC-102455,tier 2,7,3,633,no,
STRM-102455,ACC-102456,tier 1,10,3,610,no,
STRM-102456,ACC-102457,tier 2,7,3,304,yes,too expensive
STRM-102457,ACC-102458,tier 2,7,3,234,yes,too expensive
STRM-102458,ACC-102459,tier 2,7,3,703,no,
STRM-102459,ACC-102460,tier 2,7,3,740,no,
STRM-102460,ACC-102461,tier 3,5,3,656,no,
STRM-102461,ACC-102462,tier 3,5,3,322,yes,switch to competitor
STRM-102462,ACC-102463,tier 2,7,3,706,no,
STRM-102463,ACC-102464,tier 2,7,3,772,no,
STRM-102464,ACC-102465,tier 2,7,3,309,yes,not enough content
STRM-102465,ACC-102466,tier 1,10,3,828,no,
STRM-102466,ACC-102467,tier 2,7,3,791,no,
STRM-102467,ACC-102468,tier 1,10,3,510,yes,too expensive
STRM-102468,ACC-102469,tier 2,7,3,834,no,
STRM-102469,ACC-102470,tier 2,7,3,745,no,
STRM-102470,ACC-102471,tier 1,10,3,792,no,
STRM-102471,ACC-102472,tier 3,5,3,289,yes,switch to competitor
STRM-102472,ACC-102473,tier 3,5,3,330,yes,switch to competitor
STRM-102473,ACC-102474,tier 2,7,3,437,yes,not enough content
STRM-102474,ACC-102475,tier 2,7,3,642,no,
STRM-102475,ACC-102476,tier 3,5,3,107,yes,too expensive
STRM-102476,ACC-102477,tier 1,10,3,671,no,
STRM-102477,ACC-102478,tier 3,5,3,680,no,
STRM-102478,ACC-102479,tier 1,10,3,837,no,
STRM-102479,ACC-102480,tier 3,5,3,743,no,
STRM-102480,ACC-102481,tier 2,7,3,554,yes,too expensive
STRM-102481,ACC-102482,tier 3,5,3,706,no,
STRM-102482,ACC-102483,tier 3,5,3,837,no,
STRM-102483,ACC-102484,tier 1,10,3,401,yes,too expensive
STRM-102484,ACC-102485,tier 2,7,3,93,yes,switch to competitor
STRM-102485,ACC-102486,tier 3,5,3,569,yes,not enough content
STRM-102486,ACC-102487,tier 2,7,3,213,yes,not enough content
STRM-102487,ACC-102488,tier 3,5,3,789,no,
STRM-102488,ACC-102489,tier 2,7,3,720,no,
STRM-102489,ACC-102490,tier 2,7,3,805,no,
STRM-102490,ACC-102491,tier 2,7,3,812,no,
STRM-102491,ACC-102492,tier 1,10,3,418,yes,too expensive
STRM-102492,ACC-102493,tier 3,5,3,840,no,
STRM-102493,ACC-102494,tier 2,7,3,836,no,
STRM-102494,ACC-102495,tier 2,7,3,795,no,
STRM-102495,ACC-102496,tier 2,7,3,667,no,
STRM-102496,ACC-102497,tier 2,7,3,882,no,
STRM-102497,ACC-102498,tier 3,5,3,702,no,
STRM-102498,ACC-102499,tier 3,5,3,936,no,
STRM-102499,ACC-102500,tier 2,7,3,817,no,
STRM-102500,ACC-102501,tier 3,5,3,699,no,
STRM-102501,ACC-102502,tier 3,5,3,718,no,
STRM-102502,ACC-102503,tier 2,7,3,737,no,
STRM-102503,ACC-102504,tier 3,5,3,948,no,
STRM-102504,ACC-102505,tier 1,10,3,131,yes,switch to competitor
STRM-102505,ACC-102506,tier 1,10,3,867,no,
STRM-102506,ACC-102507,tier 3,5,3,674,no,
STRM-102507,ACC-102508,tier 2,7,3,508,yes,too expensive
STRM-102508,ACC-102509,tier 3,5,3,764,no,
STRM-102509,ACC-102510,tier 3,5,3,687,no,
STRM-102510,ACC-102511,tier 1,10,3,645,no,
STRM-102511,ACC-102512,tier 3,5,3,885,no,
STRM-102512,ACC-102513,tier 2,7,3,741,no,
STRM-102513,ACC-102514,tier 2,7,3,795,no,
STRM-102514,ACC-102515,tier 2,7,3,720,no,
STRM-102515,ACC-102516,tier 3,5,3,874,no,
STRM-102516,ACC-102517,tier 1,10,3,633,no,
STRM-102517,ACC-102518,tier 2,7,3,736,no,
STRM-102518,ACC-102519,tier 2,7,3,524,yes,not enough content
STRM-102519,ACC-102520,tier 2,7,3,651,no,
STRM-102520,ACC-102521,tier 2,7,3,820,no,
STRM-102521,ACC-102522,tier 1,10,3,436,yes,switch to competitor
STRM-102522,ACC-102523,tier 2,7,3,639,no,
STRM-102523,ACC-102524,tier 2,7,3,236,yes,too expensive
STRM-102524,ACC-102525,tier 3,5,3,870,no,
STRM-102525,ACC-102526,tier 2,7,3,928,no,
STRM-102526,ACC-102527,tier 1,10,3,713,no,
STRM-102527,ACC-102528,tier 3,5,3,668,no,
STRM-102528,ACC-102529,tier 1,10,3,339,yes,too expensive
STRM-102529,ACC-102530,tier 3,5,3,621,yes,switch to competitor
STRM-102530,ACC-102531,tier 2,7,3,668,no,
STRM-102531,ACC-102532,tier 3,5,3,732,no,
STRM-102532,ACC-102533,tier 2,7,3,369,yes,not enough content
STRM-102533,ACC-102534,tier 1,10,3,210,yes,switch to competitor
STRM-102534,ACC-102535,tier 2,7,3,949,no,
STRM-102535,ACC-102536,tier 3,5,3,654,no,
STRM-102536,ACC-102537,tier 2,7,3,473,yes,too expensive
STRM-102537,ACC-102538,tier 1,10,3,814,no,
STRM-102538,ACC-102539,tier 3,5,3,594,no,
STRM-102539,ACC-102540,tier 3,5,3,497,yes,too expensive
STRM-102540,ACC-102541,tier 2,7,3,866,no,
STRM-102541,ACC-102542,tier 3,5,3,765,no,
STRM-102542,ACC-102543,tier 3,5,3,912,no,
STRM-102543,ACC-102544,tier 2,7,3,628,no,
STRM-102544,ACC-102545,tier 1,10,3,213,yes,too expensive
STRM-102545,ACC-102546,tier 2,7,3,339,yes,too expensive
STRM-102546,ACC-102547,tier 1,10,3,427,yes,not enough content
STRM-102547,ACC-102548,tier 2,7,3,528,yes,not enough content
STRM-102548,ACC-102549,tier 2,7,3,866,no,
STRM-102549,ACC-102550,tier 1,10,3,696,no,
STRM-102550,ACC-102551,tier 2,7,3,814,no,
STRM-102551,ACC-102552,tier 1,10,3,103,yes,too expensive
STRM-102552,ACC-102553,tier 3,5,3,201,yes,not enough content
STRM-102553,ACC-102554,tier 3,5,3,652,no,
STRM-102554,ACC-102555,tier 1,10,3,949,no,
STRM-102555,ACC-102556,tier 3,5,3,828,no,
STRM-102556,ACC-102557,tier 2,7,3,887,no,
STRM-102557,ACC-102558,tier 2,7,3,812,no,
STRM-102558,ACC-102559,tier 1,10,3,858,no,
STRM-102559,ACC-102560,tier 2,7,3,822,no,
STRM-102560,ACC-102561,tier 3,5,3,773,no,
STRM-102561,ACC-102562,tier 2,7,3,52,yes,not enough content
STRM-102562,ACC-102563,tier 1,10,3,679,no,
STRM-102563,ACC-102564,tier 1,10,3,227,yes,not enough content
STRM-102564,ACC-102565,tier 2,7,3,279,yes,too expensive
STRM-102565,ACC-102566,tier 2,7,3,544,yes,switch to competitor
STRM-102566,ACC-102567,tier 1,10,3,883,no,
STRM-102567,ACC-102568,tier 2,7,3,761,no,
STRM-102568,ACC-102569,tier 3,5,3,901,no,
STRM-102569,ACC-102570,tier 3,5,3,711,no,
STRM-102570,ACC-102571,tier 2,7,3,771,no,
STRM-102571,ACC-102572,tier 3,5,3,943,no,
STRM-102572,ACC-102573,tier 2,7,3,660,no,
STRM-102573,ACC-102574,tier 2,7,3,601,yes,switch to competitor
STRM-102574,ACC-102575,tier 1,10,3,749,no,
STRM-102575,ACC-102576,tier 2,7,3,512,yes,switch to competitor
STRM-102576,ACC-102577,tier 3,5,3,692,no,
STRM-102577,ACC-102578,tier 2,7,3,883,no,
STRM-102578,ACC-102579,tier 2,7,3,159,yes,too expensive
STRM-102579,ACC-102580,tier 2,7,3,870,no,
STRM-102580,ACC-102581,tier 1,10,3,866,no,
STRM-102581,ACC-102582,tier 3,5,3,850,no,
STRM-102582,ACC-102583,tier 2,7,3,398,yes,not enough content
STRM-102583,ACC-102584,tier 2,7,3,778,no,
STRM-102584,ACC-102585,tier 2,7,3,622,yes,not enough content
STRM-102585,ACC-102586,tier 2,7,3,113,yes,too expensive
STRM-102586,ACC-102587,tier 1,10,3,886,no,
STRM-102587,ACC-102588,tier 2,7,3,737,no,
STRM-102588,ACC-102589,tier 1,10,3,704,no,
STRM-102589,ACC-102590,tier 2,7,3,643,no,
STRM-102590,ACC-102591,tier 3,5,3,780,no,
STRM-102591,ACC-102592,tier 3,5,3,624,no,
STRM-102592,ACC-102593,tier 2,7,3,846,no,
STRM-102593,ACC-102594,tier 2,7,3,620,no,
STRM-102594,ACC-102595,tier 1,10,3,756,no,
STRM-102595,ACC-102596,tier 3,5,3,739,no,
STRM-102596,ACC-102597,tier 2,7,3,912,no,
STRM-102597,ACC-102598,tier 2,7,3,948,no,
STRM-102598,ACC-102599,tier 2,7,3,722,no,
STRM-102599,ACC-102600,tier 1,10,3,927,no,
STRM-102600,ACC-102601,tier 2,7,3,724,no,
STRM-102601,ACC-102602,tier 1,10,3,768,no,
STRM-102602,ACC-102603,tier 2,7,3,96,yes,too expensive
STRM-102603,ACC-102604,tier 2,7,3,592,no,
STRM-102604,ACC-102605,tier 1,10,3,930,no,
STRM-102605,ACC-102606,tier 2,7,3,719,no,
STRM-102606,ACC-102607,tier 1,10,3,737,no,
STRM-102607,ACC-102608,tier 2,7,3,818,no,
STRM-102608,ACC-102609,tier 2,7,3,726,no,
STRM-102609,ACC-102610,tier 1,10,3,897,no,
STRM-102610,ACC-102611,tier 3,5,3,865,no,
STRM-102611,ACC-102612,tier 1,10,3,880,no,
STRM-102612,ACC-102613,tier 1,10,3,720,no,
STRM-102613,ACC-102614,tier 2,7,3,915,no,
STRM-102614,ACC-102615,tier 2,7,3,118,yes,switch to competitor
STRM-102615,ACC-102616,tier 1,10,3,404,yes,switch to competitor
STRM-102616,ACC-102617,tier 2,7,3,96,yes,too expensive
STRM-102617,ACC-102618,tier 2,7,3,856,no,
STRM-102618,ACC-102619,tier 3,5,3,929,no,
STRM-102619,ACC-102620,tier 2,7,3,731,no,
STRM-102620,ACC-102621,tier 3,5,3,611,no,
STRM-102621,ACC-102622,tier 3,5,3,809,no,
STRM-102622,ACC-102623,tier 2,7,3,742,no,
STRM-102623,ACC-102624,tier 3,5,3,424,yes,switch to competitor
STRM-102624,ACC-102625,tier 2,7,3,839,no,
STRM-102625,ACC-102626,tier 3,5,3,641,no,
STRM-102626,ACC-102627,tier 1,10,3,739,no,
STRM-102627,ACC-102628,tier 2,7,3,669,no,
STRM-102628,ACC-102629,tier 2,7,3,727,no,
STRM-102629,ACC-102630,tier 2,7,3,597,no,
STRM-102630,ACC-102631,tier 2,7,3,938,no,
STRM-102631,ACC-102632,tier 2,7,3,705,no,
STRM-102632,ACC-102633,tier 1,10,3,683,no,
STRM-102633,ACC-102634,tier 1,10,3,609,no,
STRM-102634,ACC-102635,tier 2,7,3,774,no,
STRM-102635,ACC-102636,tier 2,7,3,809,no,
STRM-102636,ACC-102637,tier 3,5,3,679,no,
STRM-102637,ACC-102638,tier 3,5,3,752,no,
STRM-102638,ACC-102639,tier 3,5,3,425,yes,not enough content
STRM-102639,ACC-102640,tier 2,7,3,843,no,
STRM-102640,ACC-102641,tier 2,7,3,769,no,
STRM-102641,ACC-102642,tier 1,10,3,680,no,
STRM-102642,ACC-102643,tier 3,5,3,717,no,
STRM-102643,ACC-102644,tier 2,7,3,750,no,
STRM-102644,ACC-102645,tier 1,10,3,717,no,
STRM-102645,ACC-102646,tier 2,7,3,657,no,
STRM-102646,ACC-102647,tier 3,5,3,629,no,
STRM-102647,ACC-102648,tier 2,7,3,637,no,
STRM-102648,ACC-102649,tier 2,7,3,788,no,
STRM-102649,ACC-102650,tier 2,7,3,38,yes,too expensive
STRM-102650,ACC-102651,tier 1,10,3,180,yes,too expensive
STRM-102651,ACC-102652,tier 2,7,3,832,no,
STRM-102652,ACC-102653,tier 2,7,3,804,no,
STRM-102653,ACC-102654,tier 1,10,3,718,no,
STRM-102654,ACC-102655,tier 3,5,3,527,yes,not enough content
STRM-102655,ACC-102656,tier 2,7,3,178,yes,not enough content
STRM-102656,ACC-102657,tier 3,5,3,919,no,
STRM-102657,ACC-102658,tier 3,5,3,87,yes,not enough content
STRM-102658,ACC-102659,tier 1,10,3,679,no,
STRM-102659,ACC-102660,tier 2,7,3,76,yes,switch to competitor
STRM-102660,ACC-102661,tier 2,7,3,934,no,
STRM-102661,ACC-102662,tier 3,5,3,891,no,
STRM-102662,ACC-102663,tier 1,10,3,868,no,
STRM-102663,ACC-102664,tier 2,7,3,230,yes,too expensive
STRM-102664,ACC-102665,tier 2,7,3,626,no,
STRM-102665,ACC-102666,tier 2,7,3,365,yes,switch to competitor
STRM-102666,ACC-102667,tier 1,10,3,724,no,
STRM-102667,ACC-102668,tier 2,7,3,166,yes,not enough content
STRM-102668,ACC-102669,tier 2,7,3,592,yes,switch to competitor
STRM-102669,ACC-102670,tier 2,7,3,873,no,
STRM-102670,ACC-102671,tier 2,7,3,729,no,
STRM-102671,ACC-102672,tier 2,7,3,643,no,
STRM-102672,ACC-102673,tier 2,7,3,838,no,
STRM-102673,ACC-102674,tier 1,10,3,655,no,
STRM-102674,ACC-102675,tier 3,5,3,367,yes,not enough content
STRM-102675,ACC-102676,tier 2,7,3,698,no,
STRM-102676,ACC-102677,tier 2,7,3,623,no,
STRM-102677,ACC-102678,tier 1,10,3,29,yes,switch to competitor
STRM-102678,ACC-102679,tier 1,10,3,839,no,
STRM-102679,ACC-102680,tier 2,7,3,137,yes,switch to competitor
STRM-102680,ACC-102681,tier 2,7,3,699,no,
STRM-102681,ACC-102682,tier 3,5,3,222,yes,not enough content
STRM-102682,ACC-102683,tier 1,10,3,634,no,
STRM-102683,ACC-102684,tier 2,7,3,447,yes,switch to competitor
STRM-102684,ACC-102685,tier 2,7,3,664,no,
STRM-102685,ACC-102686,tier 1,10,3,861,no,
STRM-102686,ACC-102687,tier 1,10,3,601,no,
STRM-102687,ACC-102688,tier 2,7,3,818,no,
STRM-102688,ACC-102689,tier 2,7,3,150,yes,too expensive
STRM-102689,ACC-102690,tier 2,7,3,848,no,
STRM-102690,ACC-102691,tier 2,7,3,904,no,
STRM-102691,ACC-102692,tier 2,7,3,630,no,
STRM-102692,ACC-102693,tier 1,10,3,912,no,
STRM-102693,ACC-102694,tier 2,7,3,705,no,
STRM-102694,ACC-102695,tier 3,5,3,214,yes,switch to competitor
STRM-102695,ACC-102696,tier 2,7,3,602,yes,switch to competitor
STRM-102696,ACC-102697,tier 2,7,3,864,no,
STRM-102697,ACC-102698,tier 2,7,3,801,no,
STRM-102698,ACC-102699,tier 3,5,3,814,no,
STRM-102699,ACC-102700,tier 3,5,3,729,no,
STRM-102700,ACC-102701,tier 2,7,3,536,yes,too expensive
STRM-102701,ACC-102702,tier 3,5,3,863,no,
STRM-102702,ACC-102703,tier 1,10,3,728,no,
STRM-102703,ACC-102704,tier 1,10,3,233,yes,not enough content
STRM-102704,ACC-102705,tier 3,5,3,683,no,
STRM-102705,ACC-102706,tier 3,5,3,847,no,
STRM-102706,ACC-102707,tier 1,10,3,190,yes,too expensive
STRM-102707,ACC-102708,tier 2,7,3,466,yes,switch to competitor
STRM-102708,ACC-102709,tier 1,10,3,817,no,
STRM-102709,ACC-102710,tier 2,7,3,765,no,
STRM-102710,ACC-102711,tier 3,5,3,793,no,
STRM-102711,ACC-102712,tier 2,7,3,741,no,
STRM-102712,ACC-102713,tier 2,7,3,773,no,
STRM-102713,ACC-102714,tier 2,7,3,814,no,
STRM-102714,ACC-102715,tier 1,10,3,823,no,
STRM-102715,ACC-102716,tier 2,7,3,348,yes,not enough content
STRM-102716,ACC-102717,tier 2,7,3,844,no,
STRM-102717,ACC-102718,tier 3,5,3,916,no,
STRM-102718,ACC-102719,tier 3,5,3,651,no,
STRM-102719,ACC-102720,tier 1,10,3,593,no,
STRM-102720,ACC-102721,tier 3,5,3,903,no,
STRM-102721,ACC-102722,tier 3,5,3,765,no,
STRM-102722,ACC-102723,tier 3,5,3,90,yes,switch to competitor
STRM-102723,ACC-102724,tier 2,7,3,877,no,
STRM-102724,ACC-102725,tier 2,7,3,909,no,
STRM-102725,ACC-102726,tier 2,7,3,459,yes,switch to competitor
STRM-102726,ACC-102727,tier 1,10,3,336,yes,too expensive
STRM-102727,ACC-102728,tier 1,10,3,845,no,
STRM-102728,ACC-102729,tier 1,10,3,769,no,
STRM-102729,ACC-102730,tier 2,7,3,38,yes,too expensive
STRM-102730,ACC-102731,tier 2,7,3,744,no,
STRM-102731,ACC-102732,tier 2,7,3,539,yes,not enough content
STRM-102732,ACC-102733,tier 1,10,3,507,yes,not enough content
STRM-102733,ACC-102734,tier 3,5,3,660,no,
STRM-102734,ACC-102735,tier 3,5,3,130,yes,not enough content
STRM-102735,ACC-102736,tier 3,5,3,104,yes,switch to competitor
STRM-102736,ACC-102737,tier 3,5,3,89,yes,too expensive
STRM-102737,ACC-102738,tier 2,7,3,716,no,
STRM-102738,ACC-102739,tier 3,5,3,861,no,
STRM-102739,ACC-102740,tier 1,10,3,376,yes,too expensive
STRM-102740,ACC-102741,tier 2,7,3,804,no,
STRM-102741,ACC-102742,tier 1,10,3,839,no,
STRM-102742,ACC-102743,tier 1,10,3,655,no,
STRM-102743,ACC-102744,tier 1,10,3,614,no,
STRM-102744,ACC-102745,tier 2,7,3,659,no,
STRM-102745,ACC-102746,tier 3,5,3,862,no,
STRM-102746,ACC-102747,tier 2,7,3,889,no,
STRM-102747,ACC-102748,tier 1,10,3,837,no,
STRM-102748,ACC-102749,tier 3,5,3,253,yes,too expensive
STRM-102749,ACC-102750,tier 2,7,3,465,yes,not enough content
STRM-102750,ACC-102751,tier 2,7,3,228,yes,too expensive
STRM-102751,ACC-102752,tier 2,7,3,730,no,
STRM-102752,ACC-102753,tier 2,7,3,891,no,
STRM-102753,ACC-102754,tier 2,7,3,847,no,
STRM-102754,ACC-102755,tier 3,5,3,792,no,
STRM-102755,ACC-102756,tier 2,7,3,695,no,
STRM-102756,ACC-102757,tier 2,7,3,946,no,
STRM-102757,ACC-102758,tier 3,5,3,773,no,
STRM-102758,ACC-102759,tier 2,7,3,621,no,
STRM-102759,ACC-102760,tier 1,10,3,296,yes,too expensive
STRM-102760,ACC-102761,tier 1,10,3,196,yes,too expensive
STRM-102761,ACC-102762,tier 1,10,3,689,no,
STRM-102762,ACC-102763,tier 2,7,3,425,yes,not enough content
STRM-102763,ACC-102764,tier 2,7,3,444,yes,too expensive
STRM-102764,ACC-102765,tier 1,10,3,653,yes,not enough content
STRM-102765,ACC-102766,tier 3,5,3,871,no,
STRM-102766,ACC-102767,tier 2,7,3,634,no,
STRM-102767,ACC-102768,tier 1,10,3,941,no,
STRM-102768,ACC-102769,tier 2,7,3,62,yes,too expensive
STRM-102769,ACC-102770,tier 2,7,3,188,yes,too expensive
STRM-102770,ACC-102771,tier 1,10,3,109,yes,too expensive
STRM-102771,ACC-102772,tier 2,7,3,711,no,
STRM-102772,ACC-102773,tier 3,5,3,15,yes,not enough content
STRM-102773,ACC-102774,tier 2,7,3,823,no,
STRM-102774,ACC-102775,tier 2,7,3,612,no,
STRM-102775,ACC-102776,tier 2,7,3,662,no,
STRM-102776,ACC-102777,tier 1,10,3,881,no,
STRM-102777,ACC-102778,tier 1,10,3,748,no,
STRM-102778,ACC-102779,tier 2,7,3,839,no,
STRM-102779,ACC-102780,tier 1,10,3,367,yes,not enough content
STRM-102780,ACC-102781,tier 1,10,3,887,no,
STRM-102781,ACC-102782,tier 3,5,3,409,yes,too expensive
STRM-102782,ACC-102783,tier 3,5,3,29,yes,switch to competitor
STRM-102783,ACC-102784,tier 3,5,3,833,no,
STRM-102784,ACC-102785,tier 3,5,3,708,no,
STRM-102785,ACC-102786,tier 1,10,3,659,no,
STRM-102786,ACC-102787,tier 3,5,3,820,no,
STRM-102787,ACC-102788,tier 1,10,3,360,yes,not enough content
STRM-102788,ACC-102789,tier 3,5,3,481,yes,not enough content
STRM-102789,ACC-102790,tier 3,5,3,284,yes,too expensive
STRM-102790,ACC-102791,tier 2,7,3,626,no,
STRM-102791,ACC-102792,tier 3,5,3,128,yes,switch to competitor
STRM-102792,ACC-102793,tier 2,7,3,777,no,
STRM-102793,ACC-102794,tier 2,7,3,861,no,
STRM-102794,ACC-102795,tier 2,7,3,606,no,
STRM-102795,ACC-102796,tier 2,7,3,773,no,
STRM-102796,ACC-102797,tier 1,10,3,682,no,
STRM-102797,ACC-102798,tier 2,7,3,873,no,
STRM-102798,ACC-102799,tier 3,5,3,877,no,
STRM-102799,ACC-102800,tier 1,10,3,812,no,
STRM-102800,ACC-102801,tier 3,5,3,463,yes,too expensive
STRM-102801,ACC-102802,tier 3,5,3,801,no,
STRM-102802,ACC-102803,tier 3,5,3,641,no,
STRM-102803,ACC-102804,tier 3,5,3,744,no,
STRM-102804,ACC-102805,tier 2,7,3,830,no,
STRM-102805,ACC-102806,tier 3,5,3,652,no,
STRM-102806,ACC-102807,tier 3,5,3,813,no,
STRM-102807,ACC-102808,tier 1,10,3,170,yes,not enough content
STRM-102808,ACC-102809,tier 2,7,3,610,no,
STRM-102809,ACC-102810,tier 2,7,3,894,no,
STRM-102810,ACC-102811,tier 1,10,3,633,no,
STRM-102811,ACC-102812,tier 2,7,3,891,no,
STRM-102812,ACC-102813,tier 2,7,3,364,yes,not enough content
STRM-102813,ACC-102814,tier 1,10,3,824,no,
STRM-102814,ACC-102815,tier 2,7,3,644,yes,too expensive
STRM-102815,ACC-102816,tier 3,5,3,687,no,
STRM-102816,ACC-102817,tier 2,7,3,614,no,
STRM-102817,ACC-102818,tier 1,10,3,628,no,
STRM-102818,ACC-102819,tier 1,10,3,627,no,
STRM-102819,ACC-102820,tier 2,7,3,912,no,
STRM-102820,ACC-102821,tier 3,5,3,701,no,
STRM-102821,ACC-102822,tier 1,10,3,592,no,
STRM-102822,ACC-102823,tier 2,7,3,465,yes,too expensive
STRM-102823,ACC-102824,tier 1,10,3,899,no,
STRM-102824,ACC-102825,tier 2,7,3,906,no,
STRM-102825,ACC-102826,tier 3,5,3,610,no,
STRM-102826,ACC-102827,tier 2,7,3,934,no,
STRM-102827,ACC-102828,tier 1,10,3,687,no,
STRM-102828,ACC-102829,tier 2,7,3,941,no,
STRM-102829,ACC-102830,tier 1,10,3,786,no,
STRM-102830,ACC-102831,tier 2,7,3,274,yes,switch to competitor
STRM-102831,ACC-102832,tier 2,7,3,827,no,
STRM-102832,ACC-102833,tier 1,10,3,284,yes,switch to competitor
STRM-102833,ACC-102834,tier 2,7,3,674,no,
STRM-102834,ACC-102835,tier 2,7,3,106,yes,not enough content
STRM-102835,ACC-102836,tier 3,5,3,248,yes,switch to competitor
STRM-102836,ACC-102837,tier 3,5,3,908,no,
STRM-102837,ACC-102838,tier 1,10,3,222,yes,switch to competitor
STRM-102838,ACC-102839,tier 3,5,3,385,yes,not enough content
STRM-102839,ACC-102840,tier 2,7,3,946,no,
STRM-102840,ACC-102841,tier 2,7,3,596,no,
STRM-102841,ACC-102842,tier 3,5,3,638,no,
STRM-102842,ACC-102843,tier 3,5,3,590,no,
STRM-102843,ACC-102844,tier 3,5,3,880,no,
STRM-102844,ACC-102845,tier 2,7,3,121,yes,not enough content
STRM-102845,ACC-102846,tier 2,7,3,839,no,
STRM-102846,ACC-102847,tier 3,5,3,875,no,
STRM-102847,ACC-102848,tier 2,7,3,239,yes,not enough content
STRM-102848,ACC-102849,tier 2,7,3,163,yes,not enough content
STRM-102849,ACC-102850,tier 2,7,3,509,yes,too expensive
STRM-102850,ACC-102851,tier 2,7,3,211,yes,not enough content
STRM-102851,ACC-102852,tier 1,10,3,657,no,
STRM-102852,ACC-102853,tier 1,10,3,821,no,
STRM-102853,ACC-102854,tier 3,5,3,765,no,
STRM-102854,ACC-102855,tier 1,10,3,772,no,
STRM-102855,ACC-102856,tier 2,7,3,604,yes,not enough content
STRM-102856,ACC-102857,tier 1,10,3,695,no,
STRM-102857,ACC-102858,tier 1,10,3,645,no,
STRM-102858,ACC-102859,tier 1,10,3,817,no,
STRM-102859,ACC-102860,tier 1,10,3,730,no,
STRM-102860,ACC-102861,tier 3,5,3,943,no,
STRM-102861,ACC-102862,tier 2,7,3,166,yes,not enough content
STRM-102862,ACC-102863,tier 3,5,3,813,no,
STRM-102863,ACC-102864,tier 2,7,3,151,yes,switch to competitor
STRM-102864,ACC-102865,tier 2,7,3,723,no,
STRM-102865,ACC-102866,tier 2,7,3,835,no,
STRM-102866,ACC-102867,tier 2,7,3,454,yes,not enough content
STRM-102867,ACC-102868,tier 3,5,3,927,no,
STRM-102868,ACC-102869,tier 2,7,3,918,no,
STRM-102869,ACC-102870,tier 2,7,3,269,yes,too expensive
STRM-102870,ACC-102871,tier 3,5,3,939,no,
STRM-102871,ACC-102872,tier 3,5,3,909,no,
STRM-102872,ACC-102873,tier 3,5,3,746,no,
STRM-102873,ACC-102874,tier 2,7,3,861,no,
STRM-102874,ACC-102875,tier 3,5,3,510,yes,too expensive
STRM-102875,ACC-102876,tier 2,7,3,749,no,
STRM-102876,ACC-102877,tier 2,7,3,499,yes,not enough content
STRM-102877,ACC-102878,tier 1,10,3,75,yes,too expensive
STRM-102878,ACC-102879,tier 2,7,3,868,no,
STRM-102879,ACC-102880,tier 1,10,3,787,no,
STRM-102880,ACC-102881,tier 2,7,3,866,no,
STRM-102881,ACC-102882,tier 3,5,3,680,no,
STRM-102882,ACC-102883,tier 1,10,3,875,no,
STRM-102883,ACC-102884,tier 1,10,3,196,yes,switch to competitor
STRM-102884,ACC-102885,tier 1,10,3,939,no,
STRM-102885,ACC-102886,tier 3,5,3,125,yes,not enough content
STRM-102886,ACC-102887,tier 2,7,3,689,no,
STRM-102887,ACC-102888,tier 2,7,3,646,no,
STRM-102888,ACC-102889,tier 3,5,3,617,no,
STRM-102889,ACC-102890,tier 3,5,3,612,no,
STRM-102890,ACC-102891,tier 2,7,3,882,no,
STRM-102891,ACC-102892,tier 2,7,3,748,no,
STRM-102892,ACC-102893,tier 3,5,3,617,no,
STRM-102893,ACC-102894,tier 2,7,3,908,no,
STRM-102894,ACC-102895,tier 1,10,3,675,no,
STRM-102895,ACC-102896,tier 3,5,3,314,yes,too expensive
STRM-102896,ACC-102897,tier 2,7,3,732,no,
STRM-102897,ACC-102898,tier 2,7,3,901,no,
STRM-102898,ACC-102899,tier 2,7,3,309,yes,too expensive
STRM-102899,ACC-102900,tier 1,10,3,933,no,
STRM-102900,ACC-102901,tier 1,10,3,662,no,
STRM-102901,ACC-102902,tier 3,5,3,930,no,
STRM-102902,ACC-102903,tier 1,10,3,858,no,
STRM-102903,ACC-102904,tier 2,7,3,508,yes,not enough content
STRM-102904,ACC-102905,tier 2,7,3,597,no,
STRM-102905,ACC-102906,tier 1,10,3,342,yes,too expensive
STRM-102906,ACC-102907,tier 3,5,3,849,no,
STRM-102907,ACC-102908,tier 1,10,3,759,no,
STRM-102908,ACC-102909,tier 2,7,3,831,no,
STRM-102909,ACC-102910,tier 2,7,3,838,no,
STRM-102910,ACC-102911,tier 1,10,3,882,no,
STRM-102911,ACC-102912,tier 1,10,3,606,no,
STRM-102912,ACC-102913,tier 2,7,3,294,yes,not enough content
STRM-102913,ACC-102914,tier 3,5,3,743,no,
STRM-102914,ACC-102915,tier 1,10,3,647,no,
STRM-102915,ACC-102916,tier 2,7,3,725,no,
STRM-102916,ACC-102917,tier 2,7,3,896,no,
STRM-102917,ACC-102918,tier 3,5,3,680,no,
STRM-102918,ACC-102919,tier 2,7,3,680,no,
STRM-102919,ACC-102920,tier 2,7,3,893,no,
STRM-102920,ACC-102921,tier 2,7,3,700,no,
STRM-102921,ACC-102922,tier 2,7,3,709,no,
STRM-102922,ACC-102923,tier 3,5,3,860,no,
STRM-102923,ACC-102924,tier 1,10,3,639,no,
STRM-102924,ACC-102925,tier 2,7,3,933,no,
STRM-102925,ACC-102926,tier 3,5,3,59,yes,too expensive
STRM-102926,ACC-102927,tier 3,5,3,271,yes,switch to competitor
STRM-102927,ACC-102928,tier 3,5,3,72,yes,too expensive
STRM-102928,ACC-102929,tier 3,5,3,805,no,
STRM-102929,ACC-102930,tier 2,7,3,855,no,
STRM-102930,ACC-102931,tier 2,7,3,631,yes,too expensive
STRM-102931,ACC-102932,tier 2,7,3,872,no,
STRM-102932,ACC-102933,tier 1,10,3,604,no,
STRM-102933,ACC-102934,tier 2,7,3,344,yes,not enough content
STRM-102934,ACC-102935,tier 2,7,3,901,no,
STRM-102935,ACC-102936,tier 1,10,3,666,no,
STRM-102936,ACC-102937,tier 3,5,3,633,no,
STRM-102937,ACC-102938,tier 2,7,3,398,yes,too expensive
STRM-102938,ACC-102939,tier 3,5,3,603,no,
STRM-102939,ACC-102940,tier 1,10,3,703,no,
STRM-102940,ACC-102941,tier 2,7,3,876,no,
STRM-102941,ACC-102942,tier 2,7,3,808,no,
STRM-102942,ACC-102943,tier 2,7,3,872,no,
STRM-102943,ACC-102944,tier 2,7,3,801,no,
STRM-102944,ACC-102945,tier 3,5,3,426,yes,not enough content
STRM-102945,ACC-102946,tier 1,10,3,747,no,
STRM-102946,ACC-102947,tier 2,7,3,723,no,
STRM-102947,ACC-102948,tier 2,7,3,782,no,
STRM-102948,ACC-102949,tier 2,7,3,683,no,
STRM-102949,ACC-102950,tier 3,5,3,631,yes,switch to competitor
STRM-102950,ACC-102951,tier 3,5,3,433,yes,not enough content
STRM-102951,ACC-102952,tier 2,7,3,753,no,
STRM-102952,ACC-102953,tier 2,7,3,635,no,
STRM-102953,ACC-102954,tier 2,7,3,448,yes,not enough content
STRM-102954,ACC-102955,tier 3,5,3,728,no,
STRM-102955,ACC-102956,tier 2,7,3,613,no,
STRM-102956,ACC-102957,tier 2,7,3,749,no,
STRM-102957,ACC-102958,tier 3,5,3,792,no,
STRM-102958,ACC-102959,tier 2,7,3,418,yes,too expensive
STRM-102959,ACC-102960,tier 3,5,3,102,yes,switch to competitor
STRM-102960,ACC-102961,tier 1,10,3,335,yes,not enough content
STRM-102961,ACC-102962,tier 2,7,3,329,yes,too expensive
STRM-102962,ACC-102963,tier 2,7,3,793,no,
STRM-102963,ACC-102964,tier 3,5,3,594,no,
STRM-102964,ACC-102965,tier 3,5,3,667,no,
STRM-102965,ACC-102966,tier 2,7,3,894,no,
STRM-102966,ACC-102967,tier 2,7,3,667,no,
STRM-102967,ACC-102968,tier 2,7,3,603,yes,too expensive
STRM-102968,ACC-102969,tier 3,5,3,934,no,
STRM-102969,ACC-102970,tier 2,7,3,710,no,
STRM-102970,ACC-102971,tier 2,7,3,655,no,
STRM-102971,ACC-102972,tier 1,10,3,611,no,
STRM-102972,ACC-102973,tier 3,5,3,919,no,
STRM-102973,ACC-102974,tier 2,7,3,128,yes,not enough content
STRM-102974,ACC-102975,tier 2,7,3,790,no,
STRM-102975,ACC-102976,tier 1,10,3,701,no,
STRM-102976,ACC-102977,tier 3,5,3,211,yes,too expensive
STRM-102977,ACC-102978,tier 1,10,3,942,no,
STRM-102978,ACC-102979,tier 2,7,3,832,no,
STRM-102979,ACC-102980,tier 3,5,3,782,no,
STRM-102980,ACC-102981,tier 2,7,3,913,no,
STRM-102981,ACC-102982,tier 1,10,3,34,yes,not enough content
STRM-102982,ACC-102983,tier 2,7,3,714,no,
STRM-102983,ACC-102984,tier 3,5,3,762,no,
STRM-102984,ACC-102985,tier 2,7,3,592,no,
STRM-102985,ACC-102986,tier 3,5,3,856,no,
STRM-102986,ACC-102987,tier 1,10,3,611,no,
STRM-102987,ACC-102988,tier 2,7,3,896,no,
STRM-102988,ACC-102989,tier 2,7,3,916,no,
STRM-102989,ACC-102990,tier 3,5,3,92,yes,not enough content
STRM-102990,ACC-102991,tier 1,10,3,556,yes,not enough content
STRM-102991,ACC-102992,tier 3,5,3,410,yes,switch to competitor
STRM-102992,ACC-102993,tier 2,7,3,614,no,
STRM-102993,ACC-102994,tier 2,7,3,883,no,
STRM-102994,ACC-102995,tier 1,10,3,908,no,
STRM-102995,ACC-102996,tier 3,5,3,929,no,
STRM-102996,ACC-102997,tier 1,10,3,683,no,
STRM-102997,ACC-102998,tier 2,7,3,593,no,
STRM-102998,ACC-102999,tier 2,7,3,860,no,
STRM-102999,ACC-103000,tier 3,5,3,820,no,
STRM-103000,ACC-103001,tier 2,7,3,891,no,
STRM-103001,ACC-103002,tier 3,5,3,248,yes,not enough content
STRM-103002,ACC-103003,tier 2,7,3,651,no,
STRM-103003,ACC-103004,tier 2,7,3,736,no,
STRM-103004,ACC-103005,tier 2,7,3,951,no,
STRM-103005,ACC-103006,tier 3,5,3,872,no,
STRM-103006,ACC-103007,tier 3,5,3,924,no,
STRM-103007,ACC-103008,tier 1,10,3,726,no,
STRM-103008,ACC-103009,tier 2,7,3,385,yes,too expensive
STRM-103009,ACC-103010,tier 1,10,3,341,yes,switch to competitor
STRM-103010,ACC-103011,tier 2,7,3,709,no,
STRM-103011,ACC-103012,tier 2,7,3,209,yes,too expensive
STRM-103012,ACC-103013,tier 2,7,3,601,no,
STRM-103013,ACC-103014,tier 2,7,3,748,no,
STRM-103014,ACC-103015,tier 2,7,3,409,yes,switch to competitor
STRM-103015,ACC-103016,tier 2,7,3,792,no,
STRM-103016,ACC-103017,tier 2,7,3,767,no,
STRM-103017,ACC-103018,tier 2,7,3,237,yes,switch to competitor
STRM-103018,ACC-103019,tier 1,10,3,713,no,
STRM-103019,ACC-103020,tier 3,5,3,700,no,
STRM-103020,ACC-103021,tier 2,7,3,857,no,
STRM-103021,ACC-103022,tier 2,7,3,873,no,
STRM-103022,ACC-103023,tier 2,7,3,900,no,
STRM-103023,ACC-103024,tier 2,7,3,806,no,
STRM-103024,ACC-103025,tier 1,10,3,844,no,
STRM-103025,ACC-103026,tier 2,7,3,873,no,
STRM-103026,ACC-103027,tier 3,5,3,892,no,
STRM-103027,ACC-103028,tier 2,7,3,146,yes,switch to competitor
STRM-103028,ACC-103029,tier 2,7,3,945,no,
STRM-103029,ACC-103030,tier 2,7,3,787,no,
STRM-103030,ACC-103031,tier 1,10,3,811,no,
STRM-103031,ACC-103032,tier 2,7,3,344,yes,switch to competitor
STRM-103032,ACC-103033,tier 3,5,3,651,no,
STRM-103033,ACC-103034,tier 1,10,3,335,yes,too expensive
STRM-103034,ACC-103035,tier 2,7,3,879,no,
STRM-103035,ACC-103036,tier 2,7,3,287,yes,not enough content
STRM-103036,ACC-103037,tier 2,7,3,297,yes,too expensive
STRM-103037,ACC-103038,tier 3,5,3,924,no,
STRM-103038,ACC-103039,tier 1,10,3,509,yes,not enough content
STRM-103039,ACC-103040,tier 2,7,3,511,yes,too expensive
STRM-103040,ACC-103041,tier 1,10,3,624,no,
STRM-103041,ACC-103042,tier 3,5,3,214,yes,switch to competitor
STRM-103042,ACC-103043,tier 1,10,3,762,no,
STRM-103043,ACC-103044,tier 2,7,3,850,no,
STRM-103044,ACC-103045,tier 2,7,3,95,yes,switch to competitor
STRM-103045,ACC-103046,tier 2,7,3,879,no,
STRM-103046,ACC-103047,tier 2,7,3,125,yes,not enough content
STRM-103047,ACC-103048,tier 2,7,3,853,no,
STRM-103048,ACC-103049,tier 2,7,3,654,no,
STRM-103049,ACC-103050,tier 2,7,3,787,no,
STRM-103050,ACC-103051,tier 1,10,3,762,no,
STRM-103051,ACC-103052,tier 2,7,3,789,no,
STRM-103052,ACC-103053,tier 2,7,3,810,no,
STRM-103053,ACC-103054,tier 2,7,3,150,yes,not enough content
STRM-103054,ACC-103055,tier 2,7,3,883,no,
STRM-103055,ACC-103056,tier 3,5,3,834,no,
STRM-103056,ACC-103057,tier 2,7,3,913,no,
STRM-103057,ACC-103058,tier 1,10,3,675,no,
STRM-103058,ACC-103059,tier 1,10,3,875,no,
STRM-103059,ACC-103060,tier 3,5,3,873,no,
STRM-103060,ACC-103061,tier 2,7,3,926,no,
STRM-103061,ACC-103062,tier 1,10,3,245,yes,too expensive
STRM-103062,ACC-103063,tier 2,7,3,171,yes,not enough content
STRM-103063,ACC-103064,tier 2,7,3,532,yes,too expensive
STRM-103064,ACC-103065,tier 2,7,3,806,no,
STRM-103065,ACC-103066,tier 2,7,3,920,no,
STRM-103066,ACC-103067,tier 1,10,3,837,no,
STRM-103067,ACC-103068,tier 3,5,3,913,no,
STRM-103068,ACC-103069,tier 2,7,3,846,no,
STRM-103069,ACC-103070,tier 2,7,3,670,no,
STRM-103070,ACC-103071,tier 2,7,3,643,no,
STRM-103071,ACC-103072,tier 2,7,3,753,no,
STRM-103072,ACC-103073,tier 2,7,3,726,no,
STRM-103073,ACC-103074,tier 2,7,3,860,no,
STRM-103074,ACC-103075,tier 2,7,3,849,no,
STRM-103075,ACC-103076,tier 3,5,3,609,no,
STRM-103076,ACC-103077,tier 3,5,3,717,no,
STRM-103077,ACC-103078,tier 1,10,3,825,no,
STRM-103078,ACC-103079,tier 1,10,3,356,yes,not enough content
STRM-103079,ACC-103080,tier 3,5,3,756,no,
STRM-103080,ACC-103081,tier 2,7,3,506,yes,not enough content
STRM-103081,ACC-103082,tier 3,5,3,269,yes,not enough content
STRM-103082,ACC-103083,tier 1,10,3,939,no,
STRM-103083,ACC-103084,tier 2,7,3,799,no,
STRM-103084,ACC-103085,tier 2,7,3,927,no,
STRM-103085,ACC-103086,tier 2,7,3,764,no,
STRM-103086,ACC-103087,tier 2,7,3,324,yes,switch to competitor
STRM-103087,ACC-103088,tier 1,10,3,850,no,
STRM-103088,ACC-103089,tier 2,7,3,865,no,
STRM-103089,ACC-103090,tier 2,7,3,658,no,
STRM-103090,ACC-103091,tier 2,7,3,595,no,
STRM-103091,ACC-103092,tier 3,5,3,921,no,
STRM-103092,ACC-103093,tier 2,7,3,700,no,
STRM-103093,ACC-103094,tier 3,5,3,948,no,
STRM-103094,ACC-103095,tier 1,10,3,811,no,
STRM-103095,ACC-103096,tier 2,7,3,818,no,
STRM-103096,ACC-103097,tier 3,5,3,601,no,
STRM-103097,ACC-103098,tier 1,10,3,732,no,
STRM-103098,ACC-103099,tier 1,10,3,930,no,
STRM-103099,ACC-103100,tier 2,7,3,713,no,
STRM-103100,ACC-103101,tier 1,10,3,672,no,
STRM-103101,ACC-103102,tier 2,7,3,865,no,
STRM-103102,ACC-103103,tier 3,5,3,805,no,
STRM-103103,ACC-103104,tier 2,7,3,677,no,
STRM-103104,ACC-103105,tier 2,7,3,355,yes,switch to competitor
STRM-103105,ACC-103106,tier 2,7,3,183,yes,too expensive
STRM-103106,ACC-103107,tier 2,7,3,634,no,
STRM-103107,ACC-103108,tier 1,10,3,661,no,
STRM-103108,ACC-103109,tier 2,7,3,516,yes,not enough content
STRM-103109,ACC-103110,tier 2,7,3,901,no,
STRM-103110,ACC-103111,tier 2,7,3,838,no,
STRM-103111,ACC-103112,tier 1,10,3,397,yes,too expensive
STRM-103112,ACC-103113,tier 2,7,3,239,yes,not enough content
STRM-103113,ACC-103114,tier 1,10,3,746,no,
STRM-103114,ACC-103115,tier 1,10,3,625,no,
STRM-103115,ACC-103116,tier 3,5,3,472,yes,switch to competitor
STRM-103116,ACC-103117,tier 2,7,3,798,no,
STRM-103117,ACC-103118,tier 1,10,3,677,no,
STRM-103118,ACC-103119,tier 1,10,3,939,no,
STRM-103119,ACC-103120,tier 1,10,3,606,no,
STRM-103120,ACC-103121,tier 2,7,3,514,yes,switch to competitor
STRM-103121,ACC-103122,tier 1,10,3,649,no,
STRM-103122,ACC-103123,tier 1,10,3,799,no,
STRM-103123,ACC-103124,tier 2,7,3,640,no,
STRM-103124,ACC-103125,tier 2,7,3,699,no,
STRM-103125,ACC-103126,tier 2,7,3,407,yes,not enough content
STRM-103126,ACC-103127,tier 2,7,3,602,no,
STRM-103127,ACC-103128,tier 1,10,3,760,no,
STRM-103128,ACC-103129,tier 3,5,3,825,no,
STRM-103129,ACC-103130,tier 3,5,3,407,yes,not enough content
STRM-103130,ACC-103131,tier 3,5,3,50,yes,switch to competitor
STRM-103131,ACC-103132,tier 3,5,3,236,yes,switch to competitor
STRM-103132,ACC-103133,tier 3,5,3,949,no,
STRM-103133,ACC-103134,tier 2,7,3,727,no,
STRM-103134,ACC-103135,tier 1,10,3,598,no,
STRM-103135,ACC-103136,tier 2,7,3,655,no,
STRM-103136,ACC-103137,tier 2,7,3,723,no,
STRM-103137,ACC-103138,tier 2,7,3,647,no,
STRM-103138,ACC-103139,tier 2,7,3,853,no,
STRM-103139,ACC-103140,tier 1,10,3,396,yes,too expensive
STRM-103140,ACC-103141,tier 2,7,3,840,no,
STRM-103141,ACC-103142,tier 3,5,3,589,no,
STRM-103142,ACC-103143,tier 2,7,3,883,no,
STRM-103143,ACC-103144,tier 2,7,3,700,no,
STRM-103144,ACC-103145,tier 2,7,3,392,yes,switch to competitor
STRM-103145,ACC-103146,tier 2,7,3,712,no,
STRM-103146,ACC-103147,tier 3,5,3,921,no,
STRM-103147,ACC-103148,tier 2,7,3,749,no,
STRM-103148,ACC-103149,tier 3,5,3,942,no,
STRM-103149,ACC-103150,tier 2,7,3,854,no,
STRM-103150,ACC-103151,tier 2,7,3,820,no,
STRM-103151,ACC-103152,tier 1,10,3,743,no,
STRM-103152,ACC-103153,tier 2,7,3,879,no,
STRM-103153,ACC-103154,tier 2,7,3,924,no,
STRM-103154,ACC-103155,tier 2,7,3,614,no,
STRM-103155,ACC-103156,tier 2,7,3,884,no,
STRM-103156,ACC-103157,tier 3,5,3,845,no,
STRM-103157,ACC-103158,tier 1,10,3,845,no,
STRM-103158,ACC-103159,tier 3,5,3,613,no,
STRM-103159,ACC-103160,tier 2,7,3,920,no,
STRM-103160,ACC-103161,tier 2,7,3,410,yes,not enough content
STRM-103161,ACC-103162,tier 1,10,3,746,no,
STRM-103162,ACC-103163,tier 2,7,3,752,no,
STRM-103163,ACC-103164,tier 2,7,3,724,no,
STRM-103164,ACC-103165,tier 1,10,3,416,yes,too expensive
STRM-103165,ACC-103166,tier 2,7,3,648,no,
STRM-103166,ACC-103167,tier 3,5,3,647,no,
STRM-103167,ACC-103168,tier 1,10,3,55,yes,not enough content
STRM-103168,ACC-103169,tier 3,5,3,811,no,
STRM-103169,ACC-103170,tier 2,7,3,645,no,
STRM-103170,ACC-103171,tier 2,7,3,705,no,
STRM-103171,ACC-103172,tier 2,7,3,782,no,
STRM-103172,ACC-103173,tier 1,10,3,690,no,
STRM-103173,ACC-103174,tier 1,10,3,310,yes,too expensive
STRM-103174,ACC-103175,tier 1,10,3,565,yes,not enough content
STRM-103175,ACC-103176,tier 1,10,3,545,yes,switch to competitor
STRM-103176,ACC-103177,tier 2,7,3,819,no,
STRM-103177,ACC-103178,tier 3,5,3,157,yes,not enough content
STRM-103178,ACC-103179,tier 3,5,3,603,no,
STRM-103179,ACC-103180,tier 2,7,3,718,no,
STRM-103180,ACC-103181,tier 1,10,3,805,no,
STRM-103181,ACC-103182,tier 2,7,3,398,yes,too expensive
STRM-103182,ACC-103183,tier 2,7,3,485,yes,not enough content
STRM-103183,ACC-103184,tier 1,10,3,824,no,
STRM-103184,ACC-103185,tier 2,7,3,18,yes,too expensive
STRM-103185,ACC-103186,tier 2,7,3,480,yes,not enough content
STRM-103186,ACC-103187,tier 2,7,3,664,no,
STRM-103187,ACC-103188,tier 2,7,3,409,yes,switch to competitor
STRM-103188,ACC-103189,tier 3,5,3,756,no,
STRM-103189,ACC-103190,tier 3,5,3,70,yes,switch to competitor
STRM-103190,ACC-103191,tier 2,7,3,899,no,
STRM-103191,ACC-103192,tier 3,5,3,681,yes,not enough content
STRM-103192,ACC-103193,tier 3,5,3,616,no,
STRM-103193,ACC-103194,tier 2,7,3,635,no,
STRM-103194,ACC-103195,tier 2,7,3,836,no,
STRM-103195,ACC-103196,tier 2,7,3,170,yes,not enough content
STRM-103196,ACC-103197,tier 3,5,3,842,no,
STRM-103197,ACC-103198,tier 3,5,3,639,no,
STRM-103198,ACC-103199,tier 1,10,3,291,yes,not enough content
STRM-103199,ACC-103200,tier 2,7,3,241,yes,too expensive
STRM-103200,ACC-103201,tier 2,7,3,240,yes,not enough content
STRM-103201,ACC-103202,tier 2,7,3,832,no,
STRM-103202,ACC-103203,tier 1,10,3,845,no,
STRM-103203,ACC-103204,tier 3,5,3,727,no,
STRM-103204,ACC-103205,tier 2,7,3,225,yes,not enough content
STRM-103205,ACC-103206,tier 3,5,3,686,no,
STRM-103206,ACC-103207,tier 3,5,3,639,no,
STRM-103207,ACC-103208,tier 2,7,3,881,no,
STRM-103208,ACC-103209,tier 2,7,3,748,no,
STRM-103209,ACC-103210,tier 2,7,3,814,no,
STRM-103210,ACC-103211,tier 1,10,3,39,yes,too expensive
STRM-103211,ACC-103212,tier 2,7,3,597,no,
STRM-103212,ACC-103213,tier 1,10,3,778,no,
STRM-103213,ACC-103214,tier 2,7,3,106,yes,switch to competitor
STRM-103214,ACC-103215,tier 1,10,3,837,no,
STRM-103215,ACC-103216,tier 1,10,3,868,no,
STRM-103216,ACC-103217,tier 1,10,3,759,no,
STRM-103217,ACC-103218,tier 1,10,3,873,no,
STRM-103218,ACC-103219,tier 2,7,3,914,no,
STRM-103219,ACC-103220,tier 2,7,3,804,no,
STRM-103220,ACC-103221,tier 2,7,3,837,no,
STRM-103221,ACC-103222,tier 1,10,3,907,no,
STRM-103222,ACC-103223,tier 1,10,3,674,no,
STRM-103223,ACC-103224,tier 1,10,3,215,yes,not enough content
STRM-103224,ACC-103225,tier 1,10,3,903,no,
STRM-103225,ACC-103226,tier 3,5,3,718,no,
STRM-103226,ACC-103227,tier 1,10,3,266,yes,not enough content
STRM-103227,ACC-103228,tier 2,7,3,815,no,
STRM-103228,ACC-103229,tier 1,10,3,885,no,
STRM-103229,ACC-103230,tier 1,10,3,391,yes,switch to competitor
STRM-103230,ACC-103231,tier 2,7,3,829,no,
STRM-103231,ACC-103232,tier 2,7,3,627,no,
STRM-103232,ACC-103233,tier 1,10,3,885,no,
STRM-103233,ACC-103234,tier 1,10,3,752,no,
STRM-103234,ACC-103235,tier 2,7,3,688,no,
STRM-103235,ACC-103236,tier 1,10,3,826,no,
STRM-103236,ACC-103237,tier 1,10,3,699,no,
STRM-103237,ACC-103238,tier 3,5,3,320,yes,switch to competitor
STRM-103238,ACC-103239,tier 2,7,3,762,no,
STRM-103239,ACC-103240,tier 2,7,3,235,yes,too expensive
STRM-103240,ACC-103241,tier 2,7,3,158,yes,not enough content
STRM-103241,ACC-103242,tier 2,7,3,829,no,
STRM-103242,ACC-103243,tier 2,7,3,705,no,
STRM-103243,ACC-103244,tier 2,7,3,717,no,
STRM-103244,ACC-103245,tier 2,7,3,317,yes,not enough content
STRM-103245,ACC-103246,tier 1,10,3,492,yes,too expensive
STRM-103246,ACC-103247,tier 2,7,3,804,no,
STRM-103247,ACC-103248,tier 2,7,3,709,no,
STRM-103248,ACC-103249,tier 3,5,3,695,no,
STRM-103249,ACC-103250,tier 2,7,3,590,no,
STRM-103250,ACC-103251,tier 2,7,3,843,no,
STRM-103251,ACC-103252,tier 1,10,3,748,no,
STRM-103252,ACC-103253,tier 2,7,3,636,no,
STRM-103253,ACC-103254,tier 1,10,3,690,no,
STRM-103254,ACC-103255,tier 2,7,3,691,no,
STRM-103255,ACC-103256,tier 1,10,3,761,no,
STRM-103256,ACC-103257,tier 2,7,3,216,yes,switch to competitor
STRM-103257,ACC-103258,tier 1,10,3,753,no,
STRM-103258,ACC-103259,tier 2,7,3,886,no,
STRM-103259,ACC-103260,tier 3,5,3,877,no,
STRM-103260,ACC-103261,tier 1,10,3,182,yes,too expensive
STRM-103261,ACC-103262,tier 2,7,3,239,yes,switch to competitor
STRM-103262,ACC-103263,tier 2,7,3,702,no,
STRM-103263,ACC-103264,tier 1,10,3,779,no,
STRM-103264,ACC-103265,tier 3,5,3,659,no,
STRM-103265,ACC-103266,tier 1,10,3,875,no,
STRM-103266,ACC-103267,tier 2,7,3,266,yes,too expensive
STRM-103267,ACC-103268,tier 2,7,3,707,no,
STRM-103268,ACC-103269,tier 2,7,3,747,no,
STRM-103269,ACC-103270,tier 2,7,3,823,no,
STRM-103270,ACC-103271,tier 2,7,3,269,yes,switch to competitor
STRM-103271,ACC-103272,tier 1,10,3,597,no,
STRM-103272,ACC-103273,tier 2,7,3,750,no,
STRM-103273,ACC-103274,tier 2,7,3,830,no,
STRM-103274,ACC-103275,tier 3,5,3,73,yes,too expensive
STRM-103275,ACC-103276,tier 3,5,3,876,no,
STRM-103276,ACC-103277,tier 3,5,3,894,no,
STRM-103277,ACC-103278,tier 2,7,3,653,no,
STRM-103278,ACC-103279,tier 2,7,3,830,no,
STRM-103279,ACC-103280,tier 3,5,3,648,no,
STRM-103280,ACC-103281,tier 2,7,3,912,no,
STRM-103281,ACC-103282,tier 1,10,3,735,no,
STRM-103282,ACC-103283,tier 3,5,3,953,no,
STRM-103283,ACC-103284,tier 3,5,3,767,no,
STRM-103284,ACC-103285,tier 2,7,3,353,yes,switch to competitor
STRM-103285,ACC-103286,tier 1,10,3,644,yes,switch to competitor
STRM-103286,ACC-103287,tier 2,7,3,517,yes,switch to competitor
STRM-103287,ACC-103288,tier 3,5,3,805,no,
STRM-103288,ACC-103289,tier 3,5,3,809,no,
STRM-103289,ACC-103290,tier 1,10,3,401,yes,switch to competitor
STRM-103290,ACC-103291,tier 1,10,3,840,no,
STRM-103291,ACC-103292,tier 3,5,3,614,no,
STRM-103292,ACC-103293,tier 2,7,3,694,no,
STRM-103293,ACC-103294,tier 2,7,3,331,yes,switch to competitor
STRM-103294,ACC-103295,tier 3,5,3,831,no,
STRM-103295,ACC-103296,tier 1,10,3,924,no,
STRM-103296,ACC-103297,tier 2,7,3,725,no,
STRM-103297,ACC-103298,tier 1,10,3,784,no,
STRM-103298,ACC-103299,tier 2,7,3,708,no,
STRM-103299,ACC-103300,tier 3,5,3,623,yes,not enough content
STRM-103300,ACC-103301,tier 2,7,3,754,no,
STRM-103301,ACC-103302,tier 3,5,3,825,no,
STRM-103302,ACC-103303,tier 2,7,3,346,yes,switch to competitor
STRM-103303,ACC-103304,tier 2,7,3,592,no,
STRM-103304,ACC-103305,tier 1,10,3,440,yes,not enough content
STRM-103305,ACC-103306,tier 2,7,3,879,no,
STRM-103306,ACC-103307,tier 2,7,3,645,no,
STRM-103307,ACC-103308,tier 1,10,3,862,no,
STRM-103308,ACC-103309,tier 2,7,3,396,yes,switch to competitor
STRM-103309,ACC-103310,tier 2,7,3,483,yes,not enough content
STRM-103310,ACC-103311,tier 2,7,3,784,no,
STRM-103311,ACC-103312,tier 2,7,3,530,yes,not enough content
STRM-103312,ACC-103313,tier 2,7,3,934,no,
STRM-103313,ACC-103314,tier 1,10,3,721,no,
STRM-103314,ACC-103315,tier 1,10,3,653,no,
STRM-103315,ACC-103316,tier 2,7,3,493,yes,too expensive
STRM-103316,ACC-103317,tier 2,7,3,652,no,
STRM-103317,ACC-103318,tier 1,10,3,699,yes,switch to competitor
STRM-103318,ACC-103319,tier 3,5,3,819,no,
STRM-103319,ACC-103320,tier 3,5,3,724,no,
STRM-103320,ACC-103321,tier 2,7,3,295,yes,too expensive
STRM-103321,ACC-103322,tier 1,10,3,474,yes,too expensive
STRM-103322,ACC-103323,tier 3,5,3,657,no,
STRM-103323,ACC-103324,tier 2,7,3,413,yes,switch to competitor
STRM-103324,ACC-103325,tier 3,5,3,675,no,
STRM-103325,ACC-103326,tier 3,5,3,786,no,
STRM-103326,ACC-103327,tier 3,5,3,279,yes,too expensive
STRM-103327,ACC-103328,tier 2,7,3,823,no,
STRM-103328,ACC-103329,tier 1,10,3,871,no,
STRM-103329,ACC-103330,tier 2,7,3,600,no,
STRM-103330,ACC-103331,tier 2,7,3,18,yes,switch to competitor
STRM-103331,ACC-103332,tier 2,7,3,131,yes,too expensive
STRM-103332,ACC-103333,tier 1,10,3,474,yes,switch to competitor
STRM-103333,ACC-103334,tier 1,10,3,612,no,
STRM-103334,ACC-103335,tier 3,5,3,907,no,
STRM-103335,ACC-103336,tier 2,7,3,602,yes,switch to competitor
STRM-103336,ACC-103337,tier 3,5,3,880,no,
STRM-103337,ACC-103338,tier 3,5,3,631,no,
STRM-103338,ACC-103339,tier 2,7,3,733,no,
STRM-103339,ACC-103340,tier 2,7,3,869,no,
STRM-103340,ACC-103341,tier 3,5,3,83,yes,switch to competitor
STRM-103341,ACC-103342,tier 2,7,3,720,no,
STRM-103342,ACC-103343,tier 2,7,3,933,no,
STRM-103343,ACC-103344,tier 1,10,3,773,no,
STRM-103344,ACC-103345,tier 2,7,3,781,no,
STRM-103345,ACC-103346,tier 2,7,3,911,no,
STRM-103346,ACC-103347,tier 2,7,3,885,no,
STRM-103347,ACC-103348,tier 1,10,3,411,yes,not enough content
STRM-103348,ACC-103349,tier 2,7,3,315,yes,too expensive
STRM-103349,ACC-103350,tier 1,10,3,801,no,
STRM-103350,ACC-103351,tier 1,10,3,876,no,
STRM-103351,ACC-103352,tier 2,7,3,768,no,
STRM-103352,ACC-103353,tier 3,5,3,943,no,
STRM-103353,ACC-103354,tier 2,7,3,590,no,
STRM-103354,ACC-103355,tier 1,10,3,896,no,
STRM-103355,ACC-103356,tier 1,10,3,891,no,
STRM-103356,ACC-103357,tier 2,7,3,929,no,
STRM-103357,ACC-103358,tier 2,7,3,590,no,
STRM-103358,ACC-103359,tier 3,5,3,618,no,
STRM-103359,ACC-103360,tier 2,7,3,739,no,
STRM-103360,ACC-103361,tier 3,5,3,928,no,
STRM-103361,ACC-103362,tier 2,7,3,710,no,
STRM-103362,ACC-103363,tier 2,7,3,900,no,
STRM-103363,ACC-103364,tier 2,7,3,783,no,
STRM-103364,ACC-103365,tier 3,5,3,946,no,
STRM-103365,ACC-103366,tier 2,7,3,605,no,
STRM-103366,ACC-103367,tier 2,7,3,463,yes,not enough content
STRM-103367,ACC-103368,tier 2,7,3,833,no,
STRM-103368,ACC-103369,tier 1,10,3,684,no,
STRM-103369,ACC-103370,tier 2,7,3,309,yes,too expensive
STRM-103370,ACC-103371,tier 1,10,3,891,no,
STRM-103371,ACC-103372,tier 2,7,3,896,no,
STRM-103372,ACC-103373,tier 2,7,3,889,no,
STRM-103373,ACC-103374,tier 2,7,3,827,no,
STRM-103374,ACC-103375,tier 3,5,3,707,yes,too expensive
STRM-103375,ACC-103376,tier 3,5,3,589,yes,too expensive
STRM-103376,ACC-103377,tier 3,5,3,29,yes,not enough content
STRM-103377,ACC-103378,tier 1,10,3,849,no,
STRM-103378,ACC-103379,tier 1,10,3,402,yes,too expensive
STRM-103379,ACC-103380,tier 2,7,3,615,no,
STRM-103380,ACC-103381,tier 2,7,3,755,no,
STRM-103381,ACC-103382,tier 2,7,3,462,yes,not enough content
STRM-103382,ACC-103383,tier 1,10,3,733,no,
STRM-103383,ACC-103384,tier 2,7,3,720,no,
STRM-103384,ACC-103385,tier 1,10,3,807,no,
STRM-103385,ACC-103386,tier 3,5,3,947,no,
STRM-103386,ACC-103387,tier 1,10,3,722,no,
STRM-103387,ACC-103388,tier 2,7,3,852,no,
STRM-103388,ACC-103389,tier 1,10,3,816,no,
STRM-103389,ACC-103390,tier 2,7,3,675,yes,switch to competitor
STRM-103390,ACC-103391,tier 2,7,3,672,no,
STRM-103391,ACC-103392,tier 3,5,3,765,no,
STRM-103392,ACC-103393,tier 3,5,3,428,yes,too expensive
STRM-103393,ACC-103394,tier 2,7,3,900,no,
STRM-103394,ACC-103395,tier 3,5,3,605,yes,too expensive
STRM-103395,ACC-103396,tier 3,5,3,18,yes,switch to competitor
STRM-103396,ACC-103397,tier 3,5,3,377,yes,switch to competitor
STRM-103397,ACC-103398,tier 3,5,3,708,no,
STRM-103398,ACC-103399,tier 1,10,3,737,no,
STRM-103399,ACC-103400,tier 2,7,3,749,no,
STRM-103400,ACC-103401,tier 1,10,3,760,no,
STRM-103401,ACC-103402,tier 1,10,3,380,yes,too expensive
STRM-103402,ACC-103403,tier 3,5,3,784,no,
STRM-103403,ACC-103404,tier 2,7,3,915,no,
STRM-103404,ACC-103405,tier 2,7,3,932,no,
STRM-103405,ACC-103406,tier 3,5,3,382,yes,switch to competitor
STRM-103406,ACC-103407,tier 3,5,3,845,no,
STRM-103407,ACC-103408,tier 3,5,3,433,yes,not enough content
STRM-103408,ACC-103409,tier 1,10,3,229,yes,not enough content
STRM-103409,ACC-103410,tier 1,10,3,641,no,
STRM-103410,ACC-103411,tier 2,7,3,711,no,
STRM-103411,ACC-103412,tier 1,10,3,374,yes,too expensive
STRM-103412,ACC-103413,tier 1,10,3,903,no,
STRM-103413,ACC-103414,tier 2,7,3,812,no,
STRM-103414,ACC-103415,tier 3,5,3,723,no,
STRM-103415,ACC-103416,tier 2,7,3,600,yes,not enough content
STRM-103416,ACC-103417,tier 2,7,3,254,yes,not enough content
STRM-103417,ACC-103418,tier 2,7,3,847,no,
STRM-103418,ACC-103419,tier 1,10,3,616,no,
STRM-103419,ACC-103420,tier 1,10,3,224,yes,too expensive
STRM-103420,ACC-103421,tier 3,5,3,733,no,
STRM-103421,ACC-103422,tier 2,7,3,761,no,
STRM-103422,ACC-103423,tier 3,5,3,865,no,
STRM-103423,ACC-103424,tier 1,10,3,874,no,
STRM-103424,ACC-103425,tier 3,5,3,732,no,
STRM-103425,ACC-103426,tier 2,7,3,688,no,
STRM-103426,ACC-103427,tier 2,7,3,623,yes,switch to competitor
STRM-103427,ACC-103428,tier 2,7,3,737,no,
STRM-103428,ACC-103429,tier 3,5,3,821,no,
STRM-103429,ACC-103430,tier 2,7,3,803,no,
STRM-103430,ACC-103431,tier 2,7,3,657,no,
STRM-103431,ACC-103432,tier 3,5,3,596,no,
STRM-103432,ACC-103433,tier 3,5,3,622,no,
STRM-103433,ACC-103434,tier 2,7,3,862,no,
STRM-103434,ACC-103435,tier 2,7,3,929,no,
STRM-103435,ACC-103436,tier 2,7,3,679,no,
STRM-103436,ACC-103437,tier 1,10,3,821,no,
STRM-103437,ACC-103438,tier 2,7,3,736,no,
STRM-103438,ACC-103439,tier 3,5,3,842,no,
STRM-103439,ACC-103440,tier 3,5,3,728,no,
STRM-103440,ACC-103441,tier 2,7,3,790,no,
STRM-103441,ACC-103442,tier 2,7,3,939,no,
STRM-103442,ACC-103443,tier 1,10,3,614,no,
STRM-103443,ACC-103444,tier 3,5,3,646,yes,too expensive
STRM-103444,ACC-103445,tier 3,5,3,602,no,
STRM-103445,ACC-103446,tier 2,7,3,679,no,
STRM-103446,ACC-103447,tier 3,5,3,335,yes,not enough content
STRM-103447,ACC-103448,tier 2,7,3,696,no,
STRM-103448,ACC-103449,tier 2,7,3,911,no,
STRM-103449,ACC-103450,tier 1,10,3,703,no,
STRM-103450,ACC-103451,tier 2,7,3,807,no,
STRM-103451,ACC-103452,tier 2,7,3,714,no,
STRM-103452,ACC-103453,tier 2,7,3,932,no,
STRM-103453,ACC-103454,tier 2,7,3,761,no,
STRM-103454,ACC-103455,tier 3,5,3,690,no,
STRM-103455,ACC-103456,tier 1,10,3,666,no,
STRM-103456,ACC-103457,tier 2,7,3,817,no,
STRM-103457,ACC-103458,tier 2,7,3,929,no,
STRM-103458,ACC-103459,tier 2,7,3,933,no,
STRM-103459,ACC-103460,tier 2,7,3,746,no,
STRM-103460,ACC-103461,tier 2,7,3,32,yes,too expensive
STRM-103461,ACC-103462,tier 1,10,3,921,no,
STRM-103462,ACC-103463,tier 2,7,3,142,yes,too expensive
STRM-103463,ACC-103464,tier 2,7,3,410,yes,not enough content
STRM-103464,ACC-103465,tier 1,10,3,827,no,
STRM-103465,ACC-103466,tier 2,7,3,623,no,
STRM-103466,ACC-103467,tier 2,7,3,610,no,
STRM-103467,ACC-103468,tier 2,7,3,867,no,
STRM-103468,ACC-103469,tier 3,5,3,802,no,
STRM-103469,ACC-103470,tier 1,10,3,888,no,
STRM-103470,ACC-103471,tier 1,10,3,901,no,
STRM-103471,ACC-103472,tier 3,5,3,313,yes,not enough content
STRM-103472,ACC-103473,tier 2,7,3,397,yes,too expensive
STRM-103473,ACC-103474,tier 2,7,3,524,yes,not enough content
STRM-103474,ACC-103475,tier 3,5,3,605,no,
STRM-103475,ACC-103476,tier 3,5,3,911,no,
STRM-103476,ACC-103477,tier 3,5,3,540,yes,not enough content
STRM-103477,ACC-103478,tier 2,7,3,392,yes,not enough content
STRM-103478,ACC-103479,tier 2,7,3,152,yes,not enough content
STRM-103479,ACC-103480,tier 2,7,3,602,no,
STRM-103480,ACC-103481,tier 1,10,3,832,no,
STRM-103481,ACC-103482,tier 2,7,3,773,no,
STRM-103482,ACC-103483,tier 2,7,3,140,yes,not enough content
STRM-103483,ACC-103484,tier 3,5,3,107,yes,not enough content
STRM-103484,ACC-103485,tier 2,7,3,141,yes,switch to competitor
STRM-103485,ACC-103486,tier 2,7,3,853,no,
STRM-103486,ACC-103487,tier 2,7,3,844,no,
STRM-103487,ACC-103488,tier 1,10,3,50,yes,too expensive
STRM-103488,ACC-103489,tier 1,10,3,417,yes,not enough content
STRM-103489,ACC-103490,tier 2,7,3,431,yes,too expensive
STRM-103490,ACC-103491,tier 1,10,3,860,no,
STRM-103491,ACC-103492,tier 2,7,3,900,no,
STRM-103492,ACC-103493,tier 3,5,3,551,yes,switch to competitor
STRM-103493,ACC-103494,tier 3,5,3,761,no,
STRM-103494,ACC-103495,tier 2,7,3,585,yes,not enough content
STRM-103495,ACC-103496,tier 1,10,3,637,no,
STRM-103496,ACC-103497,tier 3,5,3,777,no,
STRM-103497,ACC-103498,tier 3,5,3,645,no,
STRM-103498,ACC-103499,tier 1,10,3,678,no,
STRM-103499,ACC-103500,tier 2,7,3,710,no,
STRM-103500,ACC-103501,tier 2,7,3,746,no,
STRM-103501,ACC-103502,tier 3,5,3,280,no,
STRM-103502,ACC-103503,tier 3,5,3,448,no,
STRM-103503,ACC-103504,tier 1,10,3,234,yes,too expensive
STRM-103504,ACC-103505,tier 3,5,3,314,no,
STRM-103505,ACC-103506,tier 2,7,3,354,yes,not enough content
STRM-103506,ACC-103507,tier 3,5,3,369,no,
STRM-103507,ACC-103508,tier 2,7,3,523,no,
STRM-103508,ACC-103509,tier 3,5,3,560,no,
STRM-103509,ACC-103510,tier 1,10,3,105,yes,not enough content
STRM-103510,ACC-103511,tier 2,7,3,238,no,
STRM-103511,ACC-103512,tier 1,10,3,275,yes,not enough content
STRM-103512,ACC-103513,tier 3,5,3,368,no,
STRM-103513,ACC-103514,tier 3,5,3,533,no,
STRM-103514,ACC-103515,tier 3,5,3,301,no,
STRM-103515,ACC-103516,tier 3,5,3,453,no,
STRM-103516,ACC-103517,tier 1,10,3,20,yes,not enough content
STRM-103517,ACC-103518,tier 2,7,3,489,no,
STRM-103518,ACC-103519,tier 1,10,3,83,yes,not enough content
STRM-103519,ACC-103520,tier 1,10,3,480,no,
STRM-103520,ACC-103521,tier 1,10,3,536,no,
STRM-103521,ACC-103522,tier 2,7,3,564,no,
STRM-103522,ACC-103523,tier 2,7,3,440,no,
STRM-103523,ACC-103524,tier 1,10,3,133,yes,not enough content
STRM-103524,ACC-103525,tier 1,10,3,282,no,
STRM-103525,ACC-103526,tier 1,10,3,269,no,
STRM-103526,ACC-103527,tier 3,5,3,260,no,
STRM-103527,ACC-103528,tier 3,5,3,321,no,
STRM-103528,ACC-103529,tier 3,5,3,392,no,
STRM-103529,ACC-103530,tier 2,7,3,419,no,
STRM-103530,ACC-103531,tier 2,7,3,108,yes,not enough content
STRM-103531,ACC-103532,tier 3,5,3,491,no,
STRM-103532,ACC-103533,tier 2,7,3,292,yes,switch to competitor
STRM-103533,ACC-103534,tier 2,7,3,270,no,
STRM-103534,ACC-103535,tier 1,10,3,385,no,
STRM-103535,ACC-103536,tier 1,10,3,260,no,
STRM-103536,ACC-103537,tier 2,7,3,472,no,
STRM-103537,ACC-103538,tier 2,7,3,249,no,
STRM-103538,ACC-103539,tier 2,7,3,518,no,
STRM-103539,ACC-103540,tier 1,10,3,363,yes,switch to competitor
STRM-103540,ACC-103541,tier 1,10,3,233,no,
STRM-103541,ACC-103542,tier 3,5,3,83,yes,not enough content
STRM-103542,ACC-103543,tier 1,10,3,242,no,
STRM-103543,ACC-103544,tier 2,7,3,307,no,
STRM-103544,ACC-103545,tier 3,5,3,266,no,
STRM-103545,ACC-103546,tier 1,10,3,115,yes,not enough content
STRM-103546,ACC-103547,tier 1,10,3,267,yes,switch to competitor
STRM-103547,ACC-103548,tier 2,7,3,527,no,
STRM-103548,ACC-103549,tier 2,7,3,311,no,
STRM-103549,ACC-103550,tier 2,7,3,449,no,
STRM-103550,ACC-103551,tier 3,5,3,16,yes,switch to competitor
STRM-103551,ACC-103552,tier 1,10,3,164,yes,switch to competitor
STRM-103552,ACC-103553,tier 2,7,3,390,no,
STRM-103553,ACC-103554,tier 2,7,3,266,yes,not enough content
STRM-103554,ACC-103555,tier 1,10,3,396,no,
STRM-103555,ACC-103556,tier 2,7,3,438,no,
STRM-103556,ACC-103557,tier 2,7,3,356,no,
STRM-103557,ACC-103558,tier 2,7,3,362,no,
STRM-103558,ACC-103559,tier 1,10,3,400,no,
STRM-103559,ACC-103560,tier 2,7,3,335,no,
STRM-103560,ACC-103561,tier 2,7,3,505,no,
STRM-103561,ACC-103562,tier 3,5,3,158,yes,too expensive
STRM-103562,ACC-103563,tier 1,10,3,518,no,
STRM-103563,ACC-103564,tier 2,7,3,113,yes,too expensive
STRM-103564,ACC-103565,tier 2,7,3,299,no,
STRM-103565,ACC-103566,tier 2,7,3,454,no,
STRM-103566,ACC-103567,tier 2,7,3,489,no,
STRM-103567,ACC-103568,tier 2,7,3,297,yes,too expensive
STRM-103568,ACC-103569,tier 3,5,3,188,yes,too expensive
STRM-103569,ACC-103570,tier 3,5,3,548,no,
STRM-103570,ACC-103571,tier 2,7,3,536,no,
STRM-103571,ACC-103572,tier 2,7,3,531,no,
STRM-103572,ACC-103573,tier 3,5,3,246,no,
STRM-103573,ACC-103574,tier 3,5,3,71,yes,not enough content
STRM-103574,ACC-103575,tier 3,5,3,359,no,
STRM-103575,ACC-103576,tier 2,7,3,453,no,
STRM-103576,ACC-103577,tier 1,10,3,292,yes,too expensive
STRM-103577,ACC-103578,tier 2,7,3,368,no,
STRM-103578,ACC-103579,tier 2,7,3,484,no,
STRM-103579,ACC-103580,tier 2,7,3,315,no,
STRM-103580,ACC-103581,tier 2,7,3,333,no,
STRM-103581,ACC-103582,tier 3,5,3,357,yes,switch to competitor
STRM-103582,ACC-103583,tier 2,7,3,90,yes,switch to competitor
STRM-103583,ACC-103584,tier 3,5,3,99,yes,too expensive
STRM-103584,ACC-103585,tier 2,7,3,113,yes,switch to competitor
STRM-103585,ACC-103586,tier 2,7,3,146,yes,not enough content
STRM-103586,ACC-103587,tier 2,7,3,325,no,
STRM-103587,ACC-103588,tier 3,5,3,574,no,
STRM-103588,ACC-103589,tier 1,10,3,577,no,
STRM-103589,ACC-103590,tier 1,10,3,16,yes,too expensive
STRM-103590,ACC-103591,tier 3,5,3,557,no,
STRM-103591,ACC-103592,tier 1,10,3,99,yes,too expensive
STRM-103592,ACC-103593,tier 2,7,3,587,no,
STRM-103593,ACC-103594,tier 2,7,3,501,no,
STRM-103594,ACC-103595,tier 2,7,3,243,no,
STRM-103595,ACC-103596,tier 2,7,3,417,no,
STRM-103596,ACC-103597,tier 1,10,3,453,no,
STRM-103597,ACC-103598,tier 2,7,3,31,yes,not enough content
STRM-103598,ACC-103599,tier 2,7,3,298,no,
STRM-103599,ACC-103600,tier 2,7,3,286,no,
STRM-103600,ACC-103601,tier 1,10,3,368,no,
STRM-103601,ACC-103602,tier 2,7,3,85,yes,switch to competitor
STRM-103602,ACC-103603,tier 1,10,3,347,yes,not enough content
STRM-103603,ACC-103604,tier 2,7,3,282,no,
STRM-103604,ACC-103605,tier 1,10,3,522,no,
STRM-103605,ACC-103606,tier 1,10,3,276,no,
STRM-103606,ACC-103607,tier 3,5,3,545,no,
STRM-103607,ACC-103608,tier 2,7,3,570,no,
STRM-103608,ACC-103609,tier 3,5,3,497,no,
STRM-103609,ACC-103610,tier 3,5,3,389,no,
STRM-103610,ACC-103611,tier 2,7,3,273,no,
STRM-103611,ACC-103612,tier 1,10,3,556,no,
STRM-103612,ACC-103613,tier 2,7,3,276,no,
STRM-103613,ACC-103614,tier 3,5,3,70,yes,not enough content
STRM-103614,ACC-103615,tier 2,7,3,425,no,
STRM-103615,ACC-103616,tier 1,10,3,345,yes,switch to competitor
STRM-103616,ACC-103617,tier 2,7,3,259,no,
STRM-103617,ACC-103618,tier 3,5,3,562,no,
STRM-103618,ACC-103619,tier 3,5,3,389,no,
STRM-103619,ACC-103620,tier 1,10,3,355,no,
STRM-103620,ACC-103621,tier 2,7,3,195,yes,not enough content
STRM-103621,ACC-103622,tier 1,10,3,460,no,
STRM-103622,ACC-103623,tier 1,10,3,285,no,
STRM-103623,ACC-103624,tier 3,5,3,438,no,
STRM-103624,ACC-103625,tier 1,10,3,92,yes,switch to competitor
STRM-103625,ACC-103626,tier 2,7,3,85,yes,switch to competitor
STRM-103626,ACC-103627,tier 1,10,3,504,no,
STRM-103627,ACC-103628,tier 3,5,3,92,yes,not enough content
STRM-103628,ACC-103629,tier 3,5,3,190,yes,switch to competitor
STRM-103629,ACC-103630,tier 2,7,3,475,no,
STRM-103630,ACC-103631,tier 3,5,3,250,yes,not enough content
STRM-103631,ACC-103632,tier 1,10,3,401,no,
STRM-103632,ACC-103633,tier 2,7,3,230,yes,switch to competitor
STRM-103633,ACC-103634,tier 2,7,3,200,yes,too expensive
STRM-103634,ACC-103635,tier 1,10,3,585,no,
STRM-103635,ACC-103636,tier 2,7,3,91,yes,switch to competitor
STRM-103636,ACC-103637,tier 3,5,3,341,no,
STRM-103637,ACC-103638,tier 1,10,3,468,no,
STRM-103638,ACC-103639,tier 2,7,3,481,no,
STRM-103639,ACC-103640,tier 1,10,3,356,no,
STRM-103640,ACC-103641,tier 1,10,3,254,yes,switch to competitor
STRM-103641,ACC-103642,tier 3,5,3,121,yes,not enough content
STRM-103642,ACC-103643,tier 2,7,3,370,no,
STRM-103643,ACC-103644,tier 2,7,3,271,no,
STRM-103644,ACC-103645,tier 3,5,3,544,no,
STRM-103645,ACC-103646,tier 1,10,3,392,no,
STRM-103646,ACC-103647,tier 2,7,3,558,no,
STRM-103647,ACC-103648,tier 2,7,3,449,no,
STRM-103648,ACC-103649,tier 2,7,3,281,yes,switch to competitor
STRM-103649,ACC-103650,tier 3,5,3,335,yes,too expensive
STRM-103650,ACC-103651,tier 3,5,3,358,no,
STRM-103651,ACC-103652,tier 2,7,3,518,no,
STRM-103652,ACC-103653,tier 3,5,3,246,no,
STRM-103653,ACC-103654,tier 1,10,3,287,no,
STRM-103654,ACC-103655,tier 1,10,3,0,yes,too expensive
STRM-103655,ACC-103656,tier 1,10,3,50,yes,switch to competitor
STRM-103656,ACC-103657,tier 2,7,3,21,yes,switch to competitor
STRM-103657,ACC-103658,tier 2,7,3,431,no,
STRM-103658,ACC-103659,tier 2,7,3,467,no,
STRM-103659,ACC-103660,tier 3,5,3,553,no,
STRM-103660,ACC-103661,tier 2,7,3,571,no,
STRM-103661,ACC-103662,tier 2,7,3,495,no,
STRM-103662,ACC-103663,tier 1,10,3,322,no,
STRM-103663,ACC-103664,tier 1,10,3,47,yes,too expensive
STRM-103664,ACC-103665,tier 2,7,3,475,no,
STRM-103665,ACC-103666,tier 2,7,3,439,no,
STRM-103666,ACC-103667,tier 3,5,3,177,yes,not enough content
STRM-103667,ACC-103668,tier 1,10,3,553,no,
STRM-103668,ACC-103669,tier 1,10,3,520,no,
STRM-103669,ACC-103670,tier 2,7,3,278,no,
STRM-103670,ACC-103671,tier 1,10,3,432,no,
STRM-103671,ACC-103672,tier 1,10,3,360,yes,too expensive
STRM-103672,ACC-103673,tier 2,7,3,338,no,
STRM-103673,ACC-103674,tier 1,10,3,576,no,
STRM-103674,ACC-103675,tier 2,7,3,227,no,
STRM-103675,ACC-103676,tier 2,7,3,272,yes,too expensive
STRM-103676,ACC-103677,tier 1,10,3,403,no,
STRM-103677,ACC-103678,tier 2,7,3,394,no,
STRM-103678,ACC-103679,tier 3,5,3,516,no,
STRM-103679,ACC-103680,tier 2,7,3,252,no,
STRM-103680,ACC-103681,tier 3,5,3,83,yes,switch to competitor
STRM-103681,ACC-103682,tier 1,10,3,556,no,
STRM-103682,ACC-103683,tier 3,5,3,253,yes,switch to competitor
STRM-103683,ACC-103684,tier 1,10,3,422,no,
STRM-103684,ACC-103685,tier 2,7,3,118,yes,too expensive
STRM-103685,ACC-103686,tier 2,7,3,289,no,
STRM-103686,ACC-103687,tier 3,5,3,307,no,
STRM-103687,ACC-103688,tier 2,7,3,402,no,
STRM-103688,ACC-103689,tier 1,10,3,80,yes,not enough content
STRM-103689,ACC-103690,tier 1,10,3,258,no,
STRM-103690,ACC-103691,tier 3,5,3,387,no,
STRM-103691,ACC-103692,tier 2,7,3,459,no,
STRM-103692,ACC-103693,tier 3,5,3,360,no,
STRM-103693,ACC-103694,tier 1,10,3,493,no,
STRM-103694,ACC-103695,tier 2,7,3,560,no,
STRM-103695,ACC-103696,tier 1,10,3,95,yes,too expensive
STRM-103696,ACC-103697,tier 3,5,3,421,no,
STRM-103697,ACC-103698,tier 2,7,3,512,no,
STRM-103698,ACC-103699,tier 3,5,3,402,no,
STRM-103699,ACC-103700,tier 2,7,3,286,yes,too expensive
STRM-103700,ACC-103701,tier 2,7,3,13,yes,not enough content
STRM-103701,ACC-103702,tier 2,7,3,238,no,
STRM-103702,ACC-103703,tier 2,7,3,467,no,
STRM-103703,ACC-103704,tier 3,5,3,568,no,
STRM-103704,ACC-103705,tier 3,5,3,390,no,
STRM-103705,ACC-103706,tier 3,5,3,353,no,
STRM-103706,ACC-103707,tier 2,7,3,72,yes,
STRM-103707,ACC-103708,tier 2,7,3,293,no,
STRM-103708,ACC-103709,tier 2,7,3,576,no,
STRM-103709,ACC-103710,tier 3,5,3,30,yes,too expensive
STRM-103710,ACC-103711,tier 1,10,3,264,yes,switch to competitor
STRM-103711,ACC-103712,tier 2,7,3,481,no,
STRM-103712,ACC-103713,tier 2,7,3,530,no,
STRM-103713,ACC-103714,tier 2,7,3,511,no,
STRM-103714,ACC-103715,tier 3,5,3,6,yes,not enough content
STRM-103715,ACC-103716,tier 2,7,3,530,no,
STRM-103716,ACC-103717,tier 2,7,3,531,no,
STRM-103717,ACC-103718,tier 1,10,3,567,no,
STRM-103718,ACC-103719,tier 2,7,3,413,no,
STRM-103719,ACC-103720,tier 2,7,3,234,yes,switch to competitor
STRM-103720,ACC-103721,tier 2,7,3,490,no,
STRM-103721,ACC-103722,tier 3,5,3,582,no,
STRM-103722,ACC-103723,tier 3,5,3,322,no,
STRM-103723,ACC-103724,tier 1,10,3,542,no,
STRM-103724,ACC-103725,tier 2,7,3,320,no,
STRM-103725,ACC-103726,tier 3,5,3,248,no,
STRM-103726,ACC-103727,tier 1,10,3,442,no,
STRM-103727,ACC-103728,tier 1,10,3,177,yes,switch to competitor
STRM-103728,ACC-103729,tier 1,10,3,253,no,
STRM-103729,ACC-103730,tier 2,7,3,233,no,
STRM-103730,ACC-103731,tier 1,10,3,356,no,
STRM-103731,ACC-103732,tier 3,5,3,405,no,
STRM-103732,ACC-103733,tier 2,7,3,148,yes,not enough content
STRM-103733,ACC-103734,tier 2,7,3,174,yes,not enough content
STRM-103734,ACC-103735,tier 1,10,3,561,no,
STRM-103735,ACC-103736,tier 2,7,3,470,no,
STRM-103736,ACC-103737,tier 2,7,3,282,no,
STRM-103737,ACC-103738,tier 3,5,3,37,yes,too expensive
STRM-103738,ACC-103739,tier 3,5,3,300,yes,switch to competitor
STRM-103739,ACC-103740,tier 2,7,3,425,no,
STRM-103740,ACC-103741,tier 3,5,3,229,no,
STRM-103741,ACC-103742,tier 3,5,3,558,no,
STRM-103742,ACC-103743,tier 3,5,3,334,no,
STRM-103743,ACC-103744,tier 1,10,3,148,yes,not enough content
STRM-103744,ACC-103745,tier 1,10,3,362,no,
STRM-103745,ACC-103746,tier 1,10,3,147,yes,switch to competitor
STRM-103746,ACC-103747,tier 2,7,3,272,yes,switch to competitor
STRM-103747,ACC-103748,tier 2,7,3,532,no,
STRM-103748,ACC-103749,tier 2,7,3,325,no,
STRM-103749,ACC-103750,tier 3,5,3,377,no,
STRM-103750,ACC-103751,tier 3,5,3,107,yes,not enough content
STRM-103751,ACC-103752,tier 3,5,3,324,no,
STRM-103752,ACC-103753,tier 2,7,3,245,no,
STRM-103753,ACC-103754,tier 2,7,3,125,yes,too expensive
STRM-103754,ACC-103755,tier 2,7,3,545,no,
STRM-103755,ACC-103756,tier 1,10,3,536,no,
STRM-103756,ACC-103757,tier 1,10,3,309,yes,switch to competitor
STRM-103757,ACC-103758,tier 2,7,3,435,no,
STRM-103758,ACC-103759,tier 2,7,3,228,no,
STRM-103759,ACC-103760,tier 3,5,3,410,no,
STRM-103760,ACC-103761,tier 1,10,3,370,no,
STRM-103761,ACC-103762,tier 2,7,3,573,no,
STRM-103762,ACC-103763,tier 2,7,3,220,yes,not enough content
STRM-103763,ACC-103764,tier 2,7,3,139,yes,too expensive
STRM-103764,ACC-103765,tier 2,7,3,548,no,
STRM-103765,ACC-103766,tier 2,7,3,6,yes,switch to competitor
STRM-103766,ACC-103767,tier 2,7,3,382,no,
STRM-103767,ACC-103768,tier 2,7,3,268,no,
STRM-103768,ACC-103769,tier 1,10,3,360,no,
STRM-103769,ACC-103770,tier 1,10,3,459,no,
STRM-103770,ACC-103771,tier 2,7,3,468,no,
STRM-103771,ACC-103772,tier 3,5,3,76,yes,not enough content
STRM-103772,ACC-103773,tier 2,7,3,461,no,
STRM-103773,ACC-103774,tier 2,7,3,500,no,
STRM-103774,ACC-103775,tier 2,7,3,287,no,
STRM-103775,ACC-103776,tier 3,5,3,278,no,
STRM-103776,ACC-103777,tier 3,5,3,555,no,
STRM-103777,ACC-103778,tier 2,7,3,303,yes,switch to competitor
STRM-103778,ACC-103779,tier 2,7,3,116,yes,not enough content
STRM-103779,ACC-103780,tier 3,5,3,218,yes,not enough content
STRM-103780,ACC-103781,tier 2,7,3,245,yes,switch to competitor
STRM-103781,ACC-103782,tier 2,7,3,12,yes,switch to competitor
STRM-103782,ACC-103783,tier 1,10,3,73,yes,not enough content
STRM-103783,ACC-103784,tier 3,5,3,0,yes,too expensive
STRM-103784,ACC-103785,tier 3,5,3,517,no,
STRM-103785,ACC-103786,tier 1,10,3,129,yes,
STRM-103786,ACC-103787,tier 2,7,3,378,no,
STRM-103787,ACC-103788,tier 2,7,3,250,no,
STRM-103788,ACC-103789,tier 1,10,3,399,no,
STRM-103789,ACC-103790,tier 3,5,3,531,no,
STRM-103790,ACC-103791,tier 1,10,3,313,no,
STRM-103791,ACC-103792,tier 1,10,3,328,no,
STRM-103792,ACC-103793,tier 2,7,3,433,no,
STRM-103793,ACC-103794,tier 2,7,3,406,no,
STRM-103794,ACC-103795,tier 1,10,3,397,no,
STRM-103795,ACC-103796,tier 2,7,3,575,no,
STRM-103796,ACC-103797,tier 2,7,3,425,no,
STRM-103797,ACC-103798,tier 1,10,3,394,no,
STRM-103798,ACC-103799,tier 1,10,3,257,no,
STRM-103799,ACC-103800,tier 2,7,3,286,no,
STRM-103800,ACC-103801,tier 2,7,3,330,no,
STRM-103801,ACC-103802,tier 3,5,3,263,no,
STRM-103802,ACC-103803,tier 3,5,3,528,no,
STRM-103803,ACC-103804,tier 3,5,3,407,no,
STRM-103804,ACC-103805,tier 2,7,3,339,no,
STRM-103805,ACC-103806,tier 3,5,3,395,no,
STRM-103806,ACC-103807,tier 2,7,3,439,no,
STRM-103807,ACC-103808,tier 2,7,3,261,no,
STRM-103808,ACC-103809,tier 1,10,3,309,no,
STRM-103809,ACC-103810,tier 1,10,3,452,no,
STRM-103810,ACC-103811,tier 2,7,3,361,no,
STRM-103811,ACC-103812,tier 2,7,3,391,no,
STRM-103812,ACC-103813,tier 1,10,3,380,no,
STRM-103813,ACC-103814,tier 2,7,3,107,yes,not enough content
STRM-103814,ACC-103815,tier 2,7,3,232,no,
STRM-103815,ACC-103816,tier 2,7,3,294,yes,not enough content
STRM-103816,ACC-103817,tier 2,7,3,319,no,
STRM-103817,ACC-103818,tier 3,5,3,577,no,
STRM-103818,ACC-103819,tier 3,5,3,551,no,
STRM-103819,ACC-103820,tier 2,7,3,26,yes,too expensive
STRM-103820,ACC-103821,tier 2,7,3,380,no,
STRM-103821,ACC-103822,tier 2,7,3,156,yes,too expensive
STRM-103822,ACC-103823,tier 3,5,3,280,no,
STRM-103823,ACC-103824,tier 2,7,3,37,yes,too expensive
STRM-103824,ACC-103825,tier 1,10,3,434,no,
STRM-103825,ACC-103826,tier 1,10,3,539,no,
STRM-103826,ACC-103827,tier 2,7,3,232,no,
STRM-103827,ACC-103828,tier 2,7,3,556,no,
STRM-103828,ACC-103829,tier 3,5,3,324,no,
STRM-103829,ACC-103830,tier 1,10,3,17,yes,switch to competitor
STRM-103830,ACC-103831,tier 2,7,3,514,no,
STRM-103831,ACC-103832,tier 3,5,3,377,no,
STRM-103832,ACC-103833,tier 3,5,3,270,no,
STRM-103833,ACC-103834,tier 2,7,3,309,no,
STRM-103834,ACC-103835,tier 2,7,3,291,no,
STRM-103835,ACC-103836,tier 2,7,3,329,no,
STRM-103836,ACC-103837,tier 3,5,3,414,no,
STRM-103837,ACC-103838,tier 1,10,3,525,no,
STRM-103838,ACC-103839,tier 3,5,3,13,yes,not enough content
STRM-103839,ACC-103840,tier 2,7,3,566,no,
STRM-103840,ACC-103841,tier 2,7,3,372,no,
STRM-103841,ACC-103842,tier 1,10,3,89,yes,not enough content
STRM-103842,ACC-103843,tier 2,7,3,428,no,
STRM-103843,ACC-103844,tier 2,7,3,325,no,
STRM-103844,ACC-103845,tier 1,10,3,560,no,
STRM-103845,ACC-103846,tier 2,7,3,284,no,
STRM-103846,ACC-103847,tier 3,5,3,519,no,
STRM-103847,ACC-103848,tier 2,7,3,564,no,
STRM-103848,ACC-103849,tier 2,7,3,224,yes,not enough content
STRM-103849,ACC-103850,tier 1,10,3,334,no,
STRM-103850,ACC-103851,tier 2,7,3,506,no,
STRM-103851,ACC-103852,tier 1,10,3,402,no,
STRM-103851,ACC-103853,tier 2,7,3,402,no,
STRM-103852,ACC-103854,tier 3,5,3,574,no,
STRM-103853,ACC-103855,tier 2,7,3,266,yes,too expensive
STRM-103854,ACC-103856,tier 1,10,3,240,yes,not enough content
STRM-103855,ACC-103857,tier 2,7,3,203,yes,switch to competitor
STRM-103856,ACC-103858,tier 2,7,3,440,no,
STRM-103857,ACC-103859,tier 2,7,3,277,no,
STRM-103858,ACC-103860,tier 3,5,3,243,no,
STRM-103859,ACC-103861,tier 3,5,3,511,no,
STRM-103860,ACC-103862,tier 2,7,3,233,no,
STRM-103861,ACC-103863,tier 2,7,3,427,no,
STRM-103862,ACC-103864,tier 2,7,3,548,no,
STRM-103863,ACC-103865,tier 1,10,3,107,yes,too expensive
STRM-103864,ACC-103866,tier 2,7,3,361,yes,too expensive
STRM-103865,ACC-103867,tier 2,7,3,287,no,
STRM-103866,ACC-103868,tier 2,7,3,111,yes,too expensive
STRM-103867,ACC-103869,tier 2,7,3,293,no,
STRM-103868,ACC-103870,tier 1,10,3,294,yes,too expensive
STRM-103869,ACC-103871,tier 2,7,3,155,yes,switch to competitor
STRM-103870,ACC-103872,tier 1,10,3,183,yes,not enough content
STRM-103871,ACC-103873,tier 1,10,3,460,no,
STRM-103872,ACC-103874,tier 3,5,3,368,no,
STRM-103873,ACC-103875,tier 1,10,3,316,no,
STRM-103874,ACC-103876,tier 2,7,3,502,no,
STRM-103875,ACC-103877,tier 1,10,3,523,no,
STRM-103876,ACC-103878,tier 3,5,3,198,yes,switch to competitor
STRM-103877,ACC-103879,tier 2,7,3,18,yes,not enough content
STRM-103878,ACC-103880,tier 1,10,3,255,no,
STRM-103879,ACC-103881,tier 2,7,3,531,no,
STRM-103880,ACC-103882,tier 2,7,3,359,no,
STRM-103881,ACC-103883,tier 3,5,3,47,yes,switch to competitor
STRM-103882,ACC-103884,tier 1,10,3,161,yes,too expensive
STRM-103883,ACC-103885,tier 3,5,3,260,no,
STRM-103884,ACC-103886,tier 3,5,3,573,no,
STRM-103885,ACC-103887,tier 3,5,3,278,yes,too expensive
STRM-103886,ACC-103888,tier 2,7,3,311,no,
STRM-103887,ACC-103889,tier 2,7,3,567,no,
STRM-103888,ACC-103890,tier 2,7,3,391,no,
STRM-103889,ACC-103891,tier 3,5,3,309,no,
STRM-103890,ACC-103892,tier 2,7,3,471,no,
STRM-103891,ACC-103893,tier 2,7,3,346,yes,switch to competitor
STRM-103892,ACC-103894,tier 2,7,3,386,no,
STRM-103893,ACC-103895,tier 2,7,3,330,yes,switch to competitor
STRM-103894,ACC-103896,tier 3,5,3,234,yes,not enough content
STRM-103895,ACC-103897,tier 1,10,3,230,yes,switch to competitor
STRM-103896,ACC-103898,tier 3,5,3,555,no,
STRM-103897,ACC-103899,tier 2,7,3,4,yes,switch to competitor
STRM-103898,ACC-103900,tier 3,5,3,259,no,
STRM-103899,ACC-103901,tier 2,7,3,326,no,
STRM-103900,ACC-103902,tier 2,7,3,270,no,
STRM-103901,ACC-103903,tier 3,5,3,235,no,
STRM-103902,ACC-103904,tier 2,7,3,292,no,
STRM-103903,ACC-103905,tier 3,5,3,358,no,
STRM-103904,ACC-103906,tier 2,7,3,346,yes,not enough content
STRM-103905,ACC-103907,tier 2,7,3,459,no,
STRM-103906,ACC-103908,tier 2,7,3,256,no,
STRM-103907,ACC-103909,tier 2,7,3,468,no,
STRM-103908,ACC-103910,tier 2,7,3,258,no,
STRM-103909,ACC-103911,tier 1,10,3,284,yes,not enough content
STRM-103910,ACC-103912,tier 2,7,3,101,yes,not enough content
STRM-103911,ACC-103913,tier 1,10,3,514,no,
STRM-103912,ACC-103914,tier 3,5,3,471,no,
STRM-103913,ACC-103915,tier 3,5,3,234,no,
STRM-103914,ACC-103916,tier 2,7,3,530,no,
STRM-103915,ACC-103917,tier 2,7,3,391,no,
STRM-103916,ACC-103918,tier 2,7,3,492,no,
STRM-103917,ACC-103919,tier 2,7,3,244,yes,switch to competitor
STRM-103918,ACC-103920,tier 3,5,3,545,no,
STRM-103919,ACC-103921,tier 3,5,3,149,yes,not enough content
STRM-103920,ACC-103922,tier 2,7,3,427,no,
STRM-103921,ACC-103923,tier 3,5,3,538,no,
STRM-103922,ACC-103924,tier 2,7,3,18,yes,too expensive
STRM-103923,ACC-103925,tier 3,5,3,287,no,
STRM-103924,ACC-103926,tier 1,10,3,236,no,
STRM-103925,ACC-103927,tier 2,7,3,451,no,
STRM-103926,ACC-103928,tier 2,7,3,107,yes,too expensive
STRM-103927,ACC-103929,tier 2,7,3,360,no,
STRM-103928,ACC-103930,tier 1,10,3,286,no,
STRM-103929,ACC-103931,tier 3,5,3,321,no,
STRM-103930,ACC-103932,tier 1,10,3,374,no,
STRM-103931,ACC-103933,tier 2,7,3,91,yes,too expensive
STRM-103932,ACC-103934,tier 1,10,3,390,no,
STRM-103933,ACC-103935,tier 2,7,3,367,no,
STRM-103934,ACC-103936,tier 2,7,3,94,yes,switch to competitor
STRM-103935,ACC-103937,tier 2,7,3,274,no,
STRM-103936,ACC-103938,tier 1,10,3,286,no,
STRM-103937,ACC-103939,tier 1,10,3,297,no,
STRM-103938,ACC-103940,tier 2,7,3,284,no,
STRM-103939,ACC-103941,tier 3,5,3,144,yes,too expensive
STRM-103940,ACC-103942,tier 3,5,3,581,no,
STRM-103941,ACC-103943,tier 1,10,3,296,no,
STRM-103942,ACC-103944,tier 2,7,3,352,no,
STRM-103943,ACC-103945,tier 1,10,3,353,no,
STRM-103944,ACC-103946,tier 1,10,3,518,no,
STRM-103945,ACC-103947,tier 2,7,3,550,no,
STRM-103946,ACC-103948,tier 2,7,3,541,no,
STRM-103947,ACC-103949,tier 1,10,3,365,no,
STRM-103948,ACC-103950,tier 1,10,3,344,no,
STRM-103949,ACC-103951,tier 1,10,3,285,yes,switch to competitor
STRM-103950,ACC-103952,tier 3,5,3,311,yes,switch to competitor
STRM-103951,ACC-103953,tier 3,5,3,61,yes,too expensive
STRM-103952,ACC-103954,tier 1,10,3,330,no,
STRM-103953,ACC-103955,tier 1,10,3,401,no,
STRM-103954,ACC-103956,tier 3,5,3,563,no,
STRM-103955,ACC-103957,tier 3,5,3,413,no,
STRM-103956,ACC-103958,tier 2,7,3,256,yes,not enough content
STRM-103957,ACC-103959,tier 1,10,3,281,yes,switch to competitor
STRM-103958,ACC-103960,tier 1,10,3,559,no,
STRM-103959,ACC-103961,tier 2,7,3,236,no,
STRM-103960,ACC-103962,tier 2,7,3,89,yes,too expensive
STRM-103961,ACC-103963,tier 1,10,3,342,no,
STRM-103962,ACC-103964,tier 2,7,3,529,no,
STRM-103963,ACC-103965,tier 1,10,3,309,yes,switch to competitor
STRM-103964,ACC-103966,tier 3,5,3,370,no,
STRM-103965,ACC-103967,tier 2,7,3,363,no,
STRM-103966,ACC-103968,tier 1,10,3,566,no,
STRM-103967,ACC-103969,tier 2,7,3,428,no,
STRM-103968,ACC-103970,tier 2,7,3,6,yes,not enough content
STRM-103969,ACC-103971,tier 3,5,3,224,no,
STRM-103970,ACC-103972,tier 2,7,3,258,no,
STRM-103971,ACC-103973,tier 2,7,3,285,no,
STRM-103972,ACC-103974,tier 2,7,3,521,no,
STRM-103973,ACC-103975,tier 2,7,3,529,no,
STRM-103974,ACC-103976,tier 3,5,3,261,yes,not enough content
STRM-103975,ACC-103977,tier 2,7,3,552,no,
STRM-103976,ACC-103978,tier 2,7,3,184,yes,too expensive
STRM-103977,ACC-103979,tier 1,10,3,238,no,
STRM-103978,ACC-103980,tier 2,7,3,404,no,
STRM-103979,ACC-103981,tier 3,5,3,511,no,
STRM-103980,ACC-103982,tier 3,5,3,309,no,
STRM-103981,ACC-103983,tier 1,10,3,287,no,
STRM-103982,ACC-103984,tier 1,10,3,331,no,
STRM-103983,ACC-103985,tier 3,5,3,472,no,
STRM-103984,ACC-103986,tier 3,5,3,518,no,
STRM-103985,ACC-103987,tier 1,10,3,136,yes,switch to competitor
STRM-103986,ACC-103988,tier 2,7,3,359,no,
STRM-103987,ACC-103989,tier 2,7,3,385,no,
STRM-103988,ACC-103990,tier 3,5,3,584,no,
STRM-103989,ACC-103991,tier 1,10,3,422,no,
STRM-103990,ACC-103992,tier 1,10,3,574,no,
STRM-103991,ACC-103993,tier 3,5,3,117,yes,switch to competitor
STRM-103992,ACC-103994,tier 1,10,3,34,yes,switch to competitor
STRM-103993,ACC-103995,tier 2,7,3,437,no,
STRM-103994,ACC-103996,tier 2,7,3,237,no,
STRM-103995,ACC-103997,tier 2,7,3,271,no,
STRM-103996,ACC-103998,tier 2,7,3,7,yes,switch to competitor
STRM-103997,ACC-103999,tier 2,7,3,247,no,
STRM-103998,ACC-104000,tier 1,10,3,299,no,
STRM-103999,ACC-104001,tier 2,7,3,66,yes,too expensive
STRM-104000,ACC-104002,tier 3,5,3,416,no,
STRM-104001,ACC-104003,tier 3,5,3,253,no,
STRM-104002,ACC-104004,tier 1,10,3,40,yes,not enough content
STRM-104003,ACC-104005,tier 1,10,3,342,yes,too expensive
STRM-104004,ACC-104006,tier 2,7,3,267,yes,switch to competitor
STRM-104005,ACC-104007,tier 2,7,3,2,yes,switch to competitor
STRM-104006,ACC-104008,tier 2,7,3,23,yes,not enough content
STRM-104007,ACC-104009,tier 2,7,3,217,yes,switch to competitor
STRM-104008,ACC-104010,tier 1,10,3,582,no,
STRM-104009,ACC-104011,tier 1,10,3,446,no,
STRM-104010,ACC-104012,tier 2,7,3,565,no,
STRM-104011,ACC-104013,tier 2,7,3,311,no,
STRM-104012,ACC-104014,tier 1,10,3,254,no,
STRM-104013,ACC-104015,tier 2,7,3,405,no,
STRM-104014,ACC-104016,tier 2,7,3,298,no,
STRM-104015,ACC-104017,tier 3,5,3,552,no,
STRM-104016,ACC-104018,tier 3,5,3,293,no,
STRM-104017,ACC-104019,tier 2,7,3,145,yes,too expensive
STRM-104018,ACC-104020,tier 1,10,3,390,no,
STRM-104019,ACC-104021,tier 2,7,3,8,yes,too expensive
STRM-104020,ACC-104022,tier 1,10,3,240,no,
STRM-104021,ACC-104023,tier 2,7,3,441,no,
STRM-104022,ACC-104024,tier 3,5,3,587,no,
STRM-104023,ACC-104025,tier 2,7,3,508,no,
STRM-104024,ACC-104026,tier 3,5,3,264,no,
STRM-104025,ACC-104027,tier 2,7,3,256,yes,not enough content
STRM-104026,ACC-104028,tier 1,10,3,494,no,
STRM-104027,ACC-104029,tier 2,7,3,290,no,
STRM-104028,ACC-104030,tier 2,7,3,475,no,
STRM-104029,ACC-104031,tier 2,7,3,572,no,
STRM-104030,ACC-104032,tier 2,7,3,565,no,
STRM-104031,ACC-104033,tier 1,10,3,459,no,
STRM-104032,ACC-104034,tier 3,5,3,392,no,
STRM-104033,ACC-104035,tier 1,10,3,585,no,
STRM-104034,ACC-104036,tier 3,5,3,193,yes,too expensive
STRM-104035,ACC-104037,tier 3,5,3,75,yes,too expensive
STRM-104036,ACC-104038,tier 3,5,3,503,no,
STRM-104037,ACC-104039,tier 2,7,3,21,yes,too expensive
STRM-104038,ACC-104040,tier 2,7,3,399,no,
STRM-104039,ACC-104041,tier 3,5,3,40,yes,too expensive
STRM-104040,ACC-104042,tier 2,7,3,361,no,
STRM-104041,ACC-104043,tier 2,7,3,307,no,
STRM-104042,ACC-104044,tier 2,7,3,502,no,
STRM-104043,ACC-104045,tier 2,7,3,184,yes,switch to competitor
STRM-104044,ACC-104046,tier 2,7,3,586,no,
STRM-104045,ACC-104047,tier 2,7,3,310,yes,too expensive
STRM-104046,ACC-104048,tier 2,7,3,398,no,
STRM-104047,ACC-104049,tier 3,5,3,63,yes,not enough content
STRM-104048,ACC-104050,tier 1,10,3,228,no,
STRM-104049,ACC-104051,tier 3,5,3,339,yes,not enough content
STRM-104050,ACC-104052,tier 2,7,3,230,no,
STRM-104051,ACC-104053,tier 3,5,3,396,no,
STRM-104052,ACC-104054,tier 2,7,3,328,no,
STRM-104053,ACC-104055,tier 3,5,3,156,yes,too expensive
STRM-104054,ACC-104056,tier 1,10,3,588,no,
STRM-104055,ACC-104057,tier 3,5,3,438,no,
STRM-104056,ACC-104058,tier 1,10,3,25,yes,not enough content
STRM-104057,ACC-104059,tier 3,5,3,446,no,
STRM-104058,ACC-104060,tier 3,5,3,297,yes,too expensive
STRM-104059,ACC-104061,tier 2,7,3,404,no,
STRM-104060,ACC-104062,tier 1,10,3,28,yes,not enough content
STRM-104061,ACC-104063,tier 3,5,3,258,yes,not enough content
STRM-104062,ACC-104064,tier 2,7,3,522,no,
STRM-104063,ACC-104065,tier 3,5,3,8,yes,too expensive
STRM-104064,ACC-104066,tier 1,10,3,522,no,
STRM-104065,ACC-104067,tier 1,10,3,380,no,
STRM-104066,ACC-104068,tier 3,5,3,559,no,
STRM-104067,ACC-104069,tier 2,7,3,355,no,
STRM-104068,ACC-104070,tier 3,5,3,313,no,
STRM-104069,ACC-104071,tier 2,7,3,106,yes,too expensive
STRM-104070,ACC-104072,tier 2,7,3,436,no,
STRM-104071,ACC-104073,tier 2,7,3,66,yes,switch to competitor
STRM-104072,ACC-104074,tier 2,7,3,574,no,
STRM-104073,ACC-104075,tier 2,7,3,271,no,
STRM-104074,ACC-104076,tier 2,7,3,222,yes,too expensive
STRM-104075,ACC-104077,tier 2,7,3,581,no,
STRM-104076,ACC-104078,tier 2,7,3,176,yes,too expensive
STRM-104077,ACC-104079,tier 3,5,3,568,no,
STRM-104078,ACC-104080,tier 1,10,3,296,no,
STRM-104079,ACC-104081,tier 2,7,3,558,no,
STRM-104080,ACC-104082,tier 1,10,3,253,no,
STRM-104081,ACC-104083,tier 2,7,3,238,no,
STRM-104082,ACC-104084,tier 2,7,3,375,no,
STRM-104083,ACC-104085,tier 1,10,3,356,no,
STRM-104084,ACC-104086,tier 1,10,3,135,yes,switch to competitor
STRM-104085,ACC-104087,tier 1,10,3,458,no,
STRM-104086,ACC-104088,tier 2,7,3,189,yes,too expensive
STRM-104087,ACC-104089,tier 3,5,3,511,no,
STRM-104088,ACC-104090,tier 1,10,3,112,yes,too expensive
STRM-104089,ACC-104091,tier 2,7,3,46,yes,switch to competitor
STRM-104090,ACC-104092,tier 2,7,3,101,yes,too expensive
STRM-104091,ACC-104093,tier 2,7,3,476,no,
STRM-104092,ACC-104094,tier 3,5,3,206,yes,too expensive
STRM-104093,ACC-104095,tier 2,7,3,316,no,
STRM-104094,ACC-104096,tier 2,7,3,261,yes,switch to competitor
STRM-104095,ACC-104097,tier 1,10,3,177,yes,switch to competitor
STRM-104096,ACC-104098,tier 1,10,3,173,yes,not enough content
STRM-104097,ACC-104099,tier 2,7,3,165,yes,too expensive
STRM-104098,ACC-104100,tier 1,10,3,195,yes,not enough content
STRM-104099,ACC-104101,tier 2,7,3,263,no,
STRM-104100,ACC-104102,tier 2,7,3,365,no,
STRM-104101,ACC-104103,tier 2,7,3,167,yes,not enough content
STRM-104102,ACC-104104,tier 1,10,3,556,no,
STRM-104103,ACC-104105,tier 2,7,3,498,no,
STRM-104104,ACC-104106,tier 2,7,3,7,yes,switch to competitor
STRM-104105,ACC-104107,tier 3,5,3,204,yes,too expensive
STRM-104106,ACC-104108,tier 1,10,3,398,no,
STRM-104107,ACC-104109,tier 3,5,3,495,no,
STRM-104108,ACC-104110,tier 2,7,3,447,no,
STRM-104109,ACC-104111,tier 2,7,3,496,no,
STRM-104110,ACC-104112,tier 2,7,3,453,no,
STRM-104111,ACC-104113,tier 1,10,3,134,yes,too expensive
STRM-104112,ACC-104114,tier 1,10,3,479,no,
STRM-104113,ACC-104115,tier 2,7,3,377,no,
STRM-104114,ACC-104116,tier 2,7,3,16,yes,switch to competitor
STRM-104115,ACC-104117,tier 3,5,3,93,yes,not enough content
STRM-104116,ACC-104118,tier 2,7,3,176,yes,switch to competitor
STRM-104117,ACC-104119,tier 1,10,3,508,no,
STRM-104118,ACC-104120,tier 2,7,3,498,no,
STRM-104119,ACC-104121,tier 2,7,3,228,yes,too expensive
STRM-104120,ACC-104122,tier 2,7,3,531,no,
STRM-104121,ACC-104123,tier 2,7,3,242,no,
STRM-104122,ACC-104124,tier 3,5,3,166,yes,switch to competitor
STRM-104123,ACC-104125,tier 3,5,3,357,no,
STRM-104124,ACC-104126,tier 2,7,3,423,no,
STRM-104125,ACC-104127,tier 2,7,3,531,no,
STRM-104126,ACC-104128,tier 3,5,3,266,no,
STRM-104127,ACC-104129,tier 2,7,3,556,no,
STRM-104128,ACC-104130,tier 1,10,3,323,no,
STRM-104129,ACC-104131,tier 2,7,3,511,no,
STRM-104130,ACC-104132,tier 1,10,3,523,no,
STRM-104131,ACC-104133,tier 2,7,3,25,yes,too expensive
STRM-104132,ACC-104134,tier 2,7,3,279,no,
STRM-104133,ACC-104135,tier 2,7,3,253,yes,not enough content
STRM-104134,ACC-104136,tier 1,10,3,218,yes,too expensive
STRM-104135,ACC-104137,tier 2,7,3,270,no,
STRM-104136,ACC-104138,tier 2,7,3,575,no,
STRM-104137,ACC-104139,tier 2,7,3,462,no,
STRM-104138,ACC-104140,tier 2,7,3,239,no,
STRM-104139,ACC-104141,tier 2,7,3,511,no,
STRM-104140,ACC-104142,tier 1,10,3,273,no,
STRM-104141,ACC-104143,tier 1,10,3,441,no,
STRM-104142,ACC-104144,tier 3,5,3,407,no,
STRM-104143,ACC-104145,tier 3,5,3,544,no,
STRM-104144,ACC-104146,tier 2,7,3,318,yes,not enough content
STRM-104145,ACC-104147,tier 1,10,3,493,no,
STRM-104146,ACC-104148,tier 2,7,3,106,yes,not enough content
STRM-104147,ACC-104149,tier 2,7,3,581,no,
STRM-104148,ACC-104150,tier 3,5,3,407,no,
STRM-104149,ACC-104151,tier 1,10,3,241,no,
STRM-104150,ACC-104152,tier 1,10,3,23,yes,too expensive
STRM-104151,ACC-104153,tier 2,7,3,232,yes,too expensive
STRM-104152,ACC-104154,tier 2,7,3,454,no,
STRM-104153,ACC-104155,tier 2,7,3,510,no,
STRM-104154,ACC-104156,tier 1,10,3,310,yes,not enough content
STRM-104155,ACC-104157,tier 2,7,3,78,yes,switch to competitor
STRM-104156,ACC-104158,tier 3,5,3,407,no,
STRM-104157,ACC-104159,tier 3,5,3,416,no,
STRM-104158,ACC-104160,tier 2,7,3,240,yes,too expensive
STRM-104159,ACC-104161,tier 2,7,3,257,no,
STRM-104160,ACC-104162,tier 1,10,3,14,yes,not enough content
STRM-104161,ACC-104163,tier 2,7,3,340,no,
STRM-104162,ACC-104164,tier 2,7,3,526,no,
STRM-104163,ACC-104165,tier 2,7,3,251,no,
STRM-104164,ACC-104166,tier 2,7,3,250,no,
STRM-104165,ACC-104167,tier 1,10,3,72,yes,not enough content
STRM-104166,ACC-104168,tier 1,10,3,556,no,
STRM-104167,ACC-104169,tier 2,7,3,403,no,
STRM-104168,ACC-104170,tier 1,10,3,275,yes,switch to competitor
STRM-104169,ACC-104171,tier 1,10,3,145,yes,too expensive
STRM-104170,ACC-104172,tier 3,5,3,244,no,
STRM-104171,ACC-104173,tier 2,7,3,73,yes,not enough content
STRM-104172,ACC-104174,tier 2,7,3,480,no,
STRM-104173,ACC-104175,tier 3,5,3,494,no,
STRM-104174,ACC-104176,tier 3,5,3,459,no,
STRM-104175,ACC-104177,tier 2,7,3,46,yes,switch to competitor
STRM-104176,ACC-104178,tier 3,5,3,250,no,
STRM-104177,ACC-104179,tier 2,7,3,296,no,
STRM-104178,ACC-104180,tier 2,7,3,316,no,
STRM-104179,ACC-104181,tier 2,7,3,75,yes,not enough content
STRM-104180,ACC-104182,tier 2,7,3,370,no,
STRM-104181,ACC-104183,tier 2,7,3,56,yes,too expensive
STRM-104182,ACC-104184,tier 2,7,3,389,no,
STRM-104183,ACC-104185,tier 1,10,3,232,no,
STRM-104184,ACC-104186,tier 2,7,3,310,no,
STRM-104185,ACC-104187,tier 1,10,3,238,no,
STRM-104186,ACC-104188,tier 2,7,3,280,no,
STRM-104187,ACC-104189,tier 2,7,3,492,no,
STRM-104188,ACC-104190,tier 2,7,3,469,no,
STRM-104189,ACC-104191,tier 3,5,3,288,no,
STRM-104190,ACC-104192,tier 3,5,3,395,no,
STRM-104191,ACC-104193,tier 2,7,3,443,no,
STRM-104192,ACC-104194,tier 2,7,3,149,yes,switch to competitor
STRM-104193,ACC-104195,tier 2,7,3,310,no,
STRM-104194,ACC-104196,tier 1,10,3,436,no,
STRM-104195,ACC-104197,tier 1,10,3,543,no,
STRM-104196,ACC-104198,tier 2,7,3,370,no,
STRM-104197,ACC-104199,tier 2,7,3,572,no,
STRM-104198,ACC-104200,tier 2,7,3,231,no,
STRM-104199,ACC-104201,tier 3,5,3,167,yes,not enough content
STRM-104200,ACC-104202,tier 1,10,3,363,no,
STRM-104201,ACC-104203,tier 1,10,3,297,no,
STRM-104202,ACC-104204,tier 3,5,3,563,no,
STRM-104203,ACC-104205,tier 1,10,3,584,no,
STRM-104204,ACC-104206,tier 2,7,3,318,no,
STRM-104205,ACC-104207,tier 2,7,3,435,no,
STRM-104206,ACC-104208,tier 2,7,3,216,yes,switch to competitor
STRM-104207,ACC-104209,tier 1,10,3,387,no,
STRM-104208,ACC-104210,tier 1,10,3,366,no,
STRM-104209,ACC-104211,tier 1,10,3,475,no,
STRM-104210,ACC-104212,tier 2,7,3,432,no,
STRM-104211,ACC-104213,tier 2,7,3,277,no,
STRM-104212,ACC-104214,tier 1,10,3,358,no,
STRM-104213,ACC-104215,tier 2,7,3,453,no,
STRM-104214,ACC-104216,tier 3,5,3,474,no,
STRM-104215,ACC-104217,tier 1,10,3,55,yes,too expensive
STRM-104216,ACC-104218,tier 2,7,3,461,no,
STRM-104217,ACC-104219,tier 2,7,3,557,no,
STRM-104218,ACC-104220,tier 2,7,3,566,no,
STRM-104219,ACC-104221,tier 2,7,3,442,no,
STRM-104220,ACC-104222,tier 2,7,3,123,yes,switch to competitor
STRM-104221,ACC-104223,tier 3,5,3,583,no,
STRM-104222,ACC-104224,tier 3,5,3,166,yes,too expensive
STRM-104223,ACC-104225,tier 2,7,3,159,yes,not enough content
STRM-104224,ACC-104226,tier 2,7,3,530,no,
STRM-104225,ACC-104227,tier 2,7,3,406,no,
STRM-104226,ACC-104228,tier 2,7,3,419,no,
STRM-104227,ACC-104229,tier 2,7,3,80,yes,too expensive
STRM-104228,ACC-104230,tier 1,10,3,455,no,
STRM-104229,ACC-104231,tier 2,7,3,456,no,
STRM-104230,ACC-104232,tier 2,7,3,545,no,
STRM-104231,ACC-104233,tier 2,7,3,484,no,
STRM-104232,ACC-104234,tier 3,5,3,153,yes,not enough content
STRM-104233,ACC-104235,tier 1,10,3,430,no,
STRM-104234,ACC-104236,tier 2,7,3,482,no,
STRM-104235,ACC-104237,tier 1,10,3,249,no,
STRM-104236,ACC-104238,tier 3,5,3,234,no,
STRM-104237,ACC-104239,tier 2,7,3,48,yes,not enough content
STRM-104238,ACC-104240,tier 2,7,3,2,yes,too expensive
STRM-104239,ACC-104241,tier 2,7,3,66,yes,not enough content
STRM-104240,ACC-104242,tier 2,7,3,25,yes,switch to competitor
STRM-104241,ACC-104243,tier 3,5,3,454,no,
STRM-104242,ACC-104244,tier 2,7,3,425,no,
STRM-104243,ACC-104245,tier 2,7,3,505,no,
STRM-104244,ACC-104246,tier 3,5,3,388,no,
STRM-104245,ACC-104247,tier 2,7,3,507,no,
STRM-104246,ACC-104248,tier 1,10,3,469,no,
STRM-104247,ACC-104249,tier 2,7,3,383,no,
STRM-104248,ACC-104250,tier 3,5,3,583,no,
STRM-104249,ACC-104251,tier 2,7,3,379,no,
STRM-104250,ACC-104252,tier 1,10,3,145,yes,not enough content
STRM-104251,ACC-104253,tier 2,7,3,292,yes,too expensive
STRM-104252,ACC-104254,tier 2,7,3,427,no,
STRM-104253,ACC-104255,tier 1,10,3,260,no,
STRM-104254,ACC-104256,tier 2,7,3,246,yes,switch to competitor
STRM-104255,ACC-104257,tier 3,5,3,468,no,
STRM-104256,ACC-104258,tier 2,7,3,523,no,
STRM-104257,ACC-104259,tier 2,7,3,31,yes,switch to competitor
STRM-104258,ACC-104260,tier 2,7,3,281,yes,not enough content
STRM-104259,ACC-104261,tier 1,10,3,397,no,
STRM-104260,ACC-104262,tier 3,5,3,309,no,
STRM-104261,ACC-104263,tier 2,7,3,263,no,
STRM-104262,ACC-104264,tier 2,7,3,534,no,
STRM-104263,ACC-104265,tier 2,7,3,563,no,
STRM-104264,ACC-104266,tier 2,7,3,363,no,
STRM-104265,ACC-104267,tier 2,7,3,513,no,
STRM-104266,ACC-104268,tier 1,10,3,426,no,
STRM-104267,ACC-104269,tier 3,5,3,163,yes,not enough content
STRM-104268,ACC-104270,tier 3,5,3,340,no,
STRM-104269,ACC-104271,tier 2,7,3,117,yes,too expensive
STRM-104270,ACC-104272,tier 3,5,3,564,no,
STRM-104271,ACC-104273,tier 1,10,3,232,no,
STRM-104272,ACC-104274,tier 2,7,3,274,no,
STRM-104273,ACC-104275,tier 2,7,3,340,no,
STRM-104274,ACC-104276,tier 2,7,3,511,no,
STRM-104275,ACC-104277,tier 2,7,3,407,no,
STRM-104276,ACC-104278,tier 2,7,3,536,no,
STRM-104277,ACC-104279,tier 1,10,3,458,no,
STRM-104278,ACC-104280,tier 2,7,3,505,no,
STRM-104279,ACC-104281,tier 1,10,3,531,no,
STRM-104280,ACC-104282,tier 2,7,3,455,no,
STRM-104281,ACC-104283,tier 1,10,3,16,yes,switch to competitor
STRM-104282,ACC-104284,tier 1,10,3,440,no,
STRM-104283,ACC-104285,tier 2,7,3,107,yes,too expensive
STRM-104284,ACC-104286,tier 2,7,3,450,no,
STRM-104285,ACC-104287,tier 3,5,3,274,no,
STRM-104286,ACC-104288,tier 2,7,3,51,yes,not enough content
STRM-104287,ACC-104289,tier 2,7,3,457,no,
STRM-104288,ACC-104290,tier 3,5,3,264,no,
STRM-104289,ACC-104291,tier 2,7,3,469,no,
STRM-104290,ACC-104292,tier 1,10,3,178,yes,switch to competitor
STRM-104291,ACC-104293,tier 2,7,3,374,no,
STRM-104292,ACC-104294,tier 3,5,3,546,no,
STRM-104293,ACC-104295,tier 2,7,3,254,no,
STRM-104294,ACC-104296,tier 2,7,3,442,no,
STRM-104295,ACC-104297,tier 1,10,3,567,no,
STRM-104296,ACC-104298,tier 1,10,3,248,no,
STRM-104297,ACC-104299,tier 2,7,3,463,no,
STRM-104298,ACC-104300,tier 2,7,3,46,yes,too expensive
STRM-104299,ACC-104301,tier 1,10,3,395,no,
STRM-104300,ACC-104302,tier 3,5,3,325,no,
STRM-104301,ACC-104303,tier 3,5,3,489,no,
STRM-104302,ACC-104304,tier 2,7,3,56,yes,too expensive
STRM-104303,ACC-104305,tier 3,5,3,91,yes,too expensive
STRM-104304,ACC-104306,tier 1,10,3,546,no,
STRM-104305,ACC-104307,tier 2,7,3,549,no,
STRM-104306,ACC-104308,tier 2,7,3,398,no,
STRM-104307,ACC-104309,tier 3,5,3,109,yes,too expensive
STRM-104308,ACC-104310,tier 3,5,3,290,no,
STRM-104309,ACC-104311,tier 2,7,3,313,no,
STRM-104310,ACC-104312,tier 3,5,3,296,yes,too expensive
STRM-104311,ACC-104313,tier 1,10,3,390,no,
STRM-104312,ACC-104314,tier 3,5,3,262,no,
STRM-104313,ACC-104315,tier 3,5,3,197,yes,switch to competitor
STRM-104314,ACC-104316,tier 1,10,3,136,yes,too expensive
STRM-104315,ACC-104317,tier 2,7,3,522,no,
STRM-104316,ACC-104318,tier 1,10,3,276,no,
STRM-104317,ACC-104319,tier 2,7,3,550,no,
STRM-104318,ACC-104320,tier 2,7,3,556,no,
STRM-104319,ACC-104321,tier 2,7,3,130,yes,switch to competitor
STRM-104320,ACC-104322,tier 3,5,3,74,yes,too expensive
STRM-104321,ACC-104323,tier 2,7,3,360,no,
STRM-104322,ACC-104324,tier 2,7,3,235,no,
STRM-104323,ACC-104325,tier 3,5,3,231,no,
STRM-104324,ACC-104326,tier 3,5,3,252,yes,not enough content
STRM-104325,ACC-104327,tier 1,10,3,12,yes,not enough content
STRM-104326,ACC-104328,tier 3,5,3,264,yes,too expensive
STRM-104327,ACC-104329,tier 1,10,3,386,no,
STRM-104328,ACC-104330,tier 3,5,3,265,no,
STRM-104329,ACC-104331,tier 2,7,3,93,yes,not enough content
STRM-104330,ACC-104332,tier 1,10,3,236,no,
STRM-104331,ACC-104333,tier 2,7,3,75,yes,switch to competitor
STRM-104332,ACC-104334,tier 2,7,3,315,no,
STRM-104333,ACC-104335,tier 2,7,3,141,yes,too expensive
STRM-104334,ACC-104336,tier 1,10,3,52,yes,switch to competitor
STRM-104334,ACC-104337,tier 2,7,3,52,yes,too expensive
STRM-104335,ACC-104338,tier 3,5,3,100,yes,not enough content
STRM-104336,ACC-104339,tier 2,7,3,306,yes,switch to competitor
STRM-104337,ACC-104340,tier 1,10,3,356,no,
STRM-104338,ACC-104341,tier 2,7,3,533,no,
STRM-104339,ACC-104342,tier 1,10,3,249,no,
STRM-104340,ACC-104343,tier 3,5,3,277,no,
STRM-104341,ACC-104344,tier 3,5,3,493,no,
STRM-104342,ACC-104345,tier 2,7,3,344,no,
STRM-104343,ACC-104346,tier 2,7,3,336,no,
STRM-104344,ACC-104347,tier 3,5,3,42,yes,not enough content
STRM-104345,ACC-104348,tier 2,7,3,313,no,
STRM-104346,ACC-104349,tier 3,5,3,550,no,
STRM-104347,ACC-104350,tier 2,7,3,529,no,
STRM-104348,ACC-104351,tier 3,5,3,285,no,
STRM-104349,ACC-104352,tier 2,7,3,234,no,
STRM-104350,ACC-104353,tier 2,7,3,243,no,
STRM-104351,ACC-104354,tier 3,5,3,400,no,
STRM-104352,ACC-104355,tier 2,7,3,501,no,
STRM-104353,ACC-104356,tier 2,7,3,423,no,
STRM-104354,ACC-104357,tier 1,10,3,422,no,
STRM-104355,ACC-104358,tier 2,7,3,263,no,
STRM-104356,ACC-104359,tier 2,7,3,38,yes,not enough content
STRM-104357,ACC-104360,tier 1,10,3,345,no,
STRM-104358,ACC-104361,tier 1,10,3,62,yes,too expensive
STRM-104359,ACC-104362,tier 2,7,3,272,no,
STRM-104360,ACC-104363,tier 3,5,3,284,no,
STRM-104361,ACC-104364,tier 2,7,3,302,no,
STRM-104362,ACC-104365,tier 1,10,3,447,no,
STRM-104363,ACC-104366,tier 2,7,3,53,yes,switch to competitor
STRM-104364,ACC-104367,tier 1,10,3,464,no,
STRM-104365,ACC-104368,tier 2,7,3,160,yes,not enough content
STRM-104366,ACC-104369,tier 1,10,3,215,yes,too expensive
STRM-104367,ACC-104370,tier 1,10,3,427,no,
STRM-104368,ACC-104371,tier 1,10,3,261,no,
STRM-104369,ACC-104372,tier 2,7,3,501,no,
STRM-104370,ACC-104373,tier 1,10,3,55,yes,too expensive
STRM-104371,ACC-104374,tier 2,7,3,305,no,
STRM-104372,ACC-104375,tier 2,7,3,497,no,
STRM-104373,ACC-104376,tier 2,7,3,15,yes,too expensive
STRM-104374,ACC-104377,tier 2,7,3,567,no,
STRM-104375,ACC-104378,tier 3,5,3,60,yes,not enough content
STRM-104376,ACC-104379,tier 1,10,3,467,no,
STRM-104377,ACC-104380,tier 2,7,3,564,no,
STRM-104378,ACC-104381,tier 1,10,3,165,yes,too expensive
STRM-104379,ACC-104382,tier 1,10,3,484,no,
STRM-104380,ACC-104383,tier 2,7,3,539,no,
STRM-104381,ACC-104384,tier 2,7,3,311,no,
STRM-104382,ACC-104385,tier 3,5,3,297,no,
STRM-104383,ACC-104386,tier 2,7,3,528,no,
STRM-104384,ACC-104387,tier 3,5,3,571,no,
STRM-104385,ACC-104388,tier 1,10,3,140,yes,switch to competitor
STRM-104386,ACC-104389,tier 1,10,3,437,no,
STRM-104387,ACC-104390,tier 1,10,3,60,yes,switch to competitor
STRM-104388,ACC-104391,tier 1,10,3,189,yes,not enough content
STRM-104389,ACC-104392,tier 2,7,3,210,yes,switch to competitor
STRM-104390,ACC-104393,tier 2,7,3,199,yes,too expensive
STRM-104391,ACC-104394,tier 1,10,3,518,no,
STRM-104392,ACC-104395,tier 3,5,3,496,no,
STRM-104393,ACC-104396,tier 3,5,3,254,yes,not enough content
STRM-104394,ACC-104397,tier 2,7,3,573,no,
STRM-104395,ACC-104398,tier 1,10,3,433,no,
STRM-104396,ACC-104399,tier 1,10,3,283,no,
STRM-104397,ACC-104400,tier 1,10,3,252,yes,too expensive
STRM-104398,ACC-104401,tier 1,10,3,585,no,
STRM-104399,ACC-104402,tier 2,7,3,194,yes,not enough content
STRM-104400,ACC-104403,tier 1,10,3,283,no,
STRM-104401,ACC-104404,tier 2,7,3,251,no,
STRM-104402,ACC-104405,tier 3,5,3,347,no,
STRM-104403,ACC-104406,tier 2,7,3,351,no,
STRM-104404,ACC-104407,tier 3,5,3,260,no,
STRM-104405,ACC-104408,tier 1,10,3,424,no,
STRM-104406,ACC-104409,tier 2,7,3,496,no,
STRM-104407,ACC-104410,tier 2,7,3,411,no,
STRM-104407,ACC-104411,tier 1,10,3,411,no,
STRM-104408,ACC-104412,tier 1,10,3,305,yes,not enough content
STRM-104409,ACC-104413,tier 2,7,3,545,no,
STRM-104410,ACC-104414,tier 2,7,3,63,yes,too expensive
STRM-104411,ACC-104415,tier 2,7,3,541,no,
STRM-104412,ACC-104416,tier 2,7,3,347,no,
STRM-104413,ACC-104417,tier 2,7,3,516,no,
STRM-104414,ACC-104418,tier 1,10,3,352,no,
STRM-104415,ACC-104419,tier 2,7,3,296,no,
STRM-104416,ACC-104420,tier 1,10,3,484,no,
STRM-104417,ACC-104421,tier 1,10,3,315,no,
STRM-104418,ACC-104422,tier 3,5,3,477,no,
STRM-104419,ACC-104423,tier 2,7,3,259,no,
STRM-104420,ACC-104424,tier 2,7,3,569,no,
STRM-104421,ACC-104425,tier 2,7,3,303,no,
STRM-104422,ACC-104426,tier 2,7,3,345,no,
STRM-104423,ACC-104427,tier 1,10,3,427,no,
STRM-104424,ACC-104428,tier 1,10,3,361,no,
STRM-104425,ACC-104429,tier 1,10,3,246,yes,switch to competitor
STRM-104426,ACC-104430,tier 3,5,3,326,no,
STRM-104427,ACC-104431,tier 2,7,3,237,no,
STRM-104428,ACC-104432,tier 2,7,3,334,no,
STRM-104429,ACC-104433,tier 2,7,3,171,yes,switch to competitor
STRM-104430,ACC-104434,tier 3,5,3,474,no,
STRM-104431,ACC-104435,tier 1,10,3,279,no,
STRM-104432,ACC-104436,tier 2,7,3,414,no,
STRM-104433,ACC-104437,tier 2,7,3,570,no,
STRM-104434,ACC-104438,tier 3,5,3,472,no,
STRM-104435,ACC-104439,tier 3,5,3,226,no,
STRM-104436,ACC-104440,tier 1,10,3,284,no,
STRM-104437,ACC-104441,tier 3,5,3,501,no,
STRM-104438,ACC-104442,tier 3,5,3,101,yes,not enough content
STRM-104439,ACC-104443,tier 1,10,3,399,no,
STRM-104440,ACC-104444,tier 2,7,3,337,no,
STRM-104441,ACC-104445,tier 2,7,3,322,no,
STRM-104442,ACC-104446,tier 3,5,3,562,no,
STRM-104443,ACC-104447,tier 1,10,3,290,no,
STRM-104444,ACC-104448,tier 3,5,3,435,no,
STRM-104445,ACC-104449,tier 2,7,3,352,no,
STRM-104446,ACC-104450,tier 2,7,3,196,yes,too expensive
STRM-104447,ACC-104451,tier 2,7,3,507,no,
STRM-104448,ACC-104452,tier 2,7,3,271,yes,too expensive
STRM-104449,ACC-104453,tier 3,5,3,331,no,
STRM-104450,ACC-104454,tier 3,5,3,547,no,
STRM-104451,ACC-104455,tier 3,5,3,548,no,
STRM-104452,ACC-104456,tier 1,10,3,272,no,
STRM-104453,ACC-104457,tier 2,7,3,361,no,
STRM-104454,ACC-104458,tier 1,10,3,513,no,
STRM-104455,ACC-104459,tier 2,7,3,482,no,
STRM-104456,ACC-104460,tier 2,7,3,252,no,
STRM-104457,ACC-104461,tier 2,7,3,27,yes,not enough content
STRM-104458,ACC-104462,tier 2,7,3,524,no,
STRM-104459,ACC-104463,tier 3,5,3,294,no,
STRM-104460,ACC-104464,tier 1,10,3,237,yes,switch to competitor
STRM-104461,ACC-104465,tier 2,7,3,520,no,
STRM-104462,ACC-104466,tier 2,7,3,58,yes,too expensive
STRM-104463,ACC-104467,tier 1,10,3,317,no,
STRM-104464,ACC-104468,tier 1,10,3,526,no,
STRM-104465,ACC-104469,tier 3,5,3,435,no,
STRM-104466,ACC-104470,tier 3,5,3,329,yes,switch to competitor
STRM-104467,ACC-104471,tier 3,5,3,158,yes,switch to competitor
STRM-104468,ACC-104472,tier 3,5,3,235,no,
STRM-104469,ACC-104473,tier 1,10,3,463,no,
STRM-104470,ACC-104474,tier 2,7,3,585,no,
STRM-104471,ACC-104475,tier 2,7,3,368,no,
STRM-104472,ACC-104476,tier 2,7,3,248,no,
STRM-104473,ACC-104477,tier 2,7,3,396,no,
STRM-104474,ACC-104478,tier 2,7,3,133,yes,not enough content
STRM-104475,ACC-104479,tier 2,7,3,462,no,
STRM-104476,ACC-104480,tier 2,7,3,260,yes,not enough content
STRM-104477,ACC-104481,tier 1,10,3,355,no,
STRM-104478,ACC-104482,tier 2,7,3,256,no,
STRM-104479,ACC-104483,tier 2,7,3,437,no,
STRM-104480,ACC-104484,tier 2,7,3,458,no,
STRM-104481,ACC-104485,tier 1,10,3,347,yes,switch to competitor
STRM-104482,ACC-104486,tier 2,7,3,484,no,
STRM-104483,ACC-104487,tier 1,10,3,453,no,
STRM-104484,ACC-104488,tier 2,7,3,492,no,
STRM-104485,ACC-104489,tier 3,5,3,23,yes,too expensive
STRM-104486,ACC-104490,tier 2,7,3,374,no,
STRM-104487,ACC-104491,tier 2,7,3,264,no,
STRM-104488,ACC-104492,tier 2,7,3,94,yes,too expensive
STRM-104489,ACC-104493,tier 2,7,3,256,yes,not enough content
STRM-104490,ACC-104494,tier 3,5,3,335,no,
STRM-104491,ACC-104495,tier 2,7,3,500,no,
STRM-104492,ACC-104496,tier 2,7,3,328,no,
STRM-104493,ACC-104497,tier 2,7,3,409,no,
STRM-104494,ACC-104498,tier 1,10,3,356,no,
STRM-104495,ACC-104499,tier 2,7,3,36,yes,switch to competitor
STRM-104496,ACC-104500,tier 2,7,3,81,yes,too expensive
STRM-104497,ACC-104501,tier 2,7,3,571,no,
STRM-104498,ACC-104502,tier 2,7,3,336,no,
STRM-104499,ACC-104503,tier 2,7,3,181,yes,too expensive
STRM-104500,ACC-104504,tier 1,10,3,219,yes,not enough content
STRM-104501,ACC-104505,tier 2,7,3,469,no,
STRM-104502,ACC-104506,tier 2,7,3,307,yes,switch to competitor
STRM-104503,ACC-104507,tier 2,7,3,493,no,
STRM-104504,ACC-104508,tier 1,10,3,55,yes,too expensive
STRM-104505,ACC-104509,tier 2,7,3,253,yes,not enough content
STRM-104506,ACC-104510,tier 3,5,3,254,no,
STRM-104507,ACC-104511,tier 1,10,3,82,yes,too expensive
STRM-104508,ACC-104512,tier 2,7,3,235,no,
STRM-104509,ACC-104513,tier 1,10,3,299,no,
STRM-104510,ACC-104514,tier 2,7,3,242,yes,too expensive
STRM-104511,ACC-104515,tier 2,7,3,341,no,
STRM-104512,ACC-104516,tier 2,7,3,515,no,
STRM-104513,ACC-104517,tier 2,7,3,64,yes,too expensive
STRM-104514,ACC-104518,tier 3,5,3,165,yes,not enough content
STRM-104515,ACC-104519,tier 1,10,3,498,no,
STRM-104516,ACC-104520,tier 1,10,3,515,no,
STRM-104517,ACC-104521,tier 3,5,3,258,no,
STRM-104518,ACC-104522,tier 2,7,3,533,no,
STRM-104519,ACC-104523,tier 3,5,3,490,no,
STRM-104520,ACC-104524,tier 2,7,3,236,no,
STRM-104521,ACC-104525,tier 3,5,3,512,no,
STRM-104522,ACC-104526,tier 2,7,3,47,yes,switch to competitor
STRM-104523,ACC-104527,tier 2,7,3,467,no,
STRM-104524,ACC-104528,tier 3,5,3,296,no,
STRM-104525,ACC-104529,tier 2,7,3,415,no,
STRM-104526,ACC-104530,tier 1,10,3,558,no,
STRM-104527,ACC-104531,tier 2,7,3,41,yes,not enough content
STRM-104528,ACC-104532,tier 1,10,3,352,no,
STRM-104529,ACC-104533,tier 1,10,3,506,no,
STRM-104530,ACC-104534,tier 2,7,3,343,yes,switch to competitor
STRM-104531,ACC-104535,tier 2,7,3,516,no,
STRM-104532,ACC-104536,tier 2,7,3,1,yes,too expensive
STRM-104533,ACC-104537,tier 2,7,3,297,no,
STRM-104534,ACC-104538,tier 2,7,3,356,no,
STRM-104535,ACC-104539,tier 1,10,3,290,yes,switch to competitor
STRM-104536,ACC-104540,tier 1,10,3,404,no,
STRM-104537,ACC-104541,tier 1,10,3,515,no,
STRM-104538,ACC-104542,tier 2,7,3,546,no,
STRM-104539,ACC-104543,tier 1,10,3,449,no,
STRM-104540,ACC-104544,tier 2,7,3,396,no,
STRM-104541,ACC-104545,tier 2,7,3,260,no,
STRM-104542,ACC-104546,tier 3,5,3,522,no,
STRM-104543,ACC-104547,tier 1,10,3,39,yes,too expensive
STRM-104544,ACC-104548,tier 2,7,3,188,yes,too expensive
STRM-104545,ACC-104549,tier 2,7,3,393,no,
STRM-104546,ACC-104550,tier 3,5,3,247,no,
STRM-104547,ACC-104551,tier 3,5,3,368,no,
STRM-104548,ACC-104552,tier 1,10,3,54,yes,not enough content
STRM-104549,ACC-104553,tier 1,10,3,145,yes,too expensive
STRM-104550,ACC-104554,tier 3,5,3,479,no,
STRM-104551,ACC-104555,tier 2,7,3,319,no,
STRM-104552,ACC-104556,tier 2,7,3,103,yes,not enough content
STRM-104553,ACC-104557,tier 2,7,3,532,no,
STRM-104554,ACC-104558,tier 2,7,3,298,no,
STRM-104555,ACC-104559,tier 3,5,3,563,no,
STRM-104556,ACC-104560,tier 3,5,3,53,yes,switch to competitor
STRM-104557,ACC-104561,tier 2,7,3,198,yes,switch to competitor
STRM-104558,ACC-104562,tier 2,7,3,365,no,
STRM-104559,ACC-104563,tier 3,5,3,474,no,
STRM-104560,ACC-104564,tier 1,10,3,448,no,
STRM-104561,ACC-104565,tier 1,10,3,219,yes,too expensive
STRM-104562,ACC-104566,tier 3,5,3,16,yes,
STRM-104563,ACC-104567,tier 2,7,3,557,no,
STRM-104564,ACC-104568,tier 1,10,3,215,yes,too expensive
STRM-104565,ACC-104569,tier 1,10,3,532,no,
STRM-104566,ACC-104570,tier 3,5,3,459,no,
STRM-104567,ACC-104571,tier 2,7,3,541,no,
STRM-104568,ACC-104572,tier 2,7,3,517,no,
STRM-104569,ACC-104573,tier 1,10,3,291,no,
STRM-104570,ACC-104574,tier 3,5,3,272,no,
STRM-104571,ACC-104575,tier 3,5,3,86,yes,not enough content
STRM-104572,ACC-104576,tier 2,7,3,456,no,
STRM-104573,ACC-104577,tier 2,7,3,59,yes,not enough content
STRM-104574,ACC-104578,tier 1,10,3,476,no,
STRM-104575,ACC-104579,tier 3,5,3,99,yes,not enough content
STRM-104576,ACC-104580,tier 2,7,3,541,no,
STRM-104577,ACC-104581,tier 3,5,3,456,no,
STRM-104578,ACC-104582,tier 2,7,3,579,no,
STRM-104579,ACC-104583,tier 3,5,3,403,no,
STRM-104580,ACC-104584,tier 3,5,3,378,no,
STRM-104581,ACC-104585,tier 2,7,3,278,no,
STRM-104582,ACC-104586,tier 3,5,3,367,no,
STRM-104583,ACC-104587,tier 2,7,3,307,no,
STRM-104584,ACC-104588,tier 1,10,3,517,no,
STRM-104585,ACC-104589,tier 2,7,3,329,no,
STRM-104586,ACC-104590,tier 2,7,3,360,no,
STRM-104587,ACC-104591,tier 2,7,3,388,no,
STRM-104588,ACC-104592,tier 1,10,3,553,no,
STRM-104589,ACC-104593,tier 2,7,3,248,yes,switch to competitor
STRM-104590,ACC-104594,tier 2,7,3,429,no,
STRM-104591,ACC-104595,tier 2,7,3,580,no,
STRM-104592,ACC-104596,tier 2,7,3,316,yes,not enough content
STRM-104593,ACC-104597,tier 2,7,3,307,no,
STRM-104594,ACC-104598,tier 1,10,3,274,yes,switch to competitor
STRM-104595,ACC-104599,tier 2,7,3,24,yes,not enough content
STRM-104596,ACC-104600,tier 2,7,3,351,no,
STRM-104597,ACC-104601,tier 1,10,3,370,no,
STRM-104598,ACC-104602,tier 3,5,3,301,no,
STRM-104599,ACC-104603,tier 3,5,3,573,no,
STRM-104600,ACC-104604,tier 2,7,3,74,yes,switch to competitor
STRM-104601,ACC-104605,tier 3,5,3,543,no,
STRM-104602,ACC-104606,tier 3,5,3,397,no,
STRM-104603,ACC-104607,tier 3,5,3,422,no,
STRM-104604,ACC-104608,tier 1,10,3,327,yes,switch to competitor
STRM-104605,ACC-104609,tier 3,5,3,363,no,
STRM-104606,ACC-104610,tier 2,7,3,576,no,
STRM-104607,ACC-104611,tier 2,7,3,585,no,
STRM-104608,ACC-104612,tier 1,10,3,430,no,
STRM-104609,ACC-104613,tier 2,7,3,409,no,
STRM-104610,ACC-104614,tier 1,10,3,379,no,
STRM-104611,ACC-104615,tier 1,10,3,144,yes,switch to competitor
STRM-104612,ACC-104616,tier 2,7,3,133,yes,too expensive
STRM-104613,ACC-104617,tier 3,5,3,166,yes,not enough content
STRM-104614,ACC-104618,tier 3,5,3,223,yes,too expensive
STRM-104615,ACC-104619,tier 2,7,3,362,no,
STRM-104616,ACC-104620,tier 3,5,3,125,yes,not enough content
STRM-104617,ACC-104621,tier 3,5,3,482,no,
STRM-104618,ACC-104622,tier 3,5,3,327,no,
STRM-104619,ACC-104623,tier 1,10,3,514,no,
STRM-104620,ACC-104624,tier 2,7,3,481,no,
STRM-104621,ACC-104625,tier 3,5,3,395,no,
STRM-104622,ACC-104626,tier 2,7,3,192,yes,not enough content
STRM-104623,ACC-104627,tier 2,7,3,406,no,
STRM-104624,ACC-104628,tier 2,7,3,251,no,
STRM-104625,ACC-104629,tier 2,7,3,525,no,
STRM-104626,ACC-104630,tier 2,7,3,488,no,
STRM-104627,ACC-104631,tier 1,10,3,461,no,
STRM-104628,ACC-104632,tier 2,7,3,431,no,
STRM-104629,ACC-104633,tier 3,5,3,81,yes,too expensive
STRM-104630,ACC-104634,tier 3,5,3,374,no,
STRM-104631,ACC-104635,tier 1,10,3,579,no,
STRM-104632,ACC-104636,tier 3,5,3,495,no,
STRM-104633,ACC-104637,tier 2,7,3,28,yes,switch to competitor
STRM-104634,ACC-104638,tier 2,7,3,528,no,
STRM-104635,ACC-104639,tier 3,5,3,318,no,
STRM-104636,ACC-104640,tier 3,5,3,537,no,
STRM-104637,ACC-104641,tier 3,5,3,559,no,
STRM-104638,ACC-104642,tier 2,7,3,284,no,
STRM-104639,ACC-104643,tier 3,5,3,48,yes,not enough content
STRM-104640,ACC-104644,tier 1,10,3,121,yes,switch to competitor
STRM-104641,ACC-104645,tier 2,7,3,538,no,
STRM-104642,ACC-104646,tier 2,7,3,311,yes,too expensive
STRM-104643,ACC-104647,tier 2,7,3,49,yes,switch to competitor
STRM-104644,ACC-104648,tier 2,7,3,291,no,
STRM-104645,ACC-104649,tier 3,5,3,24,yes,not enough content
STRM-104646,ACC-104650,tier 1,10,3,259,yes,not enough content
STRM-104647,ACC-104651,tier 1,10,3,504,no,
STRM-104648,ACC-104652,tier 2,7,3,303,no,
STRM-104649,ACC-104653,tier 2,7,3,294,yes,not enough content
STRM-104650,ACC-104654,tier 3,5,3,123,yes,too expensive
STRM-104651,ACC-104655,tier 2,7,3,235,no,
STRM-104652,ACC-104656,tier 1,10,3,298,yes,not enough content
STRM-104653,ACC-104657,tier 3,5,3,342,no,
STRM-104654,ACC-104658,tier 2,7,3,56,yes,too expensive
STRM-104655,ACC-104659,tier 1,10,3,22,yes,switch to competitor
STRM-104656,ACC-104660,tier 2,7,3,581,no,
STRM-104657,ACC-104661,tier 2,7,3,408,no,
STRM-104658,ACC-104662,tier 2,7,3,502,no,
STRM-104659,ACC-104663,tier 2,7,3,519,no,
STRM-104660,ACC-104664,tier 3,5,3,526,no,
STRM-104661,ACC-104665,tier 3,5,3,22,yes,not enough content
STRM-104662,ACC-104666,tier 2,7,3,385,no,
STRM-104663,ACC-104667,tier 1,10,3,362,no,
STRM-104664,ACC-104668,tier 3,5,3,271,no,
STRM-104665,ACC-104669,tier 2,7,3,516,no,
STRM-104666,ACC-104670,tier 2,7,3,212,yes,not enough content
STRM-104667,ACC-104671,tier 2,7,3,584,no,
STRM-104668,ACC-104672,tier 3,5,3,97,yes,not enough content
STRM-104669,ACC-104673,tier 2,7,3,233,no,
STRM-104670,ACC-104674,tier 1,10,3,518,no,
STRM-104671,ACC-104675,tier 2,7,3,576,no,
STRM-104672,ACC-104676,tier 3,5,3,326,yes,switch to competitor
STRM-104673,ACC-104677,tier 1,10,3,537,no,
STRM-104674,ACC-104678,tier 3,5,3,178,yes,not enough content
STRM-104675,ACC-104679,tier 2,7,3,463,no,
STRM-104676,ACC-104680,tier 2,7,3,430,no,
STRM-104677,ACC-104681,tier 2,7,3,297,yes,too expensive
STRM-104678,ACC-104682,tier 1,10,3,509,no,
STRM-104679,ACC-104683,tier 3,5,3,425,no,
STRM-104680,ACC-104684,tier 2,7,3,532,no,
STRM-104681,ACC-104685,tier 3,5,3,152,yes,switch to competitor
STRM-104682,ACC-104686,tier 2,7,3,300,no,
STRM-104683,ACC-104687,tier 1,10,3,456,no,
STRM-104684,ACC-104688,tier 1,10,3,21,yes,switch to competitor
STRM-104685,ACC-104689,tier 2,7,3,392,no,
STRM-104686,ACC-104690,tier 3,5,3,175,yes,switch to competitor
STRM-104687,ACC-104691,tier 2,7,3,570,no,
STRM-104688,ACC-104692,tier 2,7,3,353,no,
STRM-104689,ACC-104693,tier 2,7,3,403,no,
STRM-104690,ACC-104694,tier 2,7,3,36,yes,switch to competitor
STRM-104691,ACC-104695,tier 2,7,3,538,no,
STRM-104692,ACC-104696,tier 3,5,3,356,yes,switch to competitor
STRM-104693,ACC-104697,tier 2,7,3,107,yes,too expensive
STRM-104694,ACC-104698,tier 2,7,3,563,no,
STRM-104695,ACC-104699,tier 1,10,3,387,no,
STRM-104696,ACC-104700,tier 3,5,3,493,no,
STRM-104697,ACC-104701,tier 1,10,3,375,no,
STRM-104698,ACC-104702,tier 1,10,3,30,yes,switch to competitor
STRM-104699,ACC-104703,tier 2,7,3,226,yes,not enough content
STRM-104700,ACC-104704,tier 2,7,3,84,yes,switch to competitor
STRM-104701,ACC-104705,tier 2,7,3,518,no,
STRM-104702,ACC-104706,tier 2,7,3,144,yes,switch to competitor
STRM-104703,ACC-104707,tier 3,5,3,245,no,
STRM-104704,ACC-104708,tier 1,10,3,241,no,
STRM-104705,ACC-104709,tier 3,5,3,175,yes,switch to competitor
STRM-104706,ACC-104710,tier 2,7,3,575,no,
STRM-104707,ACC-104711,tier 2,7,3,486,no,
STRM-104708,ACC-104712,tier 2,7,3,358,no,
STRM-104709,ACC-104713,tier 2,7,3,490,no,
STRM-104710,ACC-104714,tier 3,5,3,335,yes,switch to competitor
STRM-104711,ACC-104715,tier 2,7,3,225,no,
STRM-104712,ACC-104716,tier 2,7,3,549,no,
STRM-104713,ACC-104717,tier 2,7,3,319,no,
STRM-104714,ACC-104718,tier 3,5,3,148,yes,switch to competitor
STRM-104715,ACC-104719,tier 2,7,3,558,no,
STRM-104716,ACC-104720,tier 3,5,3,536,no,
STRM-104717,ACC-104721,tier 2,7,3,31,yes,too expensive
STRM-104718,ACC-104722,tier 1,10,3,534,no,
STRM-104719,ACC-104723,tier 1,10,3,49,yes,too expensive
STRM-104720,ACC-104724,tier 2,7,3,306,no,
STRM-104721,ACC-104725,tier 1,10,3,397,no,
STRM-104722,ACC-104726,tier 1,10,3,584,no,
STRM-104723,ACC-104727,tier 3,5,3,272,yes,switch to competitor
STRM-104724,ACC-104728,tier 3,5,3,452,no,
STRM-104725,ACC-104729,tier 2,7,3,549,no,
STRM-104726,ACC-104730,tier 1,10,3,358,no,
STRM-104727,ACC-104731,tier 1,10,3,547,no,
STRM-104728,ACC-104732,tier 1,10,3,344,yes,too expensive
STRM-104729,ACC-104733,tier 2,7,3,290,no,
STRM-104730,ACC-104734,tier 3,5,3,495,no,
STRM-104731,ACC-104735,tier 2,7,3,250,yes,not enough content
STRM-104732,ACC-104736,tier 1,10,3,361,no,
STRM-104733,ACC-104737,tier 2,7,3,48,yes,switch to competitor
STRM-104734,ACC-104738,tier 2,7,3,557,no,
STRM-104735,ACC-104739,tier 2,7,3,231,no,
STRM-104736,ACC-104740,tier 2,7,3,352,no,
STRM-104737,ACC-104741,tier 2,7,3,544,no,
STRM-104738,ACC-104742,tier 1,10,3,475,no,
STRM-104739,ACC-104743,tier 1,10,3,75,yes,not enough content
STRM-104740,ACC-104744,tier 3,5,3,374,no,
STRM-104741,ACC-104745,tier 1,10,3,132,yes,not enough content
STRM-104742,ACC-104746,tier 1,10,3,483,no,
STRM-104743,ACC-104747,tier 1,10,3,133,yes,switch to competitor
STRM-104744,ACC-104748,tier 1,10,3,587,no,
STRM-104745,ACC-104749,tier 2,7,3,37,yes,not enough content
STRM-104746,ACC-104750,tier 3,5,3,583,no,
STRM-104747,ACC-104751,tier 2,7,3,565,no,
STRM-104748,ACC-104752,tier 2,7,3,211,yes,not enough content
STRM-104749,ACC-104753,tier 2,7,3,456,no,
STRM-104750,ACC-104754,tier 2,7,3,508,no,
STRM-104751,ACC-104755,tier 3,5,3,500,no,
STRM-104752,ACC-104756,tier 3,5,3,554,no,
STRM-104753,ACC-104757,tier 1,10,3,558,no,
STRM-104754,ACC-104758,tier 3,5,3,196,yes,not enough content
STRM-104755,ACC-104759,tier 2,7,3,291,no,
STRM-104756,ACC-104760,tier 3,5,3,482,no,
STRM-104757,ACC-104761,tier 2,7,3,214,yes,switch to competitor
STRM-104758,ACC-104762,tier 3,5,3,42,yes,switch to competitor
STRM-104759,ACC-104763,tier 3,5,3,290,yes,not enough content
STRM-104760,ACC-104764,tier 1,10,3,292,no,
STRM-104761,ACC-104765,tier 2,7,3,275,no,
STRM-104762,ACC-104766,tier 3,5,3,515,no,
STRM-104763,ACC-104767,tier 3,5,3,550,no,
STRM-104764,ACC-104768,tier 1,10,3,507,no,
STRM-104765,ACC-104769,tier 2,7,3,60,yes,switch to competitor
STRM-104766,ACC-104770,tier 2,7,3,260,yes,switch to competitor
STRM-104767,ACC-104771,tier 1,10,3,521,no,
STRM-104768,ACC-104772,tier 2,7,3,471,no,
STRM-104769,ACC-104773,tier 1,10,3,383,no,
STRM-104770,ACC-104774,tier 3,5,3,425,no,
STRM-104771,ACC-104775,tier 2,7,3,392,no,
STRM-104772,ACC-104776,tier 3,5,3,371,no,
STRM-104773,ACC-104777,tier 1,10,3,296,no,
STRM-104774,ACC-104778,tier 2,7,3,518,no,
STRM-104775,ACC-104779,tier 1,10,3,534,no,
STRM-104776,ACC-104780,tier 1,10,3,583,no,
STRM-104777,ACC-104781,tier 1,10,3,517,no,
STRM-104778,ACC-104782,tier 1,10,3,467,no,
STRM-104779,ACC-104783,tier 2,7,3,286,no,
STRM-104780,ACC-104784,tier 2,7,3,55,yes,not enough content
STRM-104781,ACC-104785,tier 2,7,3,541,no,
STRM-104782,ACC-104786,tier 2,7,3,243,no,
STRM-104783,ACC-104787,tier 3,5,3,22,yes,switch to competitor
STRM-104784,ACC-104788,tier 3,5,3,567,no,
STRM-104785,ACC-104789,tier 2,7,3,255,yes,too expensive
STRM-104786,ACC-104790,tier 2,7,3,540,no,
STRM-104787,ACC-104791,tier 1,10,3,414,no,
STRM-104788,ACC-104792,tier 3,5,3,448,no,
STRM-104789,ACC-104793,tier 1,10,3,107,yes,switch to competitor
STRM-104790,ACC-104794,tier 2,7,3,311,no,
STRM-104791,ACC-104795,tier 2,7,3,344,no,
STRM-104792,ACC-104796,tier 2,7,3,328,no,
STRM-104793,ACC-104797,tier 1,10,3,65,yes,too expensive
STRM-104794,ACC-104798,tier 3,5,3,38,yes,not enough content
STRM-104795,ACC-104799,tier 1,10,3,304,no,
STRM-104796,ACC-104800,tier 2,7,3,534,no,
STRM-104797,ACC-104801,tier 1,10,3,435,no,
STRM-104798,ACC-104802,tier 1,10,3,63,yes,switch to competitor
STRM-104799,ACC-104803,tier 3,5,3,266,yes,not enough content
STRM-104800,ACC-104804,tier 1,10,3,297,no,
STRM-104801,ACC-104805,tier 3,5,3,582,no,
STRM-104802,ACC-104806,tier 2,7,3,277,yes,not enough content
STRM-104803,ACC-104807,tier 1,10,3,384,no,
STRM-104804,ACC-104808,tier 3,5,3,404,no,
STRM-104805,ACC-104809,tier 1,10,3,443,no,
STRM-104806,ACC-104810,tier 3,5,3,550,no,
STRM-104807,ACC-104811,tier 1,10,3,175,yes,not enough content
STRM-104808,ACC-104812,tier 3,5,3,506,no,
STRM-104809,ACC-104813,tier 1,10,3,285,no,
STRM-104810,ACC-104814,tier 2,7,3,162,yes,not enough content
STRM-104811,ACC-104815,tier 3,5,3,569,no,
STRM-104812,ACC-104816,tier 3,5,3,14,yes,not enough content
STRM-104813,ACC-104817,tier 3,5,3,388,no,
STRM-104814,ACC-104818,tier 3,5,3,581,no,
STRM-104815,ACC-104819,tier 3,5,3,486,no,
STRM-104816,ACC-104820,tier 1,10,3,251,no,
STRM-104817,ACC-104821,tier 2,7,3,132,yes,switch to competitor
STRM-104818,ACC-104822,tier 2,7,3,224,no,
STRM-104819,ACC-104823,tier 2,7,3,486,no,
STRM-104820,ACC-104824,tier 2,7,3,441,no,
STRM-104821,ACC-104825,tier 2,7,3,351,no,
STRM-104822,ACC-104826,tier 1,10,3,47,yes,too expensive
STRM-104823,ACC-104827,tier 2,7,3,460,no,
STRM-104824,ACC-104828,tier 1,10,3,145,yes,switch to competitor
STRM-104825,ACC-104829,tier 2,7,3,327,no,
STRM-104826,ACC-104830,tier 2,7,3,271,no,
STRM-104827,ACC-104831,tier 3,5,3,231,no,
STRM-104828,ACC-104832,tier 2,7,3,476,no,
STRM-104829,ACC-104833,tier 2,7,3,334,no,
STRM-104830,ACC-104834,tier 1,10,3,193,yes,switch to competitor
STRM-104831,ACC-104835,tier 2,7,3,26,yes,switch to competitor
STRM-104832,ACC-104836,tier 1,10,3,314,no,
STRM-104833,ACC-104837,tier 2,7,3,518,no,
STRM-104834,ACC-104838,tier 2,7,3,236,no,
STRM-104835,ACC-104839,tier 1,10,3,227,no,
STRM-104836,ACC-104840,tier 2,7,3,284,no,
STRM-104837,ACC-104841,tier 3,5,3,428,no,
STRM-104838,ACC-104842,tier 3,5,3,164,yes,switch to competitor
STRM-104839,ACC-104843,tier 2,7,3,572,no,
STRM-104840,ACC-104844,tier 1,10,3,549,no,
STRM-104841,ACC-104845,tier 1,10,3,114,yes,too expensive
STRM-104842,ACC-104846,tier 2,7,3,475,no,
STRM-104843,ACC-104847,tier 3,5,3,480,no,
STRM-104844,ACC-104848,tier 1,10,3,87,yes,switch to competitor
STRM-104845,ACC-104849,tier 3,5,3,149,yes,not enough content
STRM-104846,ACC-104850,tier 1,10,3,469,no,
STRM-104847,ACC-104851,tier 3,5,3,104,yes,switch to competitor
STRM-104848,ACC-104852,tier 2,7,3,277,no,
STRM-104849,ACC-104853,tier 3,5,3,121,yes,switch to competitor
STRM-104850,ACC-104854,tier 2,7,3,324,no,
STRM-104851,ACC-104855,tier 2,7,3,301,no,
STRM-104852,ACC-104856,tier 1,10,3,154,yes,too expensive
STRM-104853,ACC-104857,tier 1,10,3,472,no,
STRM-104854,ACC-104858,tier 3,5,3,285,no,
STRM-104855,ACC-104859,tier 3,5,3,341,no,
STRM-104856,ACC-104860,tier 3,5,3,381,no,
STRM-104857,ACC-104861,tier 2,7,3,495,no,
STRM-104858,ACC-104862,tier 3,5,3,547,no,
STRM-104859,ACC-104863,tier 1,10,3,257,no,
STRM-104860,ACC-104864,tier 2,7,3,420,no,
STRM-104861,ACC-104865,tier 2,7,3,483,no,
STRM-104862,ACC-104866,tier 2,7,3,502,no,
STRM-104863,ACC-104867,tier 2,7,3,337,yes,too expensive
STRM-104864,ACC-104868,tier 1,10,3,245,no,
STRM-104865,ACC-104869,tier 2,7,3,528,no,
STRM-104866,ACC-104870,tier 3,5,3,301,no,
STRM-104867,ACC-104871,tier 2,7,3,362,no,
STRM-104868,ACC-104872,tier 1,10,3,333,yes,not enough content
STRM-104869,ACC-104873,tier 1,10,3,266,yes,switch to competitor
STRM-104870,ACC-104874,tier 1,10,3,97,yes,switch to competitor
STRM-104871,ACC-104875,tier 2,7,3,527,no,
STRM-104872,ACC-104876,tier 2,7,3,253,yes,switch to competitor
STRM-104873,ACC-104877,tier 2,7,3,585,no,
STRM-104874,ACC-104878,tier 2,7,3,381,no,
STRM-104875,ACC-104879,tier 2,7,3,232,no,
STRM-104876,ACC-104880,tier 3,5,3,19,yes,not enough content
STRM-104877,ACC-104881,tier 1,10,3,444,no,
STRM-104878,ACC-104882,tier 2,7,3,351,yes,too expensive
STRM-104879,ACC-104883,tier 3,5,3,190,yes,not enough content
STRM-104880,ACC-104884,tier 1,10,3,232,yes,switch to competitor
STRM-104881,ACC-104885,tier 1,10,3,77,yes,too expensive
STRM-104882,ACC-104886,tier 3,5,3,561,no,
STRM-104883,ACC-104887,tier 2,7,3,313,no,
STRM-104884,ACC-104888,tier 2,7,3,264,no,
STRM-104885,ACC-104889,tier 1,10,3,475,no,
STRM-104886,ACC-104890,tier 2,7,3,394,no,
STRM-104887,ACC-104891,tier 2,7,3,327,no,
STRM-104888,ACC-104892,tier 1,10,3,565,no,
STRM-104889,ACC-104893,tier 2,7,3,266,no,
STRM-104890,ACC-104894,tier 1,10,3,573,no,
STRM-104891,ACC-104895,tier 2,7,3,37,yes,too expensive
STRM-104892,ACC-104896,tier 1,10,3,512,no,
STRM-104893,ACC-104897,tier 1,10,3,499,no,
STRM-104894,ACC-104898,tier 2,7,3,45,yes,not enough content
STRM-104895,ACC-104899,tier 1,10,3,513,no,
STRM-104896,ACC-104900,tier 3,5,3,494,no,
STRM-104897,ACC-104901,tier 1,10,3,550,no,
STRM-104898,ACC-104902,tier 2,7,3,238,no,
STRM-104899,ACC-104903,tier 1,10,3,277,yes,too expensive
STRM-104900,ACC-104904,tier 2,7,3,303,no,
STRM-104901,ACC-104905,tier 3,5,3,269,no,
STRM-104902,ACC-104906,tier 1,10,3,489,no,
STRM-104903,ACC-104907,tier 3,5,3,477,no,
STRM-104904,ACC-104908,tier 1,10,3,255,no,
STRM-104905,ACC-104909,tier 2,7,3,16,yes,too expensive
STRM-104906,ACC-104910,tier 2,7,3,317,yes,switch to competitor
STRM-104907,ACC-104911,tier 3,5,3,505,no,
STRM-104908,ACC-104912,tier 2,7,3,283,no,
STRM-104909,ACC-104913,tier 2,7,3,354,no,
STRM-104910,ACC-104914,tier 1,10,3,452,no,
STRM-104911,ACC-104915,tier 1,10,3,276,no,
STRM-104912,ACC-104916,tier 3,5,3,438,no,
STRM-104913,ACC-104917,tier 2,7,3,235,no,
STRM-104914,ACC-104918,tier 2,7,3,7,yes,switch to competitor
STRM-104915,ACC-104919,tier 3,5,3,92,yes,too expensive
STRM-104916,ACC-104920,tier 2,7,3,160,yes,too expensive
STRM-104917,ACC-104921,tier 3,5,3,184,yes,not enough content
STRM-104918,ACC-104922,tier 2,7,3,323,no,
STRM-104919,ACC-104923,tier 2,7,3,251,yes,not enough content
STRM-104919,ACC-104924,tier 3,5,3,251,yes,too expensive
STRM-104920,ACC-104925,tier 1,10,3,158,yes,switch to competitor
STRM-104921,ACC-104926,tier 2,7,3,289,no,
STRM-104922,ACC-104927,tier 2,7,3,116,yes,too expensive
STRM-104923,ACC-104928,tier 1,10,3,205,yes,too expensive
STRM-104924,ACC-104929,tier 2,7,3,280,yes,switch to competitor
STRM-104925,ACC-104930,tier 3,5,3,392,no,
STRM-104926,ACC-104931,tier 2,7,3,290,no,
STRM-104927,ACC-104932,tier 2,7,3,52,yes,switch to competitor
STRM-104928,ACC-104933,tier 3,5,3,56,yes,not enough content
STRM-104929,ACC-104934,tier 2,7,3,81,yes,not enough content
STRM-104930,ACC-104935,tier 2,7,3,335,no,
STRM-104931,ACC-104936,tier 2,7,3,366,no,
STRM-104932,ACC-104937,tier 3,5,3,320,no,
STRM-104933,ACC-104938,tier 2,7,3,462,no,
STRM-104934,ACC-104939,tier 3,5,3,282,no,
STRM-104935,ACC-104940,tier 3,5,3,573,no,
STRM-104936,ACC-104941,tier 2,7,3,563,no,
STRM-104937,ACC-104942,tier 2,7,3,83,yes,not enough content
STRM-104938,ACC-104943,tier 3,5,3,219,yes,not enough content
STRM-104939,ACC-104944,tier 2,7,3,528,no,
STRM-104940,ACC-104945,tier 3,5,3,287,yes,switch to competitor
STRM-104941,ACC-104946,tier 3,5,3,286,no,
STRM-104942,ACC-104947,tier 2,7,3,392,no,
STRM-104943,ACC-104948,tier 2,7,3,583,no,
STRM-104944,ACC-104949,tier 3,5,3,323,no,
STRM-104945,ACC-104950,tier 3,5,3,73,yes,too expensive
STRM-104946,ACC-104951,tier 2,7,3,455,no,
STRM-104947,ACC-104952,tier 1,10,3,73,yes,not enough content
STRM-104948,ACC-104953,tier 2,7,3,315,no,
STRM-104949,ACC-104954,tier 2,7,3,251,no,
STRM-104950,ACC-104955,tier 2,7,3,273,no,
STRM-104951,ACC-104956,tier 2,7,3,171,yes,not enough content
STRM-104952,ACC-104957,tier 2,7,3,430,no,
STRM-104953,ACC-104958,tier 2,7,3,527,no,
STRM-104954,ACC-104959,tier 1,10,3,252,no,
STRM-104955,ACC-104960,tier 2,7,3,539,no,
STRM-104956,ACC-104961,tier 2,7,3,488,no,
STRM-104957,ACC-104962,tier 1,10,3,557,no,
STRM-104958,ACC-104963,tier 2,7,3,513,no,
STRM-104959,ACC-104964,tier 2,7,3,487,no,
STRM-104960,ACC-104965,tier 2,7,3,568,no,
STRM-104961,ACC-104966,tier 1,10,3,224,yes,switch to competitor
STRM-104962,ACC-104967,tier 3,5,3,450,no,
STRM-104963,ACC-104968,tier 2,7,3,315,no,
STRM-104964,ACC-104969,tier 3,5,3,20,yes,switch to competitor
STRM-104965,ACC-104970,tier 2,7,3,325,yes,too expensive
STRM-104966,ACC-104971,tier 2,7,3,347,yes,too expensive
STRM-104967,ACC-104972,tier 3,5,3,341,no,
STRM-104968,ACC-104973,tier 2,7,3,285,no,
STRM-104969,ACC-104974,tier 2,7,3,52,yes,switch to competitor
STRM-104970,ACC-104975,tier 2,7,3,407,no,
STRM-104971,ACC-104976,tier 2,7,3,112,yes,not enough content
STRM-104972,ACC-104977,tier 1,10,3,450,no,
STRM-104973,ACC-104978,tier 1,10,3,401,no,
STRM-104974,ACC-104979,tier 1,10,3,564,no,
STRM-104975,ACC-104980,tier 1,10,3,443,no,
STRM-104976,ACC-104981,tier 3,5,3,429,no,
STRM-104977,ACC-104982,tier 1,10,3,223,yes,not enough content
STRM-104978,ACC-104983,tier 2,7,3,39,yes,not enough content
STRM-104979,ACC-104984,tier 3,5,3,393,no,
STRM-104980,ACC-104985,tier 2,7,3,325,no,
STRM-104981,ACC-104986,tier 1,10,3,446,no,
STRM-104982,ACC-104987,tier 2,7,3,312,no,
STRM-104983,ACC-104988,tier 2,7,3,277,no,
STRM-104984,ACC-104989,tier 2,7,3,234,no,
STRM-104985,ACC-104990,tier 3,5,3,467,no,
STRM-104986,ACC-104991,tier 3,5,3,336,yes,too expensive
STRM-104987,ACC-104992,tier 2,7,3,578,no,
STRM-104988,ACC-104993,tier 2,7,3,367,no,
STRM-104989,ACC-104994,tier 2,7,3,283,no,
STRM-104990,ACC-104995,tier 1,10,3,230,no,
STRM-104991,ACC-104996,tier 3,5,3,548,no,
STRM-104992,ACC-104997,tier 1,10,3,389,no,
STRM-104993,ACC-104998,tier 2,7,3,447,no,
STRM-104994,ACC-104999,tier 3,5,3,261,yes,not enough content
STRM-104995,ACC-105000,tier 2,7,3,284,no,
STRM-104996,ACC-105001,tier 2,7,3,238,no,
STRM-104997,ACC-105002,tier 2,7,3,428,no,
STRM-104998,ACC-105003,tier 3,5,3,120,yes,not enough content
STRM-104999,ACC-105004,tier 2,7,3,7,yes,switch to competitor
STRM-105000,ACC-105005,tier 3,5,3,488,no,
STRM-105001,ACC-105006,tier 1,10,3,327,yes,not enough content
STRM-105002,ACC-105007,tier 3,5,3,449,no,
STRM-105003,ACC-105008,tier 3,5,3,199,yes,switch to competitor
STRM-105004,ACC-105009,tier 1,10,3,293,no,
STRM-105005,ACC-105010,tier 2,7,3,582,no,
STRM-105006,ACC-105011,tier 1,10,3,315,no,
STRM-105007,ACC-105012,tier 2,7,3,21,yes,not enough content
STRM-105008,ACC-105013,tier 2,7,3,383,no,
STRM-105009,ACC-105014,tier 2,7,3,567,no,
STRM-105010,ACC-105015,tier 1,10,3,399,no,
STRM-105011,ACC-105016,tier 1,10,3,264,no,
STRM-105012,ACC-105017,tier 1,10,3,478,no,
STRM-105013,ACC-105018,tier 2,7,3,257,yes,too expensive
STRM-105014,ACC-105019,tier 2,7,3,402,no,
STRM-105015,ACC-105020,tier 3,5,3,508,no,
STRM-105016,ACC-105021,tier 2,7,3,349,no,
STRM-105017,ACC-105022,tier 2,7,3,294,no,
STRM-105018,ACC-105023,tier 3,5,3,563,no,
STRM-105019,ACC-105024,tier 2,7,3,296,yes,not enough content
STRM-105020,ACC-105025,tier 3,5,3,250,no,
STRM-105021,ACC-105026,tier 2,7,3,425,no,
STRM-105022,ACC-105027,tier 2,7,3,218,yes,not enough content
STRM-105023,ACC-105028,tier 1,10,3,303,no,
STRM-105024,ACC-105029,tier 2,7,3,308,no,
STRM-105025,ACC-105030,tier 1,10,3,480,no,
STRM-105026,ACC-105031,tier 2,7,3,381,no,
STRM-105027,ACC-105032,tier 2,7,3,525,no,
STRM-105028,ACC-105033,tier 2,7,3,230,no,
STRM-105029,ACC-105034,tier 2,7,3,379,no,
STRM-105030,ACC-105035,tier 1,10,3,311,no,
STRM-105031,ACC-105036,tier 2,7,3,135,yes,switch to competitor
STRM-105032,ACC-105037,tier 2,7,3,521,no,
STRM-105033,ACC-105038,tier 3,5,3,402,no,
STRM-105034,ACC-105039,tier 2,7,3,586,no,
STRM-105035,ACC-105040,tier 3,5,3,110,yes,switch to competitor
STRM-105036,ACC-105041,tier 3,5,3,319,no,
STRM-105037,ACC-105042,tier 2,7,3,497,no,
STRM-105038,ACC-105043,tier 1,10,3,286,no,
STRM-105039,ACC-105044,tier 2,7,3,225,no,
STRM-105040,ACC-105045,tier 2,7,3,539,no,
STRM-105041,ACC-105046,tier 2,7,3,561,no,
STRM-105042,ACC-105047,tier 2,7,3,324,yes,switch to competitor
STRM-105043,ACC-105048,tier 2,7,3,211,yes,not enough content
STRM-105044,ACC-105049,tier 2,7,3,419,no,
STRM-105045,ACC-105050,tier 2,7,3,423,no,
STRM-105046,ACC-105051,tier 1,10,3,245,no,
STRM-105047,ACC-105052,tier 3,5,3,237,no,
STRM-105048,ACC-105053,tier 1,10,3,233,no,
STRM-105049,ACC-105054,tier 1,10,3,453,no,
STRM-105050,ACC-105055,tier 2,7,3,493,no,
STRM-105051,ACC-105056,tier 2,7,3,338,no,
STRM-105052,ACC-105057,tier 2,7,3,227,no,
STRM-105053,ACC-105058,tier 2,7,3,239,no,
STRM-105054,ACC-105059,tier 2,7,3,456,no,
STRM-105055,ACC-105060,tier 2,7,3,242,yes,not enough content
STRM-105056,ACC-105061,tier 3,5,3,285,no,
STRM-105057,ACC-105062,tier 3,5,3,122,yes,too expensive
STRM-105058,ACC-105063,tier 2,7,3,91,yes,not enough content
STRM-105059,ACC-105064,tier 2,7,3,466,no,
STRM-105060,ACC-105065,tier 2,7,3,12,yes,too expensive
STRM-105061,ACC-105066,tier 1,10,3,499,no,
STRM-105062,ACC-105067,tier 2,7,3,436,no,
STRM-105063,ACC-105068,tier 2,7,3,360,yes,switch to competitor
STRM-105064,ACC-105069,tier 3,5,3,196,yes,switch to competitor
STRM-105065,ACC-105070,tier 1,10,3,335,yes,switch to competitor
STRM-105066,ACC-105071,tier 2,7,3,235,no,
STRM-105067,ACC-105072,tier 2,7,3,475,no,
STRM-105068,ACC-105073,tier 2,7,3,219,yes,too expensive
STRM-105069,ACC-105074,tier 1,10,3,143,yes,not enough content
STRM-105070,ACC-105075,tier 3,5,3,349,no,
STRM-105071,ACC-105076,tier 2,7,3,329,no,
STRM-105072,ACC-105077,tier 2,7,3,43,yes,switch to competitor
STRM-105073,ACC-105078,tier 1,10,3,303,no,
STRM-105074,ACC-105079,tier 2,7,3,571,no,
STRM-105075,ACC-105080,tier 2,7,3,107,yes,not enough content
STRM-105076,ACC-105081,tier 1,10,3,569,no,
STRM-105077,ACC-105082,tier 1,10,3,335,no,
STRM-105078,ACC-105083,tier 3,5,3,401,no,
STRM-105079,ACC-105084,tier 1,10,3,518,no,
STRM-105080,ACC-105085,tier 1,10,3,265,yes,not enough content
STRM-105081,ACC-105086,tier 2,7,3,328,no,
STRM-105082,ACC-105087,tier 3,5,3,87,yes,switch to competitor
STRM-105083,ACC-105088,tier 1,10,3,427,no,
STRM-105084,ACC-105089,tier 2,7,3,97,yes,too expensive
STRM-105085,ACC-105090,tier 1,10,3,70,yes,not enough content
STRM-105086,ACC-105091,tier 1,10,3,58,yes,switch to competitor
STRM-105087,ACC-105092,tier 1,10,3,47,yes,not enough content
STRM-105088,ACC-105093,tier 3,5,3,5,yes,not enough content
STRM-105089,ACC-105094,tier 1,10,3,365,no,
STRM-105090,ACC-105095,tier 1,10,3,251,yes,not enough content
STRM-105091,ACC-105096,tier 2,7,3,537,no,
STRM-105092,ACC-105097,tier 3,5,3,535,no,
STRM-105093,ACC-105098,tier 2,7,3,460,no,
STRM-105094,ACC-105099,tier 2,7,3,358,no,
STRM-105095,ACC-105100,tier 1,10,3,62,yes,not enough content
STRM-105096,ACC-105101,tier 2,7,3,262,no,
STRM-105097,ACC-105102,tier 2,7,3,330,no,
STRM-105098,ACC-105103,tier 2,7,3,484,no,
STRM-105099,ACC-105104,tier 2,7,3,420,no,
STRM-105100,ACC-105105,tier 2,7,3,321,no,
STRM-105101,ACC-105106,tier 1,10,3,458,no,
STRM-105102,ACC-105107,tier 2,7,3,125,yes,not enough content
STRM-105103,ACC-105108,tier 1,10,3,347,yes,too expensive
STRM-105104,ACC-105109,tier 3,5,3,361,no,
STRM-105105,ACC-105110,tier 3,5,3,241,no,
STRM-105106,ACC-105111,tier 3,5,3,485,no,
STRM-105107,ACC-105112,tier 3,5,3,558,no,
STRM-105108,ACC-105113,tier 2,7,3,392,no,
STRM-105109,ACC-105114,tier 2,7,3,423,no,
STRM-105110,ACC-105115,tier 2,7,3,329,no,
STRM-105111,ACC-105116,tier 2,7,3,24,yes,too expensive
STRM-105112,ACC-105117,tier 2,7,3,181,yes,switch to competitor
STRM-105113,ACC-105118,tier 2,7,3,348,no,
STRM-105114,ACC-105119,tier 3,5,3,391,no,
STRM-105115,ACC-105120,tier 2,7,3,93,yes,too expensive
STRM-105116,ACC-105121,tier 2,7,3,552,no,
STRM-105117,ACC-105122,tier 3,5,3,534,no,
STRM-105118,ACC-105123,tier 1,10,3,329,yes,too expensive
STRM-105119,ACC-105124,tier 2,7,3,586,no,
STRM-105120,ACC-105125,tier 3,5,3,156,yes,too expensive
STRM-105121,ACC-105126,tier 2,7,3,80,yes,not enough content
STRM-105122,ACC-105127,tier 2,7,3,379,no,
STRM-105123,ACC-105128,tier 1,10,3,451,no,
STRM-105124,ACC-105129,tier 2,7,3,500,no,
STRM-105125,ACC-105130,tier 3,5,3,51,yes,not enough content
STRM-105126,ACC-105131,tier 2,7,3,553,no,
STRM-105127,ACC-105132,tier 2,7,3,367,no,
STRM-105128,ACC-105133,tier 1,10,3,116,yes,switch to competitor
STRM-105129,ACC-105134,tier 1,10,3,192,yes,switch to competitor
STRM-105130,ACC-105135,tier 3,5,3,403,no,
STRM-105131,ACC-105136,tier 2,7,3,202,yes,switch to competitor
STRM-105132,ACC-105137,tier 2,7,3,171,yes,not enough content
STRM-105133,ACC-105138,tier 1,10,3,424,no,
STRM-105134,ACC-105139,tier 2,7,3,460,no,
STRM-105135,ACC-105140,tier 3,5,3,16,yes,too expensive
STRM-105136,ACC-105141,tier 2,7,3,513,no,
STRM-105137,ACC-105142,tier 1,10,3,183,yes,too expensive
STRM-105138,ACC-105143,tier 2,7,3,445,no,
STRM-105139,ACC-105144,tier 3,5,3,429,no,
STRM-105140,ACC-105145,tier 2,7,3,363,no,
STRM-105141,ACC-105146,tier 3,5,3,365,no,
STRM-105142,ACC-105147,tier 2,7,3,252,no,
STRM-105143,ACC-105148,tier 3,5,3,228,yes,not enough content
STRM-105144,ACC-105149,tier 2,7,3,587,no,
STRM-105145,ACC-105150,tier 1,10,3,260,no,
STRM-105146,ACC-105151,tier 2,7,3,296,no,
STRM-105147,ACC-105152,tier 1,10,3,369,no,
STRM-105148,ACC-105153,tier 3,5,3,308,no,
STRM-105149,ACC-105154,tier 3,5,3,353,no,
STRM-105150,ACC-105155,tier 2,7,3,481,no,
STRM-105151,ACC-105156,tier 2,7,3,587,no,
STRM-105152,ACC-105157,tier 1,10,3,36,yes,switch to competitor
STRM-105153,ACC-105158,tier 3,5,3,93,yes,switch to competitor
STRM-105154,ACC-105159,tier 2,7,3,289,yes,switch to competitor
STRM-105155,ACC-105160,tier 1,10,3,270,no,
STRM-105156,ACC-105161,tier 2,7,3,468,no,
STRM-105157,ACC-105162,tier 1,10,3,346,no,
STRM-105158,ACC-105163,tier 2,7,3,501,no,
STRM-105159,ACC-105164,tier 2,7,3,2,yes,not enough content
STRM-105160,ACC-105165,tier 1,10,3,311,no,
STRM-105161,ACC-105166,tier 3,5,3,306,no,
STRM-105162,ACC-105167,tier 1,10,3,423,no,
STRM-105163,ACC-105168,tier 1,10,3,334,no,
STRM-105164,ACC-105169,tier 1,10,3,312,no,
STRM-105165,ACC-105170,tier 3,5,3,481,no,
STRM-105166,ACC-105171,tier 2,7,3,555,no,
STRM-105167,ACC-105172,tier 2,7,3,291,no,
STRM-105168,ACC-105173,tier 1,10,3,157,yes,switch to competitor
STRM-105169,ACC-105174,tier 1,10,3,326,no,
STRM-105170,ACC-105175,tier 2,7,3,580,no,
STRM-105171,ACC-105176,tier 3,5,3,467,no,
STRM-105172,ACC-105177,tier 3,5,3,306,yes,switch to competitor
STRM-105173,ACC-105178,tier 1,10,3,194,yes,not enough content
STRM-105174,ACC-105179,tier 2,7,3,298,no,
STRM-105175,ACC-105180,tier 3,5,3,538,no,
STRM-105176,ACC-105181,tier 2,7,3,338,no,
STRM-105177,ACC-105182,tier 3,5,3,283,no,
STRM-105178,ACC-105183,tier 1,10,3,288,no,
STRM-105179,ACC-105184,tier 3,5,3,304,no,
STRM-105180,ACC-105185,tier 3,5,3,224,yes,too expensive
STRM-105181,ACC-105186,tier 3,5,3,433,no,
STRM-105182,ACC-105187,tier 2,7,3,427,no,
STRM-105183,ACC-105188,tier 2,7,3,327,no,
STRM-105184,ACC-105189,tier 3,5,3,415,no,
STRM-105185,ACC-105190,tier 2,7,3,339,no,
STRM-105186,ACC-105191,tier 2,7,3,28,yes,not enough content
STRM-105187,ACC-105192,tier 2,7,3,414,no,
STRM-105188,ACC-105193,tier 3,5,3,18,yes,not enough content
STRM-105189,ACC-105194,tier 3,5,3,344,no,
STRM-105190,ACC-105195,tier 1,10,3,448,no,
STRM-105191,ACC-105196,tier 3,5,3,429,no,
STRM-105192,ACC-105197,tier 2,7,3,549,no,
STRM-105193,ACC-105198,tier 1,10,3,31,yes,not enough content
STRM-105194,ACC-105199,tier 2,7,3,199,yes,not enough content
STRM-105195,ACC-105200,tier 2,7,3,422,no,
STRM-105196,ACC-105201,tier 2,7,3,569,no,
STRM-105197,ACC-105202,tier 3,5,3,360,no,
STRM-105198,ACC-105203,tier 2,7,3,210,yes,too expensive
STRM-105199,ACC-105204,tier 2,7,3,326,no,
STRM-105200,ACC-105205,tier 3,5,3,438,no,
STRM-105201,ACC-105206,tier 2,7,3,37,yes,switch to competitor
STRM-105202,ACC-105207,tier 3,5,3,520,no,
STRM-105203,ACC-105208,tier 2,7,3,333,no,
STRM-105204,ACC-105209,tier 3,5,3,66,yes,not enough content
STRM-105205,ACC-105210,tier 1,10,3,228,no,
STRM-105206,ACC-105211,tier 3,5,3,535,no,
STRM-105207,ACC-105212,tier 1,10,3,569,no,
STRM-105208,ACC-105213,tier 2,7,3,176,yes,too expensive
STRM-105209,ACC-105214,tier 3,5,3,472,no,
STRM-105210,ACC-105215,tier 2,7,3,398,no,
STRM-105211,ACC-105216,tier 2,7,3,462,no,
STRM-105212,ACC-105217,tier 2,7,3,482,no,
STRM-105213,ACC-105218,tier 2,7,3,458,no,
STRM-105214,ACC-105219,tier 1,10,3,265,no,
STRM-105215,ACC-105220,tier 1,10,3,322,yes,switch to competitor
STRM-105216,ACC-105221,tier 2,7,3,556,no,
STRM-105217,ACC-105222,tier 2,7,3,504,no,
STRM-105218,ACC-105223,tier 1,10,3,299,no,
STRM-105219,ACC-105224,tier 2,7,3,248,yes,switch to competitor
STRM-105220,ACC-105225,tier 2,7,3,7,yes,switch to competitor
STRM-105221,ACC-105226,tier 1,10,3,115,yes,not enough content
STRM-105222,ACC-105227,tier 2,7,3,524,no,
STRM-105223,ACC-105228,tier 3,5,3,350,yes,not enough content
STRM-105224,ACC-105229,tier 1,10,3,573,no,
STRM-105225,ACC-105230,tier 2,7,3,493,no,
STRM-105226,ACC-105231,tier 2,7,3,357,no,
STRM-105227,ACC-105232,tier 2,7,3,377,no,
STRM-105228,ACC-105233,tier 2,7,3,204,yes,switch to competitor
STRM-105229,ACC-105234,tier 2,7,3,572,no,
STRM-105230,ACC-105235,tier 2,7,3,7,yes,switch to competitor
STRM-105231,ACC-105236,tier 1,10,3,258,yes,switch to competitor
STRM-105232,ACC-105237,tier 2,7,3,339,no,
STRM-105233,ACC-105238,tier 2,7,3,357,no,
STRM-105234,ACC-105239,tier 1,10,3,433,no,
STRM-105235,ACC-105240,tier 2,7,3,438,no,
STRM-105236,ACC-105241,tier 3,5,3,409,no,
STRM-105237,ACC-105242,tier 2,7,3,142,yes,switch to competitor
STRM-105238,ACC-105243,tier 2,7,3,307,no,
STRM-105239,ACC-105244,tier 3,5,3,477,no,
STRM-105240,ACC-105245,tier 2,7,3,259,no,
STRM-105241,ACC-105246,tier 2,7,3,66,yes,switch to competitor
STRM-105242,ACC-105247,tier 3,5,3,364,no,
STRM-105243,ACC-105248,tier 3,5,3,277,no,
STRM-105244,ACC-105249,tier 2,7,3,273,yes,switch to competitor
STRM-105245,ACC-105250,tier 2,7,3,258,yes,too expensive
STRM-105246,ACC-105251,tier 2,7,3,384,no,
STRM-105247,ACC-105252,tier 3,5,3,588,no,
STRM-105248,ACC-105253,tier 2,7,3,235,yes,switch to competitor
STRM-105249,ACC-105254,tier 1,10,3,237,no,
STRM-105250,ACC-105255,tier 3,5,3,405,no,
